lin_vel_x,lin_vel_y,lin_vel_z,ang_vel_x,ang_vel_y,ang_vel_z,unit_des_x,unit_des_y,unit_des_z,des_dist_xy,des_dist_z,lidar_0,lidar_1,lidar_2,lidar_3,lidar_4,lidar_5,lidar_6,lidar_7,lidar_8,lidar_9,lidar_10,lidar_11,lidar_12,lidar_13,lidar_14,lidar_15,lidar_16,lidar_17,lidar_18,lidar_19,lidar_20,lidar_21,lidar_22,lidar_23,lidar_24,lidar_25,lidar_26,lidar_27,lidar_28,lidar_29,lidar_30,lidar_31,lidar_32,lidar_33,lidar_34,lidar_35,lidar_36,lidar_37,lidar_38,lidar_39,lidar_40,lidar_41,lidar_42,lidar_43,lidar_44,lidar_45,lidar_46,lidar_47,lidar_48,lidar_49,lidar_50,lidar_51,lidar_52,lidar_53,lidar_54,lidar_55,lidar_56,lidar_57,lidar_58,lidar_59
0.0,0.0,0.0,0.0,0.0,0.0,0.9364208579063416,-0.35063397884368896,0.013098654337227345,27.847768783569336,0.3647996187210083,"[5.0, 5.0, 5.0, 5.0, 5.0, 5.0, 5.0, 5.0, 5.0, 5.0, 5.0, 5.0, 5.0, 5.0, 5.0, 5.0, 5.0, 5.0, 5.0, 5.0, 5.0, 5.0, 5.0, 5.0, 5.0, 5.0, 5.0, 5.0, 5.0, 5.0, 5.0, 5.0, 5.0, 5.0, 5.0, 5.0, 5.0, 5.0, 5.0, 5.0, 5.0, 5.0, 5.0, 5.0, 5.0, 5.0, 5.0, 5.0, 5.0, 5.0, 5.0, 5.0, 5.0, 5.0, 5.0, 5.0, 5.0, 5.0, 5.0, 5.0]"
0.033859770745038986,0.02028273232281208,0.10087743401527405,-1.2589665651321411,8.322561264038086,-1.9213831424713135,0.9373170733451843,-0.32342931628227234,0.1297304481267929,27.622777938842773,3.6140565872192383,"[5.0, 5.0, 5.0, 5.0, 5.0, 5.0, 5.0, 5.0, 5.0, 5.0, 5.0, 5.0, 5.0, 5.0, 5.0, 5.0, 5.0, 5.0, 5.0, 5.0, 5.0, 5.0, 5.0, 5.0, 5.0, 5.0, 5.0, 5.0, 5.0, 5.0, 5.0, 5.0, 5.0, 5.0, 5.0, 5.0, 5.0, 5.0, 5.0, 5.0, 5.0, 5.0, 5.0, 5.0, 5.0, 5.0, 5.0, 5.0, 5.0, 5.0, 5.0, 5.0, 5.0, 5.0, 5.0, 5.0, 5.0, 5.0, 5.0, 5.0]"
0.041240476071834564,0.015153760090470314,0.341979056596756,-1.3791790008544922,12.30057144165039,-1.1027116775512695,0.8936671018600464,-0.3051902651786804,0.3289649188518524,26.319536209106445,9.168503761291504,"[5.0, 5.0, 5.0, 5.0, 5.0, 5.0, 5.0, 5.0, 5.0, 5.0, 5.0, 5.0, 5.0, 5.0, 5.0, 5.0, 5.0, 5.0, 5.0, 5.0, 5.0, 5.0, 5.0, 5.0, 5.0, 5.0, 5.0, 5.0, 5.0, 5.0, 5.0, 5.0, 5.0, 5.0, 5.0, 5.0, 5.0, 5.0, 5.0, 5.0, 5.0, 5.0, 5.0, 5.0, 5.0, 5.0, 5.0, 5.0, 5.0, 5.0, 5.0, 5.0, 5.0, 5.0, 5.0, 5.0, 5.0, 5.0, 5.0, 5.0]"
0.0036231442354619503,0.009850563481450081,0.6780281066894531,-0.1344849020242691,9.860440254211426,-0.10318906605243683,0.80855792760849,-0.30237191915512085,0.5047823190689087,24.0657901763916,14.072439193725586,"[5.0, 5.0, 5.0, 5.0, 5.0, 5.0, 4.870794296264648, 4.632232189178467, 4.422098636627197, 4.235989093780518, 4.070401668548584, 3.922482490539551, 3.7899062633514404, 3.670764446258545, 3.563457727432251, 3.46665358543396, 3.3792364597320557, 3.3002445697784424, 3.2288756370544434, 3.1644325256347656, 3.106321096420288, 3.0540311336517334, 3.007132053375244, 2.9652373790740967, 2.9280216693878174, 2.895209789276123, 2.8665623664855957, 2.841871976852417, 2.8209707736968994, 2.8037190437316895, 2.789999485015869, 2.7797207832336426, 2.7728195190429688, 2.7692506313323975, 2.768988609313965, 2.772033929824829, 2.7784063816070557, 2.7881460189819336, 2.8013172149658203, 2.8180041313171387, 2.8383188247680664, 2.862396240234375, 2.8904073238372803, 2.9225478172302246, 2.9590437412261963, 3.000180959701538, 3.0462658405303955, 3.097674608230591, 3.1548280715942383, 3.21823787689209, 3.288466215133667, 3.366199493408203, 3.4522290229797363, 3.5474729537963867, 3.653038740158081, 3.770212173461914, 3.90053653717041, 4.045888423919678, 4.2085137367248535, 4.3911542892456055]"
-0.027495913207530975,0.036879055202007294,1.0029983520507812,1.839607834815979,6.941459655761719,0.03874903917312622,0.7218900322914124,-0.2868657410144806,0.6297481060028076,21.654888153076172,17.555530548095703,"[4.221650123596191, 3.9823272228240967, 3.7734787464141846, 3.5899457931518555, 3.4276583194732666, 3.283409595489502, 3.154589891433716, 3.0391159057617188, 2.935246706008911, 2.8415353298187256, 2.756816864013672, 2.6800642013549805, 2.610438585281372, 2.5472023487091064, 2.4897594451904297, 2.437556028366089, 2.390150547027588, 2.347146511077881, 2.308194637298584, 2.273003339767456, 2.241314172744751, 2.2128994464874268, 2.187565326690674, 2.1651487350463867, 2.1455042362213135, 2.128502368927002, 2.114043712615967, 2.1020402908325195, 2.092419385910034, 2.0851240158081055, 2.0801150798797607, 2.0773606300354004, 2.0768468379974365, 2.07856822013855, 2.0825369358062744, 2.088775873184204, 2.0973172187805176, 2.108217239379883, 2.1215364933013916, 2.137354612350464, 2.155771017074585, 2.1768932342529297, 2.2008650302886963, 2.227837562561035, 2.2579944133758545, 2.2915432453155518, 2.3287341594696045, 2.369828224182129, 2.4151620864868164, 2.465104818344116, 2.520071029663086, 2.580573320388794, 2.647172689437866, 2.7205464839935303, 2.801492214202881, 2.890925168991089, 2.9899439811706543, 3.099888324737549, 3.22232723236084, 3.3591880798339844]"
0.004829465877264738,0.11687734723091125,1.1279113292694092,4.375417232513428,2.9480533599853516,-0.4454091787338257,0.6716036200523376,-0.23257732391357422,0.703460156917572,19.806873321533203,19.604148864746094,"[3.2255795001983643, 3.0833351612091064, 2.9565367698669434, 2.8430230617523193, 2.7410075664520264, 2.649038314819336, 2.565905809402466, 2.490581750869751, 2.4222114086151123, 2.360062837600708, 2.3035271167755127, 2.2520580291748047, 2.205197811126709, 2.1625616550445557, 2.1237926483154297, 2.088594913482666, 2.0567126274108887, 2.0279173851013184, 2.0020132064819336, 1.9788299798965454, 1.9582164287567139, 1.9400423765182495, 1.9241966009140015, 1.9105920791625977, 1.8991427421569824, 1.8897849321365356, 1.8824656009674072, 1.8771452903747559, 1.8737908601760864, 1.8723852634429932, 1.8729212284088135, 1.8754031658172607, 1.879841685295105, 1.8862640857696533, 1.8947038650512695, 1.905210018157959, 1.9178425073623657, 1.9326752424240112, 1.949792504310608, 1.9693026542663574, 1.9913215637207031, 2.015989065170288, 2.043466567993164, 2.0739433765411377, 2.107628107070923, 2.144763708114624, 2.185633659362793, 2.2305593490600586, 2.2799112796783447, 2.3341243267059326, 2.3936851024627686, 2.459193706512451, 2.5313029289245605, 2.610839605331421, 2.698718786239624, 2.796078681945801, 2.9042506217956543, 3.024871587753296, 3.1599082946777344, 3.311797618865967]"
0.12751486897468567,0.24230286478996277,1.2552474737167358,5.740262508392334,-0.9581470489501953,-0.6954324841499329,0.6741531491279602,-0.14781484007835388,0.7236491441726685,19.222209930419922,20.154714584350586,"[2.8483452796936035, 2.746983766555786, 2.6555633544921875, 2.572887897491455, 2.497957944869995, 2.429917573928833, 2.368068218231201, 2.3117763996124268, 2.260521650314331, 2.2138583660125732, 2.171395778656006, 2.1327767372131348, 2.0977296829223633, 2.065978527069092, 2.037307024002075, 2.011518955230713, 1.9884477853775024, 1.9679386615753174, 1.9498733282089233, 1.934143304824829, 1.920642375946045, 1.9093016386032104, 1.9000557661056519, 1.8928555250167847, 1.8876476287841797, 1.8844208717346191, 1.8831453323364258, 1.883816123008728, 1.8864407539367676, 1.8910318613052368, 1.8976131677627563, 1.9062235355377197, 1.9169081449508667, 1.9297322034835815, 1.9447665214538574, 1.962100863456726, 1.9818391799926758, 2.004103422164917, 2.0290353298187256, 2.056792974472046, 2.0875697135925293, 2.1215758323669434, 2.15906023979187, 2.2002997398376465, 2.245626926422119, 2.295414686203003, 2.3500938415527344, 2.4101688861846924, 2.4762208461761475, 2.548938751220703, 2.6291208267211914, 2.717719316482544, 2.8158626556396484, 2.9249038696289062, 3.046485185623169, 3.1825881004333496, 3.335665225982666, 3.5087730884552, 3.705747365951538, 3.9314868450164795]"
0.351112961769104,0.38974642753601074,1.4176586866378784,5.617297649383545,-4.5698466300964355,-0.7413097620010376,0.7273134589195251,-0.05878856033086777,0.6837827563285828,20.303958892822266,19.02668571472168,"[2.80024790763855, 2.719790458679199, 2.6468088626861572, 2.5805132389068604, 2.5202484130859375, 2.465446710586548, 2.415614366531372, 2.370349645614624, 2.3292768001556396, 2.2920823097229004, 2.2584853172302246, 2.228243112564087, 2.201164960861206, 2.1770565509796143, 2.1557774543762207, 2.1371712684631348, 2.1211435794830322, 2.107586622238159, 2.0964255332946777, 2.087589979171753, 2.0810418128967285, 2.0767266750335693, 2.074627161026001, 2.074737787246704, 2.0770511627197266, 2.0815792083740234, 2.0883564949035645, 2.097414016723633, 2.1088109016418457, 2.122602701187134, 2.138880729675293, 2.1577396392822266, 2.1792969703674316, 2.203686237335205, 2.2310681343078613, 2.2616236209869385, 2.2955615520477295, 2.3331286907196045, 2.374598979949951, 2.420297622680664, 2.470590114593506, 2.5259041786193848, 2.5867362022399902, 2.653657913208008, 2.727339506149292, 2.808562994003296, 2.8982608318328857, 2.9975204467773438, 3.1076505184173584, 3.230224132537842, 3.367149591445923, 3.5207455158233643, 3.69390606880188, 3.890207529067993, 4.114218235015869, 4.371788024902344, 4.670560836791992, 5.0, 5.0, 5.0]"
0.6883206963539124,0.5033966898918152,1.6934499740600586,3.003239393234253,-7.447297096252441,-0.812170684337616,0.8129274845123291,-0.0004080840153619647,0.5823646187782288,22.59023666381836,16.18317985534668,"[3.190030574798584, 3.113666296005249, 3.04447340965271, 2.9817755222320557, 2.925025701522827, 2.8737289905548096, 2.827460527420044, 2.7858736515045166, 2.7486345767974854, 2.7154879570007324, 2.6861846446990967, 2.660531997680664, 2.63836669921875, 2.619530439376831, 2.6039199829101562, 2.5914218425750732, 2.5819594860076904, 2.5754776000976562, 2.5719377994537354, 2.5713202953338623, 2.5736165046691895, 2.5788493156433105, 2.587040424346924, 2.5982489585876465, 2.6125309467315674, 2.629990577697754, 2.650726795196533, 2.674884796142578, 2.7026119232177734, 2.7341060638427734, 2.7695817947387695, 2.809295177459717, 2.8535399436950684, 2.9026589393615723, 2.9570469856262207, 3.017157554626465, 3.083526849746704, 3.1567647457122803, 3.2375900745391846, 3.3268418312072754, 3.425506830215454, 3.5347514152526855, 3.655961751937866, 3.7907986640930176, 3.94126296043396, 4.1097941398620605, 4.299384117126465, 4.5137457847595215, 4.757556915283203, 5.0, 5.0, 5.0, 5.0, 5.0, 5.0, 5.0, 5.0, 5.0, 5.0, 5.0]"
1.1313139200210571,0.5181936621665955,2.010831594467163,-0.8309160470962524,-9.213970184326172,-1.528866171836853,0.9018272757530212,0.024475039914250374,0.4314028024673462,25.026945114135742,11.967613220214844,"[4.80256986618042, 4.689346790313721, 4.587686538696289, 4.496492862701416, 4.4148664474487305, 4.34202766418457, 4.277318477630615, 4.220159530639648, 4.170084476470947, 4.1266770362854, 4.089580535888672, 4.058527946472168, 4.033278942108154, 4.013638973236084, 3.999476194381714, 3.990678071975708, 3.9871888160705566, 3.9889636039733887, 3.99604868888855, 4.008463382720947, 4.026322841644287, 4.049740314483643, 4.078887939453125, 4.113999843597412, 4.155325412750244, 4.203207015991211, 4.2580246925354, 4.3202362060546875, 4.390377998352051, 4.469079971313477, 4.5570831298828125, 4.65525484085083, 4.764612674713135, 4.886344909667969, 5.0, 5.0, 5.0, 5.0, 5.0, 5.0, 5.0, 5.0, 5.0, 5.0, 5.0, 5.0, 5.0, 5.0, 5.0, 5.0, 5.0, 5.0, 5.0, 5.0, 5.0, 5.0, 5.0, 5.0, 5.0, 5.0]"
1.4236012697219849,0.3872947096824646,2.1569886207580566,-3.4814276695251465,-2.971036195755005,-0.5666180849075317,0.9372385144233704,0.017650004476308823,0.3482416570186615,25.960559844970703,9.644231796264648,"[5.0, 5.0, 5.0, 5.0, 5.0, 5.0, 5.0, 5.0, 5.0, 5.0, 5.0, 5.0, 5.0, 5.0, 5.0, 5.0, 5.0, 5.0, 5.0, 5.0, 5.0, 5.0, 5.0, 5.0, 5.0, 5.0, 5.0, 5.0, 5.0, 5.0, 5.0, 5.0, 5.0, 5.0, 5.0, 5.0, 5.0, 5.0, 5.0, 5.0, 5.0, 5.0, 5.0, 5.0, 5.0, 5.0, 5.0, 5.0, 5.0, 5.0, 5.0, 5.0, 5.0, 5.0, 5.0, 5.0, 5.0, 5.0, 5.0, 5.0]"
1.4385643005371094,0.23663462698459625,2.325429916381836,-2.7745656967163086,3.1888294219970703,-0.19339020550251007,0.925498902797699,0.0019286228343844414,0.37874501943588257,25.5926513671875,10.473342895507812,"[5.0, 5.0, 5.0, 5.0, 5.0, 5.0, 5.0, 5.0, 5.0, 5.0, 5.0, 5.0, 5.0, 5.0, 5.0, 5.0, 5.0, 5.0, 5.0, 5.0, 5.0, 5.0, 5.0, 5.0, 5.0, 5.0, 5.0, 5.0, 5.0, 5.0, 5.0, 5.0, 5.0, 5.0, 5.0, 5.0, 5.0, 5.0, 5.0, 5.0, 5.0, 5.0, 5.0, 5.0, 5.0, 5.0, 5.0, 5.0, 5.0, 5.0, 5.0, 5.0, 5.0, 5.0, 5.0, 5.0, 5.0, 5.0, 5.0, 5.0]"
1.3692058324813843,0.13647103309631348,2.40449857711792,-1.5653815269470215,3.0473036766052246,-0.06529216468334198,0.9008963704109192,-0.011459896340966225,0.43388283252716064,24.87735939025879,11.98027515411377,"[5.0, 5.0, 5.0, 5.0, 5.0, 5.0, 5.0, 5.0, 5.0, 5.0, 5.0, 5.0, 5.0, 5.0, 5.0, 5.0, 5.0, 5.0, 5.0, 5.0, 4.962766170501709, 4.913333892822266, 4.871605396270752, 4.837274551391602, 4.81005859375, 4.789744853973389, 4.77617883682251, 4.769271373748779, 4.768954753875732, 4.775232315063477, 4.788156986236572, 4.807819366455078, 4.834369659423828, 4.868013858795166, 4.909013271331787, 4.957700729370117, 5.0, 5.0, 5.0, 5.0, 5.0, 5.0, 5.0, 5.0, 5.0, 5.0, 5.0, 5.0, 5.0, 5.0, 5.0, 5.0, 5.0, 5.0, 5.0, 5.0, 5.0, 5.0, 5.0, 5.0]"
1.3608591556549072,0.0792061984539032,2.528130531311035,-0.826561689376831,1.3502353429794312,0.01764814555644989,0.885487973690033,-0.020556416362524033,0.4642072916030884,24.416879653930664,12.796832084655762,"[5.0, 5.0, 5.0, 5.0, 5.0, 5.0, 5.0, 5.0, 5.0, 5.0, 5.0, 5.0, 5.0, 5.0, 5.0, 4.978471755981445, 4.881526470184326, 4.794763088226318, 4.717363357543945, 4.648641586303711, 4.587988376617432, 4.53491735458374, 4.488994121551514, 4.4498677253723145, 4.417221546173096, 4.390826225280762, 4.37047815322876, 4.356034755706787, 4.347395896911621, 4.344491958618164, 4.347310543060303, 4.35586404800415, 4.370219707489014, 4.390474796295166, 4.416783332824707, 4.449330806732178, 4.488363265991211, 4.534182548522949, 4.58714485168457, 4.6476731300354, 4.716275215148926, 4.793540954589844, 4.880162239074707, 4.976950168609619, 5.0, 5.0, 5.0, 5.0, 5.0, 5.0, 5.0, 5.0, 5.0, 5.0, 5.0, 5.0, 5.0, 5.0, 5.0, 5.0]"
1.4716622829437256,0.05474662780761719,2.629420518875122,-0.7792718410491943,-1.2432940006256104,-0.5960260033607483,0.8916687965393066,-0.02004675194621086,0.4522441327571869,24.542131423950195,12.444342613220215,"[5.0, 5.0, 5.0, 5.0, 5.0, 5.0, 5.0, 5.0, 5.0, 5.0, 5.0, 5.0, 5.0, 5.0, 5.0, 5.0, 5.0, 5.0, 5.0, 5.0, 4.985037326812744, 4.9162726402282715, 4.85593843460083, 4.803526401519775, 4.758608818054199, 4.720848560333252, 4.689942359924316, 4.665666580200195, 4.647839069366455, 4.636325836181641, 4.631053924560547, 4.631968021392822, 4.6390910148620605, 4.652463436126709, 4.672186851501465, 4.6984052658081055, 4.731317520141602, 4.77116584777832, 4.818263053894043, 4.872978210449219, 4.935760021209717, 5.0, 5.0, 5.0, 5.0, 5.0, 5.0, 5.0, 5.0, 5.0, 5.0, 5.0, 5.0, 5.0, 5.0, 5.0, 5.0, 5.0, 5.0, 5.0]"
1.5652384757995605,0.05305600166320801,2.7402286529541016,-0.7663861513137817,0.4141973853111267,-1.1844515800476074,0.8925385475158691,-0.008463053032755852,0.4508916735649109,24.514543533325195,12.383675575256348,"[5.0, 5.0, 5.0, 5.0, 5.0, 5.0, 5.0, 5.0, 5.0, 5.0, 5.0, 5.0, 5.0, 5.0, 5.0, 5.0, 5.0, 5.0, 5.0, 5.0, 5.0, 5.0, 5.0, 5.0, 4.953370571136475, 4.901889801025391, 4.857979774475098, 4.821289539337158, 4.79154109954834, 4.76851749420166, 4.7520432472229, 4.7419962882995605, 4.738311767578125, 4.740956783294678, 4.749952793121338, 4.76536226272583, 4.7873005867004395, 4.8159284591674805, 4.8514580726623535, 4.894162178039551, 4.9443678855896, 5.0, 5.0, 5.0, 5.0, 5.0, 5.0, 5.0, 5.0, 5.0, 5.0, 5.0, 5.0, 5.0, 5.0, 5.0, 5.0, 5.0, 5.0, 5.0]"
1.6344021558761597,0.08150133490562439,2.770383358001709,-0.2487730085849762,0.2798648774623871,-1.3475524187088013,0.890235185623169,0.011384008452296257,0.4553587734699249,24.404544830322266,12.481999397277832,"[5.0, 5.0, 5.0, 5.0, 5.0, 5.0, 5.0, 5.0, 5.0, 5.0, 5.0, 5.0, 5.0, 5.0, 5.0, 5.0, 5.0, 5.0, 5.0, 5.0, 5.0, 5.0, 5.0, 5.0, 5.0, 4.98074197769165, 4.926995754241943, 4.880887508392334, 4.842045307159424, 4.810185432434082, 4.785057544708252, 4.766485214233398, 4.754332542419434, 4.748509883880615, 4.748977184295654, 4.755744457244873, 4.768850803375244, 4.788391590118408, 4.814514636993408, 4.847406387329102, 4.887312412261963, 4.93454122543335, 4.989455223083496, 5.0, 5.0, 5.0, 5.0, 5.0, 5.0, 5.0, 5.0, 5.0, 5.0, 5.0, 5.0, 5.0, 5.0, 5.0, 5.0, 5.0]"
1.7232543230056763,0.13601534068584442,2.780214309692383,0.10685648024082184,-0.1970377266407013,-1.2900439500808716,0.8909069299697876,0.03475506976246834,0.4528539776802063,24.38990592956543,12.388130187988281,"[5.0, 5.0, 5.0, 5.0, 5.0, 5.0, 5.0, 5.0, 5.0, 5.0, 5.0, 5.0, 5.0, 5.0, 5.0, 5.0, 5.0, 5.0, 5.0, 5.0, 5.0, 5.0, 5.0, 5.0, 5.0, 5.0, 5.0, 5.0, 5.0, 4.980259895324707, 4.948277950286865, 4.923224449157715, 4.904914855957031, 4.893212795257568, 4.888035774230957, 4.889348983764648, 4.897156715393066, 4.911523342132568, 4.932543754577637, 4.960375785827637, 4.995224952697754, 5.0, 5.0, 5.0, 5.0, 5.0, 5.0, 5.0, 5.0, 5.0, 5.0, 5.0, 5.0, 5.0, 5.0, 5.0, 5.0, 5.0, 5.0, 5.0]"
1.8281707763671875,0.1967972368001938,2.7651259899139404,0.23427090048789978,-0.44366294145584106,-1.0219810009002686,0.8938978910446167,0.05597672984004021,0.4447617530822754,24.449464797973633,12.14112663269043,"[5.0, 5.0, 5.0, 5.0, 5.0, 5.0, 5.0, 5.0, 5.0, 5.0, 5.0, 5.0, 5.0, 5.0, 5.0, 5.0, 5.0, 5.0, 5.0, 5.0, 5.0, 5.0, 5.0, 5.0, 5.0, 5.0, 5.0, 5.0, 5.0, 5.0, 5.0, 5.0, 5.0, 5.0, 5.0, 5.0, 5.0, 5.0, 5.0, 5.0, 5.0, 5.0, 5.0, 5.0, 5.0, 5.0, 5.0, 5.0, 5.0, 5.0, 5.0, 5.0, 5.0, 5.0, 5.0, 5.0, 5.0, 5.0, 5.0, 5.0]"
1.9462592601776123,0.2513464689254761,2.720752239227295,0.2583041191101074,-0.734563410282135,-0.6876440644264221,0.8992316722869873,0.07197322696447372,0.43151143193244934,24.572174072265625,11.753782272338867,"[5.0, 5.0, 5.0, 5.0, 5.0, 5.0, 5.0, 5.0, 5.0, 5.0, 5.0, 5.0, 5.0, 5.0, 5.0, 5.0, 5.0, 5.0, 5.0, 5.0, 5.0, 5.0, 5.0, 5.0, 5.0, 5.0, 5.0, 5.0, 5.0, 5.0, 5.0, 5.0, 5.0, 5.0, 5.0, 5.0, 5.0, 5.0, 5.0, 5.0, 5.0, 5.0, 5.0, 5.0, 5.0, 5.0, 5.0, 5.0, 5.0, 5.0, 5.0, 5.0, 5.0, 5.0, 5.0, 5.0, 5.0, 5.0, 5.0, 5.0]"
2.074583053588867,0.29558807611465454,2.6536664962768555,0.22145473957061768,-0.9521797895431519,-0.4131588339805603,0.9065597653388977,0.08257352560758591,0.4139212667942047,24.740140914916992,11.24940013885498,"[5.0, 5.0, 5.0, 5.0, 5.0, 5.0, 5.0, 5.0, 5.0, 5.0, 5.0, 5.0, 5.0, 5.0, 5.0, 5.0, 5.0, 5.0, 5.0, 5.0, 5.0, 5.0, 5.0, 5.0, 5.0, 5.0, 5.0, 5.0, 5.0, 5.0, 5.0, 5.0, 5.0, 5.0, 5.0, 5.0, 5.0, 5.0, 5.0, 5.0, 5.0, 5.0, 5.0, 5.0, 5.0, 5.0, 5.0, 5.0, 5.0, 5.0, 5.0, 5.0, 5.0, 5.0, 5.0, 5.0, 5.0, 5.0, 5.0, 5.0]"
2.2088065147399902,0.3285811245441437,2.5609025955200195,0.18081767857074738,-1.1247352361679077,-0.18533611297607422,0.9153141975402832,0.08847982436418533,0.39290085434913635,24.934677124023438,10.653611183166504,"[5.0, 5.0, 5.0, 5.0, 5.0, 5.0, 5.0, 5.0, 5.0, 5.0, 5.0, 5.0, 5.0, 5.0, 5.0, 5.0, 5.0, 5.0, 5.0, 5.0, 5.0, 5.0, 5.0, 5.0, 5.0, 5.0, 5.0, 5.0, 5.0, 5.0, 5.0, 5.0, 5.0, 5.0, 5.0, 5.0, 5.0, 5.0, 5.0, 5.0, 5.0, 5.0, 5.0, 5.0, 5.0, 5.0, 5.0, 5.0, 5.0, 5.0, 5.0, 5.0, 5.0, 5.0, 5.0, 5.0, 5.0, 5.0, 5.0, 5.0]"
2.345410108566284,0.3515743017196655,2.4413113594055176,0.1711115539073944,-1.2666261196136475,0.004676610231399536,0.9250149130821228,0.0905354917049408,0.3689859211444855,25.142820358276367,9.981706619262695,"[5.0, 5.0, 5.0, 5.0, 5.0, 5.0, 5.0, 5.0, 5.0, 5.0, 5.0, 5.0, 5.0, 5.0, 5.0, 5.0, 5.0, 5.0, 5.0, 5.0, 5.0, 5.0, 5.0, 5.0, 5.0, 5.0, 5.0, 5.0, 5.0, 5.0, 5.0, 5.0, 5.0, 5.0, 5.0, 5.0, 5.0, 5.0, 5.0, 5.0, 5.0, 5.0, 5.0, 5.0, 5.0, 5.0, 5.0, 5.0, 5.0, 5.0, 5.0, 5.0, 5.0, 5.0, 5.0, 5.0, 5.0, 5.0, 5.0, 5.0]"
2.4811487197875977,0.36537986993789673,2.295567512512207,0.14881643652915955,-1.383978009223938,0.15209686756134033,0.935211181640625,0.0894215852022171,0.34261319041252136,25.353883743286133,9.246186256408691,"[5.0, 5.0, 5.0, 5.0, 5.0, 5.0, 5.0, 5.0, 5.0, 5.0, 5.0, 5.0, 5.0, 5.0, 5.0, 5.0, 5.0, 5.0, 5.0, 5.0, 5.0, 5.0, 5.0, 5.0, 5.0, 5.0, 5.0, 5.0, 5.0, 5.0, 5.0, 5.0, 5.0, 5.0, 5.0, 5.0, 5.0, 5.0, 5.0, 5.0, 5.0, 5.0, 5.0, 5.0, 5.0, 5.0, 5.0, 5.0, 5.0, 5.0, 5.0, 5.0, 5.0, 5.0, 5.0, 5.0, 5.0, 5.0, 5.0, 5.0]"
2.612232208251953,0.3695216178894043,2.1264848709106445,0.07975739240646362,-1.455016851425171,0.26188236474990845,0.9453636407852173,0.08558130264282227,0.3145844638347626,25.55512046813965,8.469231605529785,"[5.0, 5.0, 5.0, 5.0, 5.0, 5.0, 5.0, 5.0, 5.0, 5.0, 5.0, 5.0, 5.0, 5.0, 5.0, 5.0, 5.0, 5.0, 5.0, 5.0, 5.0, 5.0, 5.0, 5.0, 5.0, 5.0, 5.0, 5.0, 5.0, 5.0, 5.0, 5.0, 5.0, 5.0, 5.0, 5.0, 5.0, 5.0, 5.0, 5.0, 5.0, 5.0, 5.0, 5.0, 5.0, 5.0, 5.0, 5.0, 5.0, 5.0, 5.0, 5.0, 5.0, 5.0, 5.0, 5.0, 5.0, 5.0, 5.0, 5.0]"
2.7344422340393066,0.36334165930747986,1.9384576082229614,-0.02051180601119995,-1.4518839120864868,0.3564659655094147,0.954885721206665,0.07921212166547775,0.28621402382850647,25.732633590698242,7.686604976654053,"[5.0, 5.0, 5.0, 5.0, 5.0, 5.0, 5.0, 5.0, 5.0, 5.0, 5.0, 5.0, 5.0, 5.0, 5.0, 5.0, 5.0, 5.0, 5.0, 5.0, 5.0, 5.0, 5.0, 5.0, 5.0, 5.0, 5.0, 5.0, 5.0, 5.0, 5.0, 5.0, 5.0, 5.0, 5.0, 5.0, 5.0, 5.0, 5.0, 5.0, 5.0, 5.0, 5.0, 5.0, 5.0, 5.0, 5.0, 5.0, 5.0, 5.0, 5.0, 5.0, 5.0, 5.0, 5.0, 5.0, 5.0, 5.0, 5.0, 5.0]"
2.844334363937378,0.34727632999420166,1.736900806427002,-0.12962867319583893,-1.3751633167266846,0.443146288394928,0.9633165001869202,0.07049036026000977,0.258944571018219,25.876235961914062,6.937121391296387,"[5.0, 5.0, 5.0, 5.0, 5.0, 5.0, 5.0, 5.0, 5.0, 5.0, 5.0, 5.0, 5.0, 5.0, 5.0, 5.0, 5.0, 5.0, 5.0, 5.0, 5.0, 5.0, 5.0, 5.0, 5.0, 5.0, 5.0, 5.0, 5.0, 5.0, 5.0, 5.0, 5.0, 5.0, 5.0, 5.0, 5.0, 5.0, 5.0, 5.0, 5.0, 5.0, 5.0, 5.0, 5.0, 5.0, 5.0, 5.0, 5.0, 5.0, 5.0, 5.0, 5.0, 5.0, 5.0, 5.0, 5.0, 5.0, 5.0, 5.0]"
2.9400508403778076,0.3232921361923218,1.5288617610931396,-0.22018618881702423,-1.2393478155136108,0.5169057250022888,0.9703950881958008,0.059801407158374786,0.2340019941329956,25.9816951751709,6.253387451171875,"[5.0, 5.0, 5.0, 5.0, 5.0, 5.0, 5.0, 5.0, 5.0, 5.0, 5.0, 5.0, 5.0, 5.0, 5.0, 5.0, 5.0, 5.0, 5.0, 5.0, 5.0, 5.0, 5.0, 5.0, 5.0, 5.0, 5.0, 5.0, 5.0, 5.0, 5.0, 5.0, 5.0, 5.0, 5.0, 5.0, 5.0, 5.0, 5.0, 5.0, 5.0, 5.0, 5.0, 5.0, 5.0, 5.0, 5.0, 5.0, 5.0, 5.0, 5.0, 5.0, 5.0, 5.0, 5.0, 5.0, 5.0, 5.0, 5.0, 5.0]"
3.0216832160949707,0.2943391799926758,1.3232557773590088,-0.2625461220741272,-1.073807954788208,0.573920726776123,0.9760852456092834,0.04770598188042641,0.21208858489990234,26.050806045532227,5.653697967529297,"[5.0, 5.0, 5.0, 5.0, 5.0, 5.0, 5.0, 5.0, 5.0, 5.0, 5.0, 5.0, 5.0, 5.0, 5.0, 5.0, 5.0, 5.0, 5.0, 5.0, 5.0, 5.0, 5.0, 5.0, 5.0, 5.0, 5.0, 5.0, 5.0, 5.0, 5.0, 5.0, 5.0, 5.0, 5.0, 5.0, 5.0, 5.0, 5.0, 5.0, 5.0, 5.0, 5.0, 5.0, 5.0, 5.0, 5.0, 5.0, 5.0, 5.0, 5.0, 5.0, 5.0, 5.0, 5.0, 5.0, 5.0, 5.0, 5.0, 5.0]"
3.0906636714935303,0.26296553015708923,1.1302151679992676,-0.27361398935317993,-0.8938933610916138,0.6122035980224609,0.980473518371582,0.034729018807411194,0.19355976581573486,26.087928771972656,5.146909713745117,"[5.0, 5.0, 5.0, 5.0, 5.0, 5.0, 5.0, 5.0, 5.0, 5.0, 5.0, 5.0, 5.0, 5.0, 5.0, 5.0, 5.0, 5.0, 5.0, 5.0, 5.0, 5.0, 5.0, 5.0, 5.0, 5.0, 5.0, 5.0, 5.0, 5.0, 5.0, 5.0, 5.0, 5.0, 5.0, 5.0, 5.0, 5.0, 5.0, 5.0, 5.0, 5.0, 5.0, 5.0, 5.0, 5.0, 5.0, 5.0, 5.0, 5.0, 5.0, 5.0, 5.0, 5.0, 5.0, 5.0, 5.0, 5.0, 5.0, 5.0]"
3.1491503715515137,0.2312145233154297,0.9554135203361511,-0.294028639793396,-0.7295123338699341,0.6224883198738098,0.9837439656257629,0.021382834762334824,0.17829883098602295,26.099300384521484,4.729255199432373,"[5.0, 5.0, 5.0, 5.0, 5.0, 5.0, 5.0, 5.0, 5.0, 5.0, 5.0, 5.0, 5.0, 5.0, 5.0, 5.0, 5.0, 5.0, 5.0, 5.0, 5.0, 5.0, 5.0, 5.0, 5.0, 5.0, 5.0, 5.0, 5.0, 5.0, 5.0, 5.0, 5.0, 5.0, 5.0, 5.0, 5.0, 5.0, 5.0, 5.0, 5.0, 5.0, 5.0, 5.0, 5.0, 5.0, 5.0, 5.0, 5.0, 5.0, 5.0, 5.0, 5.0, 5.0, 5.0, 5.0, 5.0, 5.0, 5.0, 5.0]"
3.19940447807312,0.20112286508083344,0.8025802969932556,-0.3467961847782135,-0.5869351625442505,0.5974219441413879,0.9861025214195251,0.00824857596307993,0.16593268513679504,26.090900421142578,4.390194416046143,"[5.0, 5.0, 5.0, 5.0, 5.0, 5.0, 5.0, 5.0, 5.0, 5.0, 5.0, 5.0, 5.0, 5.0, 5.0, 5.0, 5.0, 5.0, 5.0, 5.0, 5.0, 5.0, 5.0, 5.0, 5.0, 5.0, 5.0, 5.0, 5.0, 5.0, 5.0, 5.0, 5.0, 5.0, 5.0, 5.0, 5.0, 5.0, 5.0, 5.0, 5.0, 5.0, 5.0, 5.0, 5.0, 5.0, 5.0, 5.0, 5.0, 5.0, 5.0, 5.0, 5.0, 5.0, 5.0, 5.0, 5.0, 5.0, 5.0, 5.0]"
3.243330240249634,0.17519639432430267,0.6745753288269043,-0.41771653294563293,-0.45603492856025696,0.5341049432754517,0.9877219796180725,-0.004002809524536133,0.1561705768108368,26.067066192626953,4.121479034423828,"[5.0, 5.0, 5.0, 5.0, 5.0, 5.0, 5.0, 5.0, 5.0, 5.0, 5.0, 5.0, 5.0, 5.0, 5.0, 5.0, 5.0, 5.0, 5.0, 5.0, 5.0, 5.0, 5.0, 5.0, 5.0, 5.0, 5.0, 5.0, 5.0, 5.0, 5.0, 5.0, 5.0, 5.0, 5.0, 5.0, 5.0, 5.0, 5.0, 5.0, 5.0, 5.0, 5.0, 5.0, 5.0, 5.0, 5.0, 5.0, 5.0, 5.0, 5.0, 5.0, 5.0, 5.0, 5.0, 5.0, 5.0, 5.0, 5.0, 5.0]"
3.2824130058288574,0.1561765819787979,0.5755807161331177,-0.46583834290504456,-0.3185485303401947,0.4383549392223358,0.9887227416038513,-0.014645709656178951,0.14903958141803741,26.029874801635742,3.923300266265869,"[5.0, 5.0, 5.0, 5.0, 5.0, 5.0, 5.0, 5.0, 5.0, 5.0, 5.0, 5.0, 5.0, 5.0, 5.0, 5.0, 5.0, 5.0, 5.0, 5.0, 5.0, 5.0, 5.0, 5.0, 5.0, 5.0, 5.0, 5.0, 5.0, 5.0, 5.0, 5.0, 5.0, 5.0, 5.0, 5.0, 5.0, 5.0, 5.0, 5.0, 5.0, 5.0, 5.0, 5.0, 5.0, 5.0, 5.0, 5.0, 5.0, 5.0, 5.0, 5.0, 5.0, 5.0, 5.0, 5.0, 5.0, 5.0, 5.0, 5.0]"
3.3180246353149414,0.14561381936073303,0.504245936870575,-0.56739342212677,-0.2195894718170166,0.32721951603889465,0.9893049597740173,-0.023383688181638718,0.14397494494915009,25.98301887512207,3.7802894115448,"[5.0, 5.0, 5.0, 5.0, 5.0, 5.0, 5.0, 5.0, 5.0, 5.0, 5.0, 5.0, 5.0, 5.0, 5.0, 5.0, 5.0, 5.0, 5.0, 5.0, 5.0, 5.0, 5.0, 5.0, 5.0, 5.0, 5.0, 5.0, 5.0, 5.0, 5.0, 5.0, 5.0, 5.0, 5.0, 5.0, 5.0, 5.0, 5.0, 5.0, 5.0, 5.0, 5.0, 5.0, 5.0, 5.0, 5.0, 5.0, 5.0, 5.0, 5.0, 5.0, 5.0, 5.0, 5.0, 5.0, 5.0, 5.0, 5.0, 5.0]"
3.351376533508301,0.1430845558643341,0.4585072994232178,-0.6703536510467529,-0.12971995770931244,0.22894026339054108,0.9895973801612854,-0.03038010187447071,0.14061994850635529,25.9287109375,3.6826868057250977,"[5.0, 5.0, 5.0, 5.0, 5.0, 5.0, 5.0, 5.0, 5.0, 5.0, 5.0, 5.0, 5.0, 5.0, 5.0, 5.0, 5.0, 5.0, 5.0, 5.0, 5.0, 5.0, 5.0, 5.0, 5.0, 5.0, 5.0, 5.0, 5.0, 5.0, 5.0, 5.0, 5.0, 5.0, 5.0, 5.0, 5.0, 5.0, 5.0, 5.0, 5.0, 5.0, 5.0, 5.0, 5.0, 5.0, 5.0, 5.0, 5.0, 5.0, 5.0, 5.0, 5.0, 5.0, 5.0, 5.0, 5.0, 5.0, 5.0, 5.0]"
3.3832411766052246,0.14807991683483124,0.4318448007106781,-0.7448559999465942,-0.06654064357280731,0.14687533676624298,0.9897075891494751,-0.035881947726011276,0.13853251934051514,25.86897850036621,3.6185858249664307,"[5.0, 5.0, 5.0, 5.0, 5.0, 5.0, 5.0, 5.0, 5.0, 5.0, 5.0, 5.0, 5.0, 5.0, 5.0, 5.0, 5.0, 5.0, 5.0, 5.0, 5.0, 5.0, 5.0, 5.0, 5.0, 5.0, 5.0, 5.0, 5.0, 5.0, 5.0, 5.0, 5.0, 5.0, 5.0, 5.0, 5.0, 5.0, 5.0, 5.0, 5.0, 5.0, 5.0, 5.0, 5.0, 5.0, 5.0, 5.0, 5.0, 5.0, 5.0, 5.0, 5.0, 5.0, 5.0, 5.0, 5.0, 5.0, 5.0, 5.0]"
3.4142229557037354,0.1597246378660202,0.41785305738449097,-0.7739593386650085,-0.033209178596735,0.08742394298315048,0.9897322654724121,-0.0401984304189682,0.13716411590576172,25.8060245513916,3.5734357833862305,"[5.0, 5.0, 5.0, 5.0, 5.0, 5.0, 5.0, 5.0, 5.0, 5.0, 5.0, 5.0, 5.0, 5.0, 5.0, 5.0, 5.0, 5.0, 5.0, 5.0, 5.0, 5.0, 5.0, 5.0, 5.0, 5.0, 5.0, 5.0, 5.0, 5.0, 5.0, 5.0, 5.0, 5.0, 5.0, 5.0, 5.0, 5.0, 5.0, 5.0, 5.0, 5.0, 5.0, 5.0, 5.0, 5.0, 5.0, 5.0, 5.0, 5.0, 5.0, 5.0, 5.0, 5.0, 5.0, 5.0, 5.0, 5.0, 5.0, 5.0]"
3.4447920322418213,0.176702618598938,0.4108530580997467,-0.7369305491447449,-0.03457265719771385,0.0551583357155323,0.9897579550743103,-0.043690841645002365,0.1359049528837204,25.742082595825195,3.5312399864196777,"[5.0, 5.0, 5.0, 5.0, 5.0, 5.0, 5.0, 5.0, 5.0, 5.0, 5.0, 5.0, 5.0, 5.0, 5.0, 5.0, 5.0, 5.0, 5.0, 5.0, 5.0, 5.0, 5.0, 5.0, 5.0, 5.0, 5.0, 5.0, 5.0, 5.0, 5.0, 5.0, 5.0, 5.0, 5.0, 5.0, 5.0, 5.0, 5.0, 5.0, 5.0, 5.0, 5.0, 5.0, 5.0, 5.0, 5.0, 5.0, 5.0, 5.0, 5.0, 5.0, 5.0, 5.0, 5.0, 5.0, 5.0, 5.0, 5.0, 5.0]"
3.475295305252075,0.1978749930858612,0.405905544757843,-0.627922773361206,-0.07096099853515625,0.044074896723032,0.9898653030395508,-0.04662426933646202,0.13413722813129425,25.67927360534668,3.4759597778320312,"[5.0, 5.0, 5.0, 5.0, 5.0, 5.0, 5.0, 5.0, 5.0, 5.0, 5.0, 5.0, 5.0, 5.0, 5.0, 5.0, 5.0, 5.0, 5.0, 5.0, 5.0, 5.0, 5.0, 5.0, 5.0, 5.0, 5.0, 5.0, 5.0, 5.0, 5.0, 5.0, 5.0, 5.0, 5.0, 5.0, 5.0, 5.0, 5.0, 5.0, 5.0, 5.0, 5.0, 5.0, 5.0, 5.0, 5.0, 5.0, 5.0, 5.0, 5.0, 5.0, 5.0, 5.0, 5.0, 5.0, 5.0, 5.0, 5.0, 5.0]"
3.5059070587158203,0.222487211227417,0.398653119802475,-0.4703676104545593,-0.14103814959526062,0.044603198766708374,0.9901303648948669,-0.049127448350191116,0.13125643134117126,25.619535446166992,3.392075777053833,"[5.0, 5.0, 5.0, 5.0, 5.0, 5.0, 5.0, 5.0, 5.0, 5.0, 5.0, 5.0, 5.0, 5.0, 5.0, 5.0, 5.0, 5.0, 5.0, 5.0, 5.0, 5.0, 5.0, 5.0, 5.0, 5.0, 5.0, 5.0, 5.0, 5.0, 5.0, 5.0, 5.0, 5.0, 5.0, 5.0, 5.0, 5.0, 5.0, 5.0, 5.0, 5.0, 5.0, 5.0, 5.0, 5.0, 5.0, 5.0, 5.0, 5.0, 5.0, 5.0, 5.0, 5.0, 5.0, 5.0, 5.0, 5.0, 5.0, 5.0]"
3.536625623703003,0.24956439435482025,0.38589051365852356,-0.2826991081237793,-0.23242102563381195,0.05533115565776825,0.9905955791473389,-0.051328789442777634,0.12682881951332092,25.564010620117188,3.2686493396759033,"[5.0, 5.0, 5.0, 5.0, 5.0, 5.0, 5.0, 5.0, 5.0, 5.0, 5.0, 5.0, 5.0, 5.0, 5.0, 5.0, 5.0, 5.0, 5.0, 5.0, 5.0, 5.0, 5.0, 5.0, 5.0, 5.0, 5.0, 5.0, 5.0, 5.0, 5.0, 5.0, 5.0, 5.0, 5.0, 5.0, 5.0, 5.0, 5.0, 5.0, 5.0, 5.0, 5.0, 5.0, 5.0, 5.0, 5.0, 5.0, 5.0, 5.0, 5.0, 5.0, 5.0, 5.0, 5.0, 5.0, 5.0, 5.0, 5.0, 5.0]"
3.567270278930664,0.2778053879737854,0.3651587963104248,-0.08247429877519608,-0.3329129219055176,0.07608535885810852,0.9912576079368591,-0.053413353860378265,0.12064499408006668,25.512767791748047,3.1006357669830322,"[5.0, 5.0, 5.0, 5.0, 5.0, 5.0, 5.0, 5.0, 5.0, 5.0, 5.0, 5.0, 5.0, 5.0, 5.0, 5.0, 5.0, 5.0, 5.0, 5.0, 5.0, 5.0, 5.0, 5.0, 5.0, 5.0, 5.0, 5.0, 5.0, 5.0, 5.0, 5.0, 5.0, 5.0, 5.0, 5.0, 5.0, 5.0, 5.0, 5.0, 5.0, 5.0, 5.0, 5.0, 5.0, 5.0, 5.0, 5.0, 5.0, 5.0, 5.0, 5.0, 5.0, 5.0, 5.0, 5.0, 5.0, 5.0, 5.0, 5.0]"
3.5974643230438232,0.3057616949081421,0.33484140038490295,0.12263118475675583,-0.4331114888191223,0.10497251152992249,0.9920749068260193,-0.05558018386363983,0.11268609762191772,25.464990615844727,2.8879449367523193,"[5.0, 5.0, 5.0, 5.0, 5.0, 5.0, 5.0, 5.0, 5.0, 5.0, 5.0, 5.0, 5.0, 5.0, 5.0, 5.0, 5.0, 5.0, 5.0, 5.0, 5.0, 5.0, 5.0, 5.0, 5.0, 5.0, 5.0, 5.0, 5.0, 5.0, 5.0, 5.0, 5.0, 5.0, 5.0, 5.0, 5.0, 5.0, 5.0, 5.0, 5.0, 5.0, 5.0, 5.0, 5.0, 5.0, 5.0, 5.0, 5.0, 5.0, 5.0, 5.0, 5.0, 5.0, 5.0, 5.0, 5.0, 5.0, 5.0, 5.0]"
3.6267004013061523,0.3318527340888977,0.29446297883987427,0.324375182390213,-0.5246197581291199,0.14119546115398407,0.9929758906364441,-0.05804551765322685,0.10309962183237076,25.41919708251953,2.6347503662109375,"[5.0, 5.0, 5.0, 5.0, 5.0, 5.0, 5.0, 5.0, 5.0, 5.0, 5.0, 5.0, 5.0, 5.0, 5.0, 5.0, 5.0, 5.0, 5.0, 5.0, 5.0, 5.0, 5.0, 5.0, 5.0, 5.0, 5.0, 5.0, 5.0, 5.0, 5.0, 5.0, 5.0, 5.0, 5.0, 5.0, 5.0, 5.0, 5.0, 5.0, 5.0, 5.0, 5.0, 5.0, 5.0, 5.0, 5.0, 5.0, 5.0, 5.0, 5.0, 5.0, 5.0, 5.0, 5.0, 5.0, 5.0, 5.0, 5.0, 5.0]"
3.6544189453125,0.35476648807525635,0.2455761581659317,0.5055458545684814,-0.594847559928894,0.17760255932807922,0.9938680529594421,-0.06097035109996796,0.09224250167608261,25.37339210510254,2.3505265712738037,"[5.0, 5.0, 5.0, 5.0, 5.0, 5.0, 5.0, 5.0, 5.0, 5.0, 5.0, 5.0, 5.0, 5.0, 5.0, 5.0, 5.0, 5.0, 5.0, 5.0, 5.0, 5.0, 5.0, 5.0, 5.0, 5.0, 5.0, 5.0, 5.0, 5.0, 5.0, 5.0, 5.0, 5.0, 5.0, 5.0, 5.0, 5.0, 5.0, 5.0, 5.0, 5.0, 5.0, 5.0, 5.0, 5.0, 5.0, 5.0, 5.0, 5.0, 5.0, 5.0, 5.0, 5.0, 5.0, 5.0, 5.0, 5.0, 5.0, 5.0]"
3.6800146102905273,0.3740234971046448,0.1917153000831604,0.6516112685203552,-0.6309081315994263,0.20200090110301971,0.994659423828125,-0.06431606411933899,0.08072106540203094,25.3253231048584,2.0509800910949707,"[5.0, 5.0, 5.0, 5.0, 5.0, 5.0, 5.0, 5.0, 5.0, 5.0, 5.0, 5.0, 5.0, 5.0, 5.0, 5.0, 5.0, 5.0, 5.0, 5.0, 5.0, 5.0, 5.0, 5.0, 5.0, 5.0, 5.0, 5.0, 5.0, 5.0, 5.0, 5.0, 5.0, 5.0, 5.0, 5.0, 5.0, 5.0, 5.0, 5.0, 5.0, 5.0, 5.0, 5.0, 5.0, 5.0, 5.0, 5.0, 5.0, 5.0, 5.0, 5.0, 5.0, 5.0, 5.0, 5.0, 5.0, 5.0, 5.0, 5.0]"
3.7029731273651123,0.390021950006485,0.13777107000350952,0.7565426230430603,-0.623018741607666,0.2058197259902954,0.995283842086792,-0.06784061342477798,0.06933673471212387,25.27313232421875,1.7565841674804688,"[5.0, 5.0, 5.0, 5.0, 5.0, 5.0, 5.0, 5.0, 5.0, 5.0, 5.0, 5.0, 5.0, 5.0, 5.0, 5.0, 5.0, 5.0, 5.0, 5.0, 5.0, 5.0, 5.0, 5.0, 5.0, 5.0, 5.0, 5.0, 5.0, 5.0, 5.0, 5.0, 5.0, 5.0, 5.0, 5.0, 5.0, 5.0, 5.0, 5.0, 5.0, 5.0, 5.0, 5.0, 5.0, 5.0, 5.0, 5.0, 5.0, 5.0, 5.0, 5.0, 5.0, 5.0, 5.0, 5.0, 5.0, 5.0, 5.0, 5.0]"
3.723031997680664,0.40384289622306824,0.08870697766542435,0.8151098489761353,-0.5725725293159485,0.18516317009925842,0.9957234263420105,-0.07117633521556854,0.058894190937280655,25.215900421142578,1.4876524209976196,"[5.0, 5.0, 5.0, 5.0, 5.0, 5.0, 5.0, 5.0, 5.0, 5.0, 5.0, 5.0, 5.0, 5.0, 5.0, 5.0, 5.0, 5.0, 5.0, 5.0, 5.0, 5.0, 5.0, 5.0, 5.0, 5.0, 5.0, 5.0, 5.0, 5.0, 5.0, 5.0, 5.0, 5.0, 5.0, 5.0, 5.0, 5.0, 5.0, 5.0, 5.0, 5.0, 5.0, 5.0, 5.0, 5.0, 5.0, 5.0, 5.0, 5.0, 5.0, 5.0, 5.0, 5.0, 5.0, 5.0, 5.0, 5.0, 5.0, 5.0]"
3.740171194076538,0.4170123040676117,0.04749058559536934,0.8262137770652771,-0.49780091643333435,0.13994236290454865,0.9960169196128845,-0.07388859987258911,0.04990638419985771,25.1538143157959,1.2569022178649902,"[5.0, 5.0, 5.0, 5.0, 5.0, 5.0, 5.0, 5.0, 5.0, 5.0, 5.0, 5.0, 5.0, 5.0, 5.0, 5.0, 5.0, 5.0, 5.0, 5.0, 5.0, 5.0, 5.0, 5.0, 5.0, 5.0, 5.0, 5.0, 5.0, 5.0, 5.0, 5.0, 5.0, 5.0, 5.0, 5.0, 5.0, 5.0, 5.0, 5.0, 5.0, 5.0, 5.0, 5.0, 5.0, 5.0, 5.0, 5.0, 5.0, 5.0, 5.0, 5.0, 5.0, 5.0, 5.0, 5.0, 5.0, 5.0, 5.0, 5.0]"
3.754514455795288,0.43101879954338074,0.01449173130095005,0.7930790185928345,-0.42279040813446045,0.07665535807609558,0.996235191822052,-0.07560257613658905,0.042421307414770126,25.087921142578125,1.0652214288711548,"[5.0, 5.0, 5.0, 5.0, 5.0, 5.0, 5.0, 5.0, 5.0, 5.0, 5.0, 5.0, 5.0, 5.0, 5.0, 5.0, 5.0, 5.0, 5.0, 5.0, 5.0, 5.0, 5.0, 5.0, 5.0, 5.0, 5.0, 5.0, 5.0, 5.0, 5.0, 5.0, 5.0, 5.0, 5.0, 5.0, 5.0, 5.0, 5.0, 5.0, 5.0, 5.0, 5.0, 5.0, 5.0, 5.0, 5.0, 5.0, 5.0, 5.0, 5.0, 5.0, 5.0, 5.0, 5.0, 5.0, 5.0, 5.0, 5.0, 5.0]"
3.76631498336792,0.446746826171875,-0.011516008526086807,0.7221340537071228,-0.36243176460266113,0.007328214589506388,0.9964423775672913,-0.07613363862037659,0.03613908588886261,25.019367218017578,0.9047681093215942,"[5.0, 5.0, 5.0, 5.0, 5.0, 5.0, 5.0, 5.0, 5.0, 5.0, 5.0, 5.0, 5.0, 5.0, 5.0, 5.0, 5.0, 5.0, 5.0, 5.0, 5.0, 5.0, 5.0, 5.0, 5.0, 5.0, 5.0, 5.0, 5.0, 5.0, 5.0, 5.0, 5.0, 5.0, 5.0, 5.0, 5.0, 5.0, 5.0, 5.0, 5.0, 5.0, 5.0, 5.0, 5.0, 5.0, 5.0, 5.0, 5.0, 5.0, 5.0, 5.0, 5.0, 5.0, 5.0, 5.0, 5.0, 5.0, 5.0, 5.0]"
3.7758705615997314,0.46439486742019653,-0.032117925584316254,0.6266709566116333,-0.3189693093299866,-0.05775120481848717,0.9966734051704407,-0.07550647109746933,0.03067028522491455,24.949066162109375,0.765555202960968,"[5.0, 5.0, 5.0, 5.0, 5.0, 5.0, 5.0, 5.0, 5.0, 5.0, 5.0, 5.0, 5.0, 5.0, 5.0, 5.0, 5.0, 5.0, 5.0, 5.0, 5.0, 5.0, 5.0, 5.0, 5.0, 5.0, 5.0, 5.0, 5.0, 5.0, 5.0, 5.0, 5.0, 5.0, 5.0, 5.0, 5.0, 5.0, 5.0, 5.0, 5.0, 5.0, 5.0, 5.0, 5.0, 5.0, 5.0, 5.0, 5.0, 5.0, 5.0, 5.0, 5.0, 5.0, 5.0, 5.0, 5.0, 5.0, 5.0, 5.0]"
3.7834460735321045,0.48370957374572754,-0.048612676560878754,0.5211334824562073,-0.2890860438346863,-0.11208502948284149,0.9969362020492554,-0.07387714833021164,0.025695640593767166,24.877559661865234,0.6394559741020203,"[5.0, 5.0, 5.0, 5.0, 5.0, 5.0, 5.0, 5.0, 5.0, 5.0, 5.0, 5.0, 5.0, 5.0, 5.0, 5.0, 5.0, 5.0, 5.0, 5.0, 5.0, 5.0, 5.0, 5.0, 5.0, 5.0, 5.0, 5.0, 5.0, 5.0, 5.0, 5.0, 5.0, 5.0, 5.0, 5.0, 5.0, 5.0, 5.0, 5.0, 5.0, 5.0, 5.0, 5.0, 5.0, 5.0, 5.0, 5.0, 5.0, 5.0, 5.0, 5.0, 5.0, 5.0, 5.0, 5.0, 5.0, 5.0, 5.0, 5.0]"
3.7893238067626953,0.5038439631462097,-0.06201620399951935,0.42415687441825867,-0.26672008633613586,-0.14792487025260925,0.9972158670425415,-0.07154037803411484,0.021033508703112602,24.805126190185547,0.5218542814254761,"[5.0, 5.0, 5.0, 5.0, 5.0, 5.0, 5.0, 5.0, 5.0, 5.0, 5.0, 5.0, 5.0, 5.0, 5.0, 5.0, 5.0, 5.0, 5.0, 5.0, 5.0, 5.0, 5.0, 5.0, 5.0, 5.0, 5.0, 5.0, 5.0, 5.0, 5.0, 5.0, 5.0, 5.0, 5.0, 5.0, 5.0, 5.0, 5.0, 5.0, 5.0, 5.0, 5.0, 5.0, 5.0, 5.0, 5.0, 5.0, 5.0, 5.0, 5.0, 5.0, 5.0, 5.0, 5.0, 5.0, 5.0, 5.0, 5.0, 5.0]"
3.793860912322998,0.5234283804893494,-0.07291670143604279,0.3575563132762909,-0.24373412132263184,-0.16092604398727417,0.9974832534790039,-0.0689072534441948,0.016694197431206703,24.731929779052734,0.4129372835159302,"[5.0, 5.0, 5.0, 5.0, 5.0, 5.0, 5.0, 5.0, 5.0, 5.0, 5.0, 5.0, 5.0, 5.0, 5.0, 5.0, 5.0, 5.0, 5.0, 5.0, 5.0, 5.0, 5.0, 5.0, 5.0, 5.0, 5.0, 5.0, 5.0, 5.0, 5.0, 5.0, 5.0, 5.0, 5.0, 5.0, 5.0, 5.0, 5.0, 5.0, 5.0, 5.0, 5.0, 5.0, 5.0, 5.0, 5.0, 5.0, 5.0, 5.0, 5.0, 5.0, 5.0, 5.0, 5.0, 5.0, 5.0, 5.0, 5.0, 5.0]"
3.7973666191101074,0.5414187908172607,-0.08172883093357086,0.3221134841442108,-0.21719151735305786,-0.15780527889728546,0.9977172017097473,-0.0663084089756012,0.012783973477780819,24.65806007385254,0.31525376439094543,"[5.0, 5.0, 5.0, 5.0, 5.0, 5.0, 5.0, 5.0, 5.0, 5.0, 5.0, 5.0, 5.0, 5.0, 5.0, 5.0, 5.0, 5.0, 5.0, 5.0, 5.0, 5.0, 5.0, 5.0, 5.0, 5.0, 5.0, 5.0, 5.0, 5.0, 5.0, 5.0, 5.0, 5.0, 5.0, 5.0, 5.0, 5.0, 5.0, 5.0, 5.0, 5.0, 5.0, 5.0, 5.0, 5.0, 5.0, 5.0, 5.0, 5.0, 5.0, 5.0, 5.0, 5.0, 5.0, 5.0, 5.0, 5.0, 5.0, 5.0]"
3.800065755844116,0.5572724342346191,-0.08871296793222427,0.30308622121810913,-0.18898984789848328,-0.14568796753883362,0.9979098439216614,-0.0639377161860466,0.009374734945595264,24.583641052246094,0.2304752618074417,"[5.0, 5.0, 5.0, 5.0, 5.0, 5.0, 5.0, 5.0, 5.0, 5.0, 5.0, 5.0, 5.0, 5.0, 5.0, 5.0, 5.0, 5.0, 5.0, 5.0, 5.0, 5.0, 5.0, 5.0, 5.0, 5.0, 5.0, 5.0, 5.0, 5.0, 5.0, 5.0, 5.0, 5.0, 5.0, 5.0, 5.0, 5.0, 5.0, 5.0, 5.0, 5.0, 5.0, 5.0, 5.0, 5.0, 5.0, 5.0, 5.0, 5.0, 5.0, 5.0, 5.0, 5.0, 5.0, 5.0, 4.978918075561523, 5.0, 5.0, 5.0]"
3.802180290222168,0.5705503225326538,-0.09377596527338028,0.29361122846603394,-0.1614152044057846,-0.12699343264102936,0.9980591535568237,-0.06193313002586365,0.006484718527644873,24.508825302124023,0.15893618762493134,"[5.0, 5.0, 5.0, 5.0, 5.0, 5.0, 5.0, 5.0, 5.0, 5.0, 5.0, 5.0, 5.0, 5.0, 5.0, 5.0, 5.0, 5.0, 5.0, 5.0, 5.0, 5.0, 5.0, 5.0, 5.0, 5.0, 5.0, 5.0, 5.0, 5.0, 5.0, 5.0, 5.0, 5.0, 5.0, 5.0, 5.0, 5.0, 5.0, 5.0, 5.0, 5.0, 5.0, 5.0, 5.0, 5.0, 5.0, 5.0, 5.0, 5.0, 5.0, 5.0, 5.0, 5.0, 5.0, 4.980373382568359, 4.938371181488037, 4.901291370391846, 5.0, 5.0]"
3.803860664367676,0.5809493660926819,-0.09654776751995087,0.297987163066864,-0.1430199146270752,-0.10496553778648376,0.9981675744056702,-0.060376621782779694,0.003993354272097349,24.433734893798828,0.09757335484027863,"[5.0, 5.0, 5.0, 5.0, 5.0, 5.0, 5.0, 5.0, 5.0, 5.0, 5.0, 5.0, 5.0, 5.0, 5.0, 5.0, 5.0, 5.0, 5.0, 5.0, 5.0, 5.0, 5.0, 5.0, 5.0, 5.0, 5.0, 5.0, 5.0, 5.0, 5.0, 5.0, 5.0, 5.0, 5.0, 5.0, 5.0, 5.0, 5.0, 5.0, 5.0, 5.0, 5.0, 5.0, 5.0, 5.0, 5.0, 5.0, 5.0, 5.0, 5.0, 5.0, 5.0, 5.0, 5.0, 4.939161777496338, 4.89712381362915, 4.8599724769592285, 5.0, 5.0]"
3.8052260875701904,0.5882918238639832,-0.0980626568198204,0.31283149123191833,-0.12973488867282867,-0.08072579652070999,0.9982379674911499,-0.05930992588400841,0.001794060692191124,24.358457565307617,0.043700624257326126,"[5.0, 5.0, 5.0, 5.0, 5.0, 5.0, 5.0, 5.0, 5.0, 5.0, 5.0, 5.0, 5.0, 5.0, 5.0, 5.0, 5.0, 5.0, 5.0, 5.0, 5.0, 5.0, 5.0, 5.0, 5.0, 5.0, 5.0, 5.0, 5.0, 5.0, 5.0, 5.0, 5.0, 5.0, 5.0, 5.0, 5.0, 5.0, 5.0, 5.0, 5.0, 5.0, 5.0, 5.0, 5.0, 5.0, 5.0, 5.0, 5.0, 5.0, 5.0, 5.0, 5.0, 5.0, 5.0, 5.0, 4.855341911315918, 4.818209171295166, 4.785762310028076, 5.0]"
3.8065648078918457,0.5902727842330933,-0.10205051302909851,0.4088783860206604,-0.12402740120887756,-0.02929973416030407,0.9982489347457886,-0.05915108695626259,-0.0001732543605612591,24.283039093017578,-0.004207142628729343,"[5.0, 5.0, 5.0, 5.0, 5.0, 5.0, 5.0, 5.0, 5.0, 5.0, 5.0, 5.0, 5.0, 5.0, 5.0, 5.0, 5.0, 5.0, 5.0, 5.0, 5.0, 5.0, 5.0, 5.0, 5.0, 5.0, 5.0, 5.0, 5.0, 5.0, 5.0, 5.0, 5.0, 5.0, 5.0, 5.0, 5.0, 5.0, 5.0, 5.0, 5.0, 5.0, 5.0, 5.0, 5.0, 5.0, 5.0, 5.0, 5.0, 5.0, 5.0, 5.0, 5.0, 5.0, 5.0, 5.0, 4.813642501831055, 4.776643753051758, 4.744307041168213, 5.0]"
3.8079118728637695,0.5872746109962463,-0.10726827383041382,0.5279123783111572,-0.11727049946784973,0.007985489442944527,0.9982062578201294,-0.059837982058525085,-0.0018760189414024353,24.207563400268555,-0.04541392996907234,"[5.0, 5.0, 5.0, 5.0, 5.0, 5.0, 5.0, 5.0, 5.0, 5.0, 5.0, 5.0, 5.0, 5.0, 5.0, 5.0, 5.0, 5.0, 5.0, 5.0, 5.0, 5.0, 5.0, 5.0, 5.0, 5.0, 5.0, 5.0, 5.0, 5.0, 5.0, 5.0, 5.0, 5.0, 5.0, 5.0, 5.0, 5.0, 5.0, 5.0, 5.0, 5.0, 5.0, 5.0, 5.0, 5.0, 5.0, 5.0, 5.0, 5.0, 5.0, 5.0, 5.0, 5.0, 5.0, 5.0, 4.772834300994873, 4.736090660095215, 4.7039666175842285, 4.785678386688232]"
3.8089749813079834,0.581118643283844,-0.11663312464952469,0.6999852657318115,-0.09889022260904312,0.007854243740439415,0.9981487989425659,-0.060741156339645386,-0.0030670769046992064,24.132062911987305,-0.07401525229215622,"[5.0, 5.0, 5.0, 5.0, 5.0, 5.0, 5.0, 5.0, 5.0, 5.0, 5.0, 5.0, 5.0, 5.0, 5.0, 5.0, 5.0, 5.0, 5.0, 5.0, 5.0, 5.0, 5.0, 5.0, 5.0, 5.0, 5.0, 5.0, 5.0, 5.0, 5.0, 5.0, 5.0, 5.0, 5.0, 5.0, 5.0, 5.0, 5.0, 5.0, 5.0, 5.0, 5.0, 5.0, 5.0, 5.0, 5.0, 5.0, 5.0, 5.0, 5.0, 5.0, 5.0, 5.0, 5.0, 5.0, 5.0, 4.698306560516357, 4.66640567779541, 4.638963222503662]"
3.8092007637023926,0.5763192176818848,-0.12839065492153168,0.7631664872169495,-0.06786563247442245,-0.05316750705242157,0.998146653175354,-0.060748498886823654,-0.0035761736799031496,24.056629180908203,-0.0860312432050705,"[5.0, 5.0, 5.0, 5.0, 5.0, 5.0, 5.0, 5.0, 5.0, 5.0, 5.0, 5.0, 5.0, 5.0, 5.0, 5.0, 5.0, 5.0, 5.0, 5.0, 5.0, 5.0, 5.0, 5.0, 5.0, 5.0, 5.0, 5.0, 5.0, 5.0, 5.0, 5.0, 5.0, 5.0, 5.0, 5.0, 5.0, 5.0, 5.0, 5.0, 5.0, 5.0, 5.0, 5.0, 5.0, 5.0, 5.0, 5.0, 5.0, 5.0, 5.0, 5.0, 5.0, 5.0, 5.0, 5.0, 5.0, 4.663520812988281, 4.631692886352539, 4.604305267333984]"
3.8083083629608154,0.5752184987068176,-0.13267910480499268,0.6385351419448853,-0.0509505420923233,-0.13096261024475098,0.9982343316078186,-0.05927763879299164,-0.0037752308417111635,23.98122215270996,-0.09053530544042587,"[5.0, 5.0, 5.0, 5.0, 5.0, 5.0, 5.0, 5.0, 5.0, 5.0, 5.0, 5.0, 5.0, 5.0, 5.0, 5.0, 5.0, 5.0, 5.0, 5.0, 5.0, 5.0, 5.0, 5.0, 5.0, 5.0, 5.0, 5.0, 5.0, 5.0, 5.0, 5.0, 5.0, 5.0, 5.0, 5.0, 5.0, 5.0, 5.0, 5.0, 5.0, 5.0, 5.0, 5.0, 5.0, 5.0, 5.0, 5.0, 5.0, 5.0, 5.0, 5.0, 5.0, 5.0, 5.0, 5.0, 5.0, 5.0, 4.597455024719238, 4.569928169250488]"
3.806795120239258,0.5753892660140991,-0.13489249348640442,0.4822190999984741,-0.027419155463576317,-0.16835710406303406,0.9983763694763184,-0.056837935000658035,-0.003734223311766982,23.905855178833008,-0.08927042782306671,"[5.0, 5.0, 5.0, 5.0, 5.0, 5.0, 5.0, 5.0, 5.0, 5.0, 5.0, 5.0, 5.0, 5.0, 5.0, 5.0, 5.0, 5.0, 5.0, 5.0, 5.0, 5.0, 5.0, 5.0, 5.0, 5.0, 5.0, 5.0, 5.0, 5.0, 5.0, 5.0, 5.0, 5.0, 5.0, 5.0, 5.0, 5.0, 5.0, 5.0, 5.0, 5.0, 5.0, 5.0, 5.0, 5.0, 5.0, 5.0, 5.0, 5.0, 5.0, 5.0, 5.0, 5.0, 5.0, 5.0, 5.0, 5.0, 4.561525821685791, 4.533751964569092]"
3.805241584777832,0.5740353465080261,-0.13167336583137512,0.3746432662010193,0.0034841448068618774,-0.16585612297058105,0.9985236525535583,-0.054218173027038574,-0.0032728081569075584,23.830528259277344,-0.07799316942691803,"[5.0, 5.0, 5.0, 5.0, 5.0, 5.0, 5.0, 5.0, 5.0, 5.0, 5.0, 5.0, 5.0, 5.0, 5.0, 5.0, 5.0, 5.0, 5.0, 5.0, 5.0, 5.0, 5.0, 5.0, 5.0, 5.0, 5.0, 5.0, 5.0, 5.0, 5.0, 5.0, 5.0, 5.0, 5.0, 5.0, 5.0, 5.0, 5.0, 5.0, 5.0, 5.0, 5.0, 5.0, 5.0, 5.0, 5.0, 5.0, 5.0, 5.0, 5.0, 5.0, 5.0, 5.0, 5.0, 5.0, 5.0, 5.0, 5.0, 4.495423316955566]"
3.803551197052002,0.57435142993927,-0.12505508959293365,0.2404545247554779,0.04510830342769623,-0.20721983909606934,0.9986980557441711,-0.05096275731921196,-0.0021919971331954002,23.755285263061523,-0.052071645855903625,"[5.0, 5.0, 5.0, 5.0, 5.0, 5.0, 5.0, 5.0, 5.0, 5.0, 5.0, 5.0, 5.0, 5.0, 5.0, 5.0, 5.0, 5.0, 5.0, 5.0, 5.0, 5.0, 5.0, 5.0, 5.0, 5.0, 5.0, 5.0, 5.0, 5.0, 5.0, 5.0, 5.0, 5.0, 5.0, 5.0, 5.0, 5.0, 5.0, 5.0, 5.0, 5.0, 5.0, 5.0, 5.0, 5.0, 5.0, 5.0, 5.0, 5.0, 5.0, 5.0, 5.0, 5.0, 5.0, 5.0, 5.0, 5.0, 5.0, 4.45482873916626]"
3.801959276199341,0.5742283463478088,-0.11609932780265808,0.13901671767234802,0.06388475745916367,-0.20589500665664673,0.9988709092140198,-0.047499146312475204,-0.0007528599817305803,23.680023193359375,-0.017827749252319336,"[5.0, 5.0, 5.0, 5.0, 5.0, 5.0, 5.0, 5.0, 5.0, 5.0, 5.0, 5.0, 5.0, 5.0, 5.0, 5.0, 5.0, 5.0, 5.0, 5.0, 5.0, 5.0, 5.0, 5.0, 5.0, 5.0, 5.0, 5.0, 5.0, 5.0, 5.0, 5.0, 5.0, 5.0, 5.0, 5.0, 5.0, 5.0, 5.0, 5.0, 5.0, 5.0, 5.0, 5.0, 5.0, 5.0, 5.0, 5.0, 5.0, 5.0, 5.0, 5.0, 5.0, 5.0, 5.0, 5.0, 5.0, 5.0, 5.0, 5.0]"
3.8011343479156494,0.5694725513458252,-0.096652552485466,-0.055229224264621735,0.04559757933020592,-0.13019444048404694,0.9989801645278931,-0.04514867439866066,0.00032921761157922447,23.604671478271484,0.0077710747718811035,"[5.0, 5.0, 5.0, 5.0, 5.0, 5.0, 5.0, 5.0, 5.0, 5.0, 5.0, 5.0, 5.0, 5.0, 5.0, 5.0, 5.0, 5.0, 5.0, 5.0, 5.0, 5.0, 5.0, 5.0, 5.0, 5.0, 5.0, 5.0, 5.0, 5.0, 5.0, 5.0, 5.0, 5.0, 5.0, 5.0, 5.0, 5.0, 5.0, 5.0, 5.0, 5.0, 5.0, 5.0, 5.0, 5.0, 5.0, 5.0, 5.0, 5.0, 5.0, 5.0, 5.0, 5.0, 5.0, 5.0, 5.0, 5.0, 5.0, 5.0]"
3.801612377166748,0.5562953352928162,-0.08560559898614883,-0.027268825098872185,0.029743503779172897,-0.024721413850784302,0.9989978075027466,-0.04474382475018501,0.0010504401288926601,23.529273986816406,0.024716109037399292,"[5.0, 5.0, 5.0, 5.0, 5.0, 5.0, 5.0, 5.0, 5.0, 5.0, 5.0, 5.0, 5.0, 5.0, 5.0, 5.0, 5.0, 5.0, 5.0, 5.0, 5.0, 5.0, 5.0, 5.0, 5.0, 5.0, 5.0, 5.0, 5.0, 5.0, 5.0, 5.0, 5.0, 5.0, 5.0, 5.0, 5.0, 5.0, 5.0, 5.0, 5.0, 5.0, 5.0, 5.0, 5.0, 5.0, 5.0, 5.0, 5.0, 5.0, 5.0, 5.0, 5.0, 5.0, 5.0, 5.0, 5.0, 5.0, 5.0, 5.0]"
3.8031182289123535,0.5354437828063965,-0.0849606841802597,0.14673198759555817,-0.0009815652156248689,0.0629933774471283,0.9989323616027832,-0.046175699681043625,0.0013536817859858274,23.453798294067383,0.03174901008605957,"[5.0, 5.0, 5.0, 5.0, 5.0, 5.0, 5.0, 5.0, 5.0, 5.0, 5.0, 5.0, 5.0, 5.0, 5.0, 5.0, 5.0, 5.0, 5.0, 5.0, 5.0, 5.0, 5.0, 5.0, 5.0, 5.0, 5.0, 5.0, 5.0, 5.0, 5.0, 5.0, 5.0, 5.0, 5.0, 5.0, 5.0, 5.0, 5.0, 5.0, 5.0, 5.0, 5.0, 5.0, 5.0, 5.0, 5.0, 5.0, 5.0, 5.0, 5.0, 5.0, 5.0, 5.0, 5.0, 5.0, 5.0, 5.0, 5.0, 5.0]"
3.8051042556762695,0.5092926621437073,-0.09292131662368774,0.37291648983955383,-0.03576180711388588,0.11089877784252167,0.9988097548484802,-0.04876044765114784,0.0011932877823710442,23.37827491760254,0.027897030115127563,"[5.0, 5.0, 5.0, 5.0, 5.0, 5.0, 5.0, 5.0, 5.0, 5.0, 5.0, 5.0, 5.0, 5.0, 5.0, 5.0, 5.0, 5.0, 5.0, 5.0, 5.0, 5.0, 5.0, 5.0, 5.0, 5.0, 5.0, 5.0, 5.0, 5.0, 5.0, 5.0, 5.0, 5.0, 5.0, 5.0, 5.0, 5.0, 5.0, 5.0, 5.0, 5.0, 5.0, 5.0, 5.0, 5.0, 5.0, 5.0, 5.0, 5.0, 5.0, 5.0, 5.0, 5.0, 5.0, 5.0, 5.0, 5.0, 5.0, 5.0]"
3.8068952560424805,0.48161426186561584,-0.10518508404493332,0.5242807865142822,-0.06066436320543289,0.10290417075157166,0.9986748099327087,-0.0514591820538044,0.000682379468344152,23.30271339416504,0.015901297330856323,"[5.0, 5.0, 5.0, 5.0, 5.0, 5.0, 5.0, 5.0, 5.0, 5.0, 5.0, 5.0, 5.0, 5.0, 5.0, 5.0, 5.0, 5.0, 5.0, 5.0, 5.0, 5.0, 5.0, 5.0, 5.0, 5.0, 5.0, 5.0, 5.0, 5.0, 5.0, 5.0, 5.0, 5.0, 5.0, 5.0, 5.0, 5.0, 5.0, 5.0, 5.0, 5.0, 5.0, 5.0, 5.0, 5.0, 5.0, 5.0, 5.0, 5.0, 5.0, 5.0, 5.0, 5.0, 5.0, 5.0, 5.0, 5.0, 5.0, 5.0]"
3.807924509048462,0.4566880166530609,-0.11667248606681824,0.5141323804855347,-0.06838705390691757,0.03899061679840088,0.9985861778259277,-0.05315443500876427,-6.086949269956676e-06,23.22710418701172,-0.00014138221740722656,"[5.0, 5.0, 5.0, 5.0, 5.0, 5.0, 5.0, 5.0, 5.0, 5.0, 5.0, 5.0, 5.0, 5.0, 5.0, 5.0, 5.0, 5.0, 5.0, 5.0, 5.0, 5.0, 5.0, 5.0, 5.0, 5.0, 5.0, 5.0, 5.0, 5.0, 5.0, 5.0, 5.0, 5.0, 5.0, 5.0, 5.0, 5.0, 5.0, 5.0, 5.0, 5.0, 5.0, 5.0, 5.0, 5.0, 5.0, 5.0, 5.0, 5.0, 5.0, 5.0, 5.0, 5.0, 5.0, 5.0, 5.0, 5.0, 5.0, 5.0]"
3.807894706726074,0.4376419484615326,-0.12463019788265228,0.33354660868644714,-0.06925949454307556,-0.05591529235243797,0.9985889792442322,-0.053096022456884384,-0.0008770107524469495,23.151453018188477,-0.020304083824157715,"[5.0, 5.0, 5.0, 5.0, 5.0, 5.0, 5.0, 5.0, 5.0, 5.0, 5.0, 5.0, 5.0, 5.0, 5.0, 5.0, 5.0, 5.0, 5.0, 5.0, 5.0, 5.0, 5.0, 5.0, 5.0, 5.0, 5.0, 5.0, 5.0, 5.0, 5.0, 5.0, 5.0, 5.0, 5.0, 5.0, 5.0, 5.0, 5.0, 5.0, 5.0, 5.0, 5.0, 5.0, 5.0, 5.0, 5.0, 5.0, 5.0, 5.0, 5.0, 5.0, 5.0, 5.0, 5.0, 5.0, 5.0, 5.0, 5.0, 5.0]"
3.806882858276367,0.42471250891685486,-0.1294357031583786,0.07962018996477127,-0.06916197389364243,-0.14014172554016113,0.9986827373504639,-0.05127090960741043,-0.0020015931222587824,23.07571792602539,-0.046188294887542725,"[5.0, 5.0, 5.0, 5.0, 5.0, 5.0, 5.0, 5.0, 5.0, 5.0, 5.0, 5.0, 5.0, 5.0, 5.0, 5.0, 5.0, 5.0, 5.0, 5.0, 5.0, 5.0, 5.0, 5.0, 5.0, 5.0, 5.0, 5.0, 5.0, 5.0, 5.0, 5.0, 5.0, 5.0, 5.0, 5.0, 5.0, 5.0, 5.0, 5.0, 5.0, 5.0, 5.0, 5.0, 5.0, 5.0, 5.0, 5.0, 5.0, 5.0, 5.0, 5.0, 5.0, 5.0, 5.0, 5.0, 5.0, 5.0, 5.0, 5.0]"
3.8053057193756104,0.4159364104270935,-0.13202016055583954,-0.14899778366088867,-0.0564352422952652,-0.18677200376987457,0.9988284707069397,-0.04828505590558052,-0.003178361337631941,22.999942779541016,-0.07310250401496887,"[5.0, 5.0, 5.0, 5.0, 5.0, 5.0, 5.0, 5.0, 5.0, 5.0, 5.0, 5.0, 5.0, 5.0, 5.0, 5.0, 5.0, 5.0, 5.0, 5.0, 5.0, 5.0, 5.0, 5.0, 5.0, 5.0, 5.0, 5.0, 5.0, 5.0, 5.0, 5.0, 5.0, 5.0, 5.0, 5.0, 5.0, 5.0, 5.0, 5.0, 5.0, 5.0, 5.0, 5.0, 5.0, 5.0, 5.0, 5.0, 5.0, 5.0, 5.0, 5.0, 5.0, 5.0, 5.0, 5.0, 5.0, 5.0, 5.0, 5.0]"
3.8036327362060547,0.40905332565307617,-0.13252171874046326,-0.3163906931877136,-0.026616346091032028,-0.1960880607366562,0.9989838600158691,-0.04488743469119072,-0.0040118154138326645,22.924179077148438,-0.09196832776069641,"[5.0, 5.0, 5.0, 5.0, 5.0, 5.0, 5.0, 5.0, 5.0, 5.0, 5.0, 5.0, 5.0, 5.0, 5.0, 5.0, 5.0, 5.0, 5.0, 5.0, 5.0, 5.0, 5.0, 5.0, 5.0, 5.0, 5.0, 5.0, 5.0, 5.0, 5.0, 5.0, 5.0, 5.0, 5.0, 5.0, 5.0, 5.0, 5.0, 5.0, 5.0, 5.0, 5.0, 5.0, 5.0, 5.0, 5.0, 5.0, 5.0, 5.0, 5.0, 5.0, 5.0, 5.0, 5.0, 5.0, 5.0, 5.0, 5.0, 5.0]"
3.8021812438964844,0.4025242328643799,-0.13086938858032227,-0.4232691824436188,0.011719387955963612,-0.18028223514556885,0.9991236329078674,-0.041641056537628174,-0.004210500977933407,22.848485946655273,-0.09620442986488342,"[5.0, 5.0, 5.0, 5.0, 5.0, 5.0, 5.0, 5.0, 5.0, 5.0, 5.0, 5.0, 5.0, 5.0, 5.0, 5.0, 5.0, 5.0, 5.0, 5.0, 5.0, 5.0, 5.0, 5.0, 5.0, 5.0, 5.0, 5.0, 5.0, 5.0, 5.0, 5.0, 5.0, 5.0, 5.0, 5.0, 5.0, 5.0, 5.0, 5.0, 5.0, 5.0, 5.0, 5.0, 5.0, 5.0, 5.0, 5.0, 5.0, 5.0, 5.0, 5.0, 5.0, 5.0, 5.0, 5.0, 5.0, 5.0, 5.0, 5.0]"
3.801142454147339,0.39546629786491394,-0.12765443325042725,-0.48173701763153076,0.04518284648656845,-0.1500806212425232,0.9992360472679138,-0.03889913856983185,-0.003749737050384283,22.77288055419922,-0.08539292216300964,"[5.0, 5.0, 5.0, 5.0, 5.0, 5.0, 5.0, 5.0, 5.0, 5.0, 5.0, 5.0, 5.0, 5.0, 5.0, 5.0, 5.0, 5.0, 5.0, 5.0, 5.0, 5.0, 5.0, 5.0, 5.0, 5.0, 5.0, 5.0, 5.0, 5.0, 5.0, 5.0, 5.0, 5.0, 5.0, 5.0, 5.0, 5.0, 5.0, 5.0, 5.0, 5.0, 5.0, 5.0, 5.0, 5.0, 5.0, 5.0, 5.0, 5.0, 5.0, 5.0, 5.0, 5.0, 5.0, 5.0, 5.0, 5.0, 5.0, 5.0]"
3.8006350994110107,0.38746654987335205,-0.12390817701816559,-0.5020492076873779,0.0662519782781601,-0.11382949352264404,0.9993170499801636,-0.03684433549642563,-0.0028061207849532366,22.697341918945312,-0.06369173526763916,"[5.0, 5.0, 5.0, 5.0, 5.0, 5.0, 5.0, 5.0, 5.0, 5.0, 5.0, 5.0, 5.0, 5.0, 5.0, 5.0, 5.0, 5.0, 5.0, 5.0, 5.0, 5.0, 5.0, 5.0, 5.0, 5.0, 5.0, 5.0, 5.0, 5.0, 5.0, 5.0, 5.0, 5.0, 5.0, 5.0, 5.0, 5.0, 5.0, 5.0, 5.0, 5.0, 5.0, 5.0, 5.0, 5.0, 5.0, 5.0, 5.0, 5.0, 5.0, 5.0, 5.0, 5.0, 5.0, 5.0, 5.0, 5.0, 5.0, 5.0]"
3.800673723220825,0.37858372926712036,-0.12063801288604736,-0.4911758601665497,0.07342904061079025,-0.07915441691875458,0.9993685483932495,-0.035490669310092926,-0.00162965664640069,22.62177085876465,-0.03686577081680298,"[5.0, 5.0, 5.0, 5.0, 5.0, 5.0, 5.0, 5.0, 5.0, 5.0, 5.0, 5.0, 5.0, 5.0, 5.0, 5.0, 5.0, 5.0, 5.0, 5.0, 5.0, 5.0, 5.0, 5.0, 5.0, 5.0, 5.0, 5.0, 5.0, 5.0, 5.0, 5.0, 5.0, 5.0, 5.0, 5.0, 5.0, 5.0, 5.0, 5.0, 5.0, 5.0, 5.0, 5.0, 5.0, 5.0, 5.0, 5.0, 5.0, 5.0, 5.0, 5.0, 5.0, 5.0, 5.0, 5.0, 5.0, 5.0, 5.0, 5.0]"
3.8011934757232666,0.3691243827342987,-0.11859612166881561,-0.4584731161594391,0.06797020137310028,-0.049391038715839386,0.999395489692688,-0.03476003184914589,-0.00046649351133964956,22.54616355895996,-0.01051764190196991,"[5.0, 5.0, 5.0, 5.0, 5.0, 5.0, 5.0, 5.0, 5.0, 5.0, 5.0, 5.0, 4.990829944610596, 5.0, 5.0, 5.0, 5.0, 5.0, 5.0, 5.0, 5.0, 5.0, 5.0, 5.0, 5.0, 5.0, 5.0, 5.0, 5.0, 5.0, 5.0, 5.0, 5.0, 5.0, 5.0, 5.0, 5.0, 5.0, 5.0, 5.0, 5.0, 5.0, 5.0, 5.0, 5.0, 5.0, 5.0, 5.0, 5.0, 5.0, 5.0, 5.0, 5.0, 5.0, 5.0, 5.0, 5.0, 5.0, 5.0, 5.0]"
3.8021180629730225,0.3593904674053192,-0.11851651966571808,-0.41103875637054443,0.055003419518470764,-0.025339864194393158,0.9994031190872192,-0.03454053774476051,0.0005121487774886191,22.47047233581543,0.01150822639465332,"[5.0, 5.0, 5.0, 5.0, 5.0, 5.0, 5.0, 5.0, 5.0, 5.0, 5.0, 4.974801540374756, 5.0, 5.0, 5.0, 5.0, 5.0, 5.0, 5.0, 5.0, 5.0, 5.0, 5.0, 5.0, 5.0, 5.0, 5.0, 5.0, 5.0, 5.0, 5.0, 5.0, 5.0, 5.0, 5.0, 5.0, 5.0, 5.0, 5.0, 5.0, 5.0, 5.0, 5.0, 5.0, 5.0, 5.0, 5.0, 5.0, 5.0, 5.0, 5.0, 5.0, 5.0, 5.0, 5.0, 5.0, 5.0, 5.0, 5.0, 5.0]"
3.8033297061920166,0.3498235046863556,-0.12028007209300995,-0.35838747024536133,0.03521553426980972,-0.00959185604006052,0.9993975758552551,-0.034683797508478165,0.0011685056379064918,22.394731521606445,0.02616839110851288,"[5.0, 5.0, 5.0, 5.0, 5.0, 5.0, 5.0, 5.0, 5.0, 5.0, 4.972496509552002, 4.885951519012451, 5.0, 5.0, 5.0, 5.0, 5.0, 5.0, 5.0, 5.0, 5.0, 5.0, 5.0, 5.0, 5.0, 5.0, 5.0, 5.0, 5.0, 5.0, 5.0, 5.0, 5.0, 5.0, 5.0, 5.0, 5.0, 5.0, 5.0, 5.0, 5.0, 5.0, 5.0, 5.0, 5.0, 5.0, 5.0, 5.0, 5.0, 5.0, 5.0, 5.0, 5.0, 5.0, 5.0, 5.0, 5.0, 5.0, 5.0, 5.0]"
3.8045783042907715,0.34148848056793213,-0.12636135518550873,-0.3094659745693207,0.003450179472565651,-0.010840224102139473,0.9993903636932373,-0.03488779067993164,0.0012890668585896492,22.31894874572754,0.02877064049243927,"[5.0, 5.0, 5.0, 5.0, 5.0, 5.0, 5.0, 5.0, 5.0, 4.974965572357178, 4.8824872970581055, 4.819910526275635, 5.0, 5.0, 5.0, 5.0, 5.0, 5.0, 5.0, 5.0, 5.0, 5.0, 5.0, 5.0, 5.0, 5.0, 5.0, 5.0, 5.0, 5.0, 5.0, 5.0, 5.0, 5.0, 5.0, 5.0, 5.0, 5.0, 5.0, 5.0, 5.0, 5.0, 5.0, 5.0, 5.0, 5.0, 5.0, 5.0, 5.0, 5.0, 5.0, 5.0, 5.0, 5.0, 5.0, 5.0, 5.0, 5.0, 5.0, 5.0]"
3.8056976795196533,0.33513596653938293,-0.1349199116230011,-0.2797073721885681,-0.02765006199479103,-0.02167697437107563,0.9993898272514343,-0.03491658717393875,0.00081422901712358,22.243106842041016,0.018110990524291992,"[5.0, 5.0, 5.0, 5.0, 5.0, 5.0, 5.0, 5.0, 5.0, 4.884451866149902, 4.7935919761657715, 4.843112468719482, 5.0, 5.0, 5.0, 5.0, 5.0, 5.0, 5.0, 5.0, 5.0, 5.0, 5.0, 5.0, 5.0, 5.0, 5.0, 5.0, 5.0, 5.0, 5.0, 5.0, 5.0, 5.0, 5.0, 5.0, 5.0, 5.0, 5.0, 5.0, 5.0, 5.0, 5.0, 5.0, 4.967048168182373, 5.0, 5.0, 5.0, 5.0, 5.0, 5.0, 5.0, 5.0, 5.0, 5.0, 5.0, 5.0, 5.0, 5.0, 5.0]"
3.806694746017456,0.3303072154521942,-0.1432213932275772,-0.2673484683036804,-0.04399479925632477,-0.02524254098534584,0.9993932247161865,-0.03482990711927414,-4.403526691021398e-05,22.16718101501465,-0.0009761378169059753,"[5.0, 5.0, 5.0, 5.0, 5.0, 5.0, 5.0, 5.0, 4.8916778564453125, 4.794588088989258, 4.7053093910217285, 4.864558219909668, 5.0, 5.0, 5.0, 5.0, 5.0, 5.0, 5.0, 5.0, 5.0, 5.0, 5.0, 5.0, 5.0, 5.0, 5.0, 5.0, 5.0, 5.0, 5.0, 5.0, 5.0, 5.0, 5.0, 5.0, 5.0, 5.0, 5.0, 5.0, 5.0, 5.0, 5.0, 5.0, 4.877408504486084, 4.9759016036987305, 5.0, 5.0, 5.0, 5.0, 5.0, 5.0, 5.0, 5.0, 5.0, 5.0, 5.0, 5.0, 5.0, 5.0]"
3.8074309825897217,0.3277154862880707,-0.15164639055728912,-0.24832074344158173,-0.05232405662536621,-0.04364022612571716,0.9994059205055237,-0.03444696217775345,-0.0010907447431236506,22.09120750427246,-0.024095885455608368,"[5.0, 5.0, 5.0, 5.0, 5.0, 5.0, 5.0, 5.0, 4.801208972930908, 4.705758094787598, 4.651799201965332, 4.882986545562744, 5.0, 5.0, 5.0, 5.0, 5.0, 5.0, 5.0, 5.0, 5.0, 5.0, 5.0, 5.0, 5.0, 5.0, 4.988650321960449, 4.996767997741699, 5.0, 5.0, 5.0, 5.0, 5.0, 5.0, 5.0, 5.0, 5.0, 5.0, 5.0, 5.0, 5.0, 5.0, 5.0, 4.9771199226379395, 4.78695821762085, 4.88349723815918, 4.988455772399902, 5.0, 5.0, 5.0, 5.0, 5.0, 5.0, 5.0, 5.0, 5.0, 5.0, 5.0, 5.0, 5.0]"
3.8078019618988037,0.3281337022781372,-0.1604047268629074,-0.25878891348838806,-0.05677872896194458,-0.06873620301485062,0.9994332194328308,-0.0335853286087513,-0.00224059890024364,22.01517677307129,-0.0493273101747036,"[5.0, 5.0, 5.0, 5.0, 5.0, 5.0, 5.0, 4.8144145011901855, 4.712284088134766, 4.618340492248535, 4.665876388549805, 4.897495746612549, 5.0, 5.0, 5.0, 5.0, 5.0, 5.0, 5.0, 5.0, 5.0, 5.0, 5.0, 5.0, 5.0, 4.9542555809021, 4.91459321975708, 4.92241907119751, 5.0, 5.0, 5.0, 5.0, 5.0, 5.0, 5.0, 5.0, 5.0, 5.0, 5.0, 5.0, 5.0, 5.0, 5.0, 4.9426703453063965, 4.717954158782959, 4.78959321975708, 4.892297267913818, 5.0, 5.0, 5.0, 5.0, 5.0, 5.0, 5.0, 5.0, 5.0, 5.0, 5.0, 5.0, 5.0]"
3.8078064918518066,0.3285350799560547,-0.1727806031703949,-0.33259105682373047,-0.09276442974805832,-0.04015655443072319,0.9994469881057739,-0.03301168233156204,-0.0039816806092858315,21.93901252746582,-0.08735483884811401,"[5.0, 5.0, 5.0, 5.0, 5.0, 5.0, 5.0, 4.723214626312256, 4.622803211212158, 4.530445575714111, 4.684010982513428, 5.0, 5.0, 5.0, 5.0, 5.0, 5.0, 5.0, 5.0, 5.0, 5.0, 5.0, 5.0, 5.0, 5.0, 4.837831974029541, 4.841195106506348, 4.848782062530518, 5.0, 5.0, 5.0, 5.0, 5.0, 5.0, 5.0, 5.0, 5.0, 5.0, 5.0, 5.0, 5.0, 5.0, 5.0, 4.904040813446045, 4.681039333343506, 4.697541236877441, 4.798121452331543, 5.0, 5.0, 5.0, 5.0, 5.0, 5.0, 5.0, 5.0, 5.0, 5.0, 5.0, 5.0, 5.0]"
3.8079822063446045,0.32343214750289917,-0.18643933534622192,-0.3398449718952179,-0.10842450708150864,0.057465605437755585,0.9994018077850342,-0.034030769020318985,-0.006147779989987612,21.862689971923828,-0.134409561753273,"[5.0, 5.0, 5.0, 5.0, 5.0, 5.0, 5.0, 4.626748561859131, 4.52849006652832, 4.505261421203613, 4.71505069732666, 5.0, 5.0, 5.0, 5.0, 5.0, 5.0, 5.0, 5.0, 5.0, 5.0, 5.0, 5.0, 5.0, 5.0, 4.765075206756592, 4.768486022949219, 4.776056289672852, 5.0, 5.0, 5.0, 5.0, 5.0, 5.0, 5.0, 5.0, 5.0, 5.0, 5.0, 5.0, 5.0, 5.0, 5.0, 4.852227687835693, 4.632350444793701, 4.611135959625244, 4.710063457489014, 5.0, 5.0, 5.0, 5.0, 5.0, 5.0, 5.0, 5.0, 5.0, 5.0, 5.0, 5.0, 5.0]"
3.8083255290985107,0.31136205792427063,-0.2040565460920334,-0.2393406629562378,-0.11582714319229126,0.1581237018108368,0.9992777705192566,-0.037044912576675415,-0.008454345166683197,21.786230087280273,-0.1841949075460434,"[5.0, 5.0, 5.0, 5.0, 5.0, 5.0, 4.627745151519775, 4.52379846572876, 4.428226947784424, 4.545774936676025, 4.759098529815674, 5.0, 5.0, 5.0, 5.0, 5.0, 5.0, 5.0, 5.0, 5.0, 5.0, 5.0, 5.0, 5.0, 4.93660831451416, 4.692361354827881, 4.696084499359131, 4.703909397125244, 5.0, 5.0, 5.0, 5.0, 5.0, 5.0, 5.0, 5.0, 5.0, 5.0, 5.0, 5.0, 5.0, 5.0, 5.0, 4.788193225860596, 4.572804927825928, 4.530761241912842, 4.628566741943359, 4.73492956161499, 5.0, 5.0, 5.0, 5.0, 5.0, 5.0, 5.0, 5.0, 5.0, 5.0, 5.0, 5.0]"
3.8083624839782715,0.2908380925655365,-0.219901442527771,-0.1530720740556717,-0.1814773976802826,0.2819344699382782,0.9990308284759521,-0.04242296889424324,-0.011726530268788338,21.70934295654297,-0.25459280610084534,"[5.0, 5.0, 5.0, 5.0, 5.0, 5.0, 4.515057563781738, 4.414619445800781, 4.40442419052124, 4.60027551651001, 5.0, 5.0, 5.0, 5.0, 5.0, 5.0, 5.0, 5.0, 5.0, 5.0, 5.0, 5.0, 5.0, 5.0, 4.7177276611328125, 4.62048864364624, 4.624842643737793, 4.712290287017822, 5.0, 5.0, 5.0, 5.0, 5.0, 5.0, 5.0, 5.0, 5.0, 5.0, 5.0, 5.0, 5.0, 5.0, 5.0, 4.710761070251465, 4.5013427734375, 4.458211421966553, 4.555548667907715, 4.661410808563232, 5.0, 5.0, 5.0, 5.0, 5.0, 5.0, 5.0, 5.0, 5.0, 5.0, 5.0, 5.0]"
3.808399200439453,0.25770851969718933,-0.23883861303329468,0.07868565618991852,-0.20312447845935822,0.44059062004089355,0.9985858798027039,-0.050854507833719254,-0.015489441342651844,21.63206672668457,-0.3351088762283325,"[5.0, 5.0, 5.0, 5.0, 5.0, 4.49826717376709, 4.393619060516357, 4.297420024871826, 4.468746662139893, 5.0, 5.0, 5.0, 5.0, 5.0, 5.0, 5.0, 5.0, 5.0, 5.0, 5.0, 5.0, 5.0, 5.0, 5.0, 4.547702789306641, 4.549102306365967, 4.554470062255859, 4.84351110458374, 5.0, 5.0, 5.0, 5.0, 5.0, 5.0, 5.0, 5.0, 5.0, 5.0, 5.0, 5.0, 5.0, 5.0, 5.0, 4.619751453399658, 4.4178266525268555, 4.394779205322266, 4.492443561553955, 4.598681449890137, 5.0, 5.0, 5.0, 5.0, 5.0, 5.0, 5.0, 5.0, 5.0, 5.0, 5.0, 5.0]"
3.8086154460906982,0.2165214866399765,-0.2420290857553482,0.32048481702804565,-0.10808592289686203,0.5143197774887085,0.9979643225669861,-0.06127706915140152,-0.017667453736066818,21.555255889892578,-0.3808859586715698,"[5.0, 5.0, 5.0, 5.0, 4.473744869232178, 4.365418434143066, 4.265870094299316, 4.351840496063232, 4.54010009765625, 5.0, 5.0, 5.0, 5.0, 5.0, 5.0, 5.0, 5.0, 5.0, 5.0, 5.0, 5.0, 5.0, 5.0, 4.646796226501465, 4.473649024963379, 4.476337909698486, 4.482937812805176, 5.0, 5.0, 5.0, 5.0, 5.0, 5.0, 5.0, 5.0, 5.0, 5.0, 5.0, 5.0, 5.0, 5.0, 5.0, 5.0, 4.525577068328857, 4.331582546234131, 4.334712028503418, 4.433112621307373, 5.0, 5.0, 5.0, 5.0, 5.0, 5.0, 5.0, 5.0, 5.0, 5.0, 5.0, 5.0, 5.0]"
3.808225154876709,0.1768607497215271,-0.2612314224243164,0.2341199815273285,-0.03277818486094475,0.48162969946861267,0.9972693920135498,-0.07157418131828308,-0.01818292774260044,21.479211807250977,-0.39061957597732544,"[5.0, 5.0, 5.0, 4.448675155639648, 4.336589813232422, 4.233654022216797, 4.242854118347168, 4.418385028839111, 5.0, 5.0, 5.0, 5.0, 5.0, 5.0, 5.0, 5.0, 5.0, 5.0, 5.0, 5.0, 5.0, 5.0, 5.0, 4.398499488830566, 4.398589134216309, 4.402512073516846, 4.5554680824279785, 5.0, 5.0, 5.0, 5.0, 5.0, 5.0, 5.0, 5.0, 5.0, 5.0, 5.0, 5.0, 5.0, 5.0, 5.0, 5.0, 4.434607028961182, 4.248131275177002, 4.272073268890381, 4.371062755584717, 5.0, 5.0, 5.0, 5.0, 5.0, 5.0, 5.0, 5.0, 5.0, 5.0, 5.0, 5.0, 5.0]"
3.8074231147766113,0.13626475632190704,-0.2651965320110321,-0.04817596822977066,0.00487473513931036,0.5199720859527588,0.9964541792869568,-0.082175113260746,-0.01805749535560608,21.403491973876953,-0.3865565061569214,"[5.0, 5.0, 5.0, 4.306380748748779, 4.200090408325195, 4.149445056915283, 4.314115524291992, 5.0, 5.0, 5.0, 5.0, 5.0, 5.0, 5.0, 5.0, 5.0, 5.0, 5.0, 5.0, 5.0, 5.0, 5.0, 4.52885103225708, 4.322489261627197, 4.32387638092041, 4.329029083251953, 5.0, 5.0, 5.0, 5.0, 5.0, 5.0, 5.0, 5.0, 5.0, 5.0, 5.0, 5.0, 5.0, 5.0, 5.0, 5.0, 5.0, 4.3365607261657715, 4.158076286315918, 4.2100138664245605, 4.309650897979736, 5.0, 5.0, 5.0, 5.0, 5.0, 5.0, 5.0, 4.984347820281982, 5.0, 5.0, 5.0, 5.0, 5.0]"
3.8067917823791504,0.10158047825098038,-0.26086798310279846,-0.1056455746293068,0.10572457313537598,0.4189773499965668,0.9956779479980469,-0.09140805155038834,-0.016427112743258476,21.328495025634766,-0.35041290521621704,"[5.0, 5.0, 4.280242919921875, 4.1701979637146, 4.069155693054199, 4.212762832641602, 4.38325834274292, 5.0, 5.0, 5.0, 5.0, 5.0, 5.0, 5.0, 5.0, 5.0, 5.0, 5.0, 5.0, 5.0, 5.0, 5.0, 4.2471160888671875, 4.245889663696289, 4.248356342315674, 4.31974458694458, 5.0, 5.0, 5.0, 5.0, 5.0, 5.0, 5.0, 5.0, 5.0, 5.0, 5.0, 5.0, 5.0, 5.0, 5.0, 5.0, 5.0, 4.2459282875061035, 4.074521541595459, 4.141829490661621, 4.241631507873535, 5.0, 5.0, 5.0, 5.0, 5.0, 5.0, 5.0, 4.921177387237549, 4.949264049530029, 4.9820427894592285, 5.0, 5.0, 5.0]"
3.805832624435425,0.07988894730806351,-0.2512268126010895,-0.4072656035423279,0.12134402245283127,0.2791999876499176,0.9950843453407288,-0.09795743972063065,-0.014535095542669296,21.253570556640625,-0.3089553415775299,"[5.0, 4.265328884124756, 4.150506496429443, 4.045178413391113, 4.111084938049316, 4.269747257232666, 5.0, 5.0, 5.0, 5.0, 5.0, 5.0, 5.0, 5.0, 5.0, 5.0, 5.0, 5.0, 5.0, 5.0, 5.0, 4.43245267868042, 4.1701979637146, 4.169756889343262, 4.172946929931641, 4.421154975891113, 5.0, 5.0, 5.0, 5.0, 5.0, 5.0, 5.0, 5.0, 5.0, 5.0, 5.0, 5.0, 5.0, 5.0, 5.0, 5.0, 5.0, 4.1664886474609375, 4.0008368492126465, 4.064889430999756, 4.164069652557373, 5.0, 5.0, 5.0, 5.0, 5.0, 5.0, 5.0, 4.852827072143555, 4.881418228149414, 4.914666652679443, 5.0, 5.0, 5.0]"
3.8049912452697754,0.07455454021692276,-0.2327425330877304,-0.6477684378623962,0.1357765644788742,0.08926121890544891,0.9948124885559082,-0.10090319812297821,-0.012902257964015007,21.178539276123047,-0.2732737362384796,"[5.0, 4.146509170532227, 4.0355329513549805, 4.006606578826904, 4.153251647949219, 5.0, 5.0, 5.0, 5.0, 5.0, 5.0, 5.0, 5.0, 5.0, 5.0, 5.0, 5.0, 5.0, 5.0, 5.0, 5.0, 4.202852725982666, 4.0944108963012695, 4.0942888259887695, 4.097735404968262, 5.0, 5.0, 5.0, 5.0, 5.0, 5.0, 5.0, 5.0, 5.0, 5.0, 5.0, 5.0, 5.0, 5.0, 5.0, 5.0, 5.0, 5.0, 4.102591037750244, 3.9409923553466797, 3.9769129753112793, 4.0744547843933105, 4.180675029754639, 5.0, 5.0, 5.0, 5.0, 5.0, 5.0, 4.827269077301025, 4.807420253753662, 4.840508937835693, 5.0, 5.0, 5.0]"
3.80305552482605,0.08282466977834702,-0.21623755991458893,-0.8000385761260986,-0.029997894540429115,-0.046780843287706375,0.9948040843009949,-0.10083163529634476,-0.014055644161999226,21.102540969848633,-0.2966391444206238,"[4.161106586456299, 4.0429253578186035, 3.934638261795044, 4.037271976470947, 4.185634136199951, 5.0, 5.0, 5.0, 5.0, 5.0, 5.0, 5.0, 5.0, 5.0, 5.0, 5.0, 5.0, 5.0, 5.0, 5.0, 5.0, 4.0250749588012695, 4.0214128494262695, 4.021254539489746, 4.024590492248535, 5.0, 5.0, 5.0, 5.0, 5.0, 5.0, 5.0, 5.0, 5.0, 5.0, 5.0, 5.0, 5.0, 5.0, 5.0, 5.0, 5.0, 5.0, 4.053096294403076, 3.894089937210083, 3.8824195861816406, 3.977609872817993, 4.081271171569824, 5.0, 5.0, 5.0, 5.0, 5.0, 5.0, 4.835578918457031, 4.7311930656433105, 4.763674736022949, 4.934429168701172, 5.0, 5.0]"
3.800835132598877,0.09719817340373993,-0.2116984724998474,-0.9912863373756409,-0.119001604616642,-0.05695660039782524,0.9948460459709167,-0.09983362257480621,-0.017732296139001846,21.025510787963867,-0.3728892207145691,"[4.061040878295898, 3.9453351497650146, 3.934157609939575, 4.070520877838135, 5.0, 5.0, 5.0, 5.0, 5.0, 5.0, 5.0, 5.0, 5.0, 5.0, 5.0, 5.0, 5.0, 5.0, 5.0, 5.0, 4.2900800704956055, 3.9546127319335938, 3.9508540630340576, 3.9505434036254883, 4.036477565765381, 5.0, 5.0, 5.0, 5.0, 5.0, 5.0, 5.0, 5.0, 5.0, 5.0, 5.0, 5.0, 5.0, 5.0, 5.0, 5.0, 5.0, 5.0, 4.004947662353516, 3.8483798503875732, 3.7880232334136963, 3.8807485103607178, 3.98172926902771, 5.0, 5.0, 5.0, 5.0, 5.0, 5.0, 4.845180034637451, 4.65477180480957, 4.686548709869385, 4.722886085510254, 5.0, 5.0]"
3.7977874279022217,0.113430455327034,-0.21185411512851715,-0.9910523891448975,-0.20793560147285461,-0.03530336171388626,0.994813859462738,-0.09901317209005356,-0.023271484300494194,20.947280883789062,-0.487606406211853,"[3.9621098041534424, 3.84885311126709, 3.970961332321167, 4.109206199645996, 5.0, 5.0, 5.0, 5.0, 5.0, 5.0, 5.0, 5.0, 5.0, 5.0, 5.0, 5.0, 5.0, 5.0, 5.0, 5.0, 4.081471920013428, 3.885819435119629, 3.881988763809204, 3.8815433979034424, 4.065957546234131, 5.0, 5.0, 5.0, 5.0, 5.0, 5.0, 5.0, 5.0, 5.0, 5.0, 5.0, 5.0, 5.0, 5.0, 5.0, 5.0, 5.0, 5.0, 3.9548285007476807, 3.8009350299835205, 3.6961841583251953, 3.7865777015686035, 3.8850250244140625, 5.0, 5.0, 5.0, 5.0, 5.0, 5.0, 4.851099491119385, 4.608895778656006, 4.611198425292969, 4.646838188171387, 5.0, 5.0]"
3.7940731048583984,0.13208742439746857,-0.2167201191186905,-0.9313409328460693,-0.2292349636554718,-0.022740701213479042,0.9947088360786438,-0.09841103106737137,-0.02948683314025402,20.8680419921875,-0.6156001687049866,"[3.8628716468811035, 3.882842540740967, 4.010588645935059, 5.0, 5.0, 5.0, 5.0, 5.0, 5.0, 5.0, 5.0, 5.0, 5.0, 5.0, 5.0, 5.0, 5.0, 5.0, 5.0, 5.0, 3.8726797103881836, 3.8175864219665527, 3.8137009143829346, 3.813148260116577, 4.101856708526611, 5.0, 5.0, 5.0, 5.0, 5.0, 5.0, 5.0, 5.0, 5.0, 5.0, 5.0, 5.0, 5.0, 5.0, 5.0, 5.0, 5.0, 5.0, 3.9046030044555664, 3.75346302986145, 3.6166396141052246, 3.6937077045440674, 3.789700984954834, 5.0, 5.0, 5.0, 5.0, 5.0, 5.0, 5.0, 4.615368843078613, 4.537506103515625, 4.572514533996582, 4.612092971801758, 5.0]"
3.789693593978882,0.1526506096124649,-0.2346956878900528,-0.8176860809326172,-0.20601190626621246,-0.004589347168803215,0.994549572467804,-0.09812068939208984,-0.035261284559965134,20.78847885131836,-0.7334846258163452,"[3.8032515048980713, 3.9215548038482666, 4.051259994506836, 5.0, 5.0, 5.0, 5.0, 5.0, 5.0, 5.0, 5.0, 5.0, 5.0, 5.0, 5.0, 5.0, 5.0, 5.0, 5.0, 5.0, 3.756054162979126, 3.748856782913208, 3.7449564933776855, 3.7443277835845947, 5.0, 5.0, 5.0, 5.0, 5.0, 5.0, 5.0, 5.0, 5.0, 5.0, 5.0, 5.0, 5.0, 5.0, 5.0, 5.0, 5.0, 5.0, 5.0, 3.855027198791504, 3.706636905670166, 3.5722475051879883, 3.6010854244232178, 3.694674253463745, 3.7967209815979004, 5.0, 5.0, 5.0, 5.0, 5.0, 5.0, 4.622702121734619, 4.465011119842529, 4.499475002288818, 4.538425445556641, 5.0]"
3.7856690883636475,0.17869776487350464,-0.23638585209846497,-0.7003092765808105,-0.033551175147295,-0.04910534620285034,0.9945254921913147,-0.09729094803333282,-0.03812031447887421,20.710954666137695,-0.7900825142860413,"[3.8359360694885254, 3.9556071758270264, 5.0, 5.0, 5.0, 5.0, 5.0, 5.0, 5.0, 5.0, 5.0, 5.0, 5.0, 5.0, 5.0, 5.0, 5.0, 5.0, 5.0, 3.9197912216186523, 3.684760332107544, 3.677546977996826, 3.673572540283203, 3.7394378185272217, 5.0, 5.0, 5.0, 5.0, 5.0, 5.0, 5.0, 5.0, 5.0, 5.0, 5.0, 5.0, 5.0, 5.0, 5.0, 5.0, 5.0, 5.0, 5.0, 5.0, 3.665505886077881, 3.5330557823181152, 3.5034308433532715, 3.5942962169647217, 3.693375825881958, 5.0, 5.0, 5.0, 5.0, 5.0, 5.0, 4.640270709991455, 4.426206588745117, 4.424991130828857, 4.463214874267578, 5.0]"
3.779561758041382,0.21588154137134552,-0.2721748650074005,-0.4773903787136078,-0.12841975688934326,-0.18963214755058289,0.9946939945220947,-0.09430287033319473,-0.04111786186695099,20.6332950592041,-0.8491151332855225,"[3.855288505554199, 3.9752230644226074, 5.0, 5.0, 5.0, 5.0, 5.0, 5.0, 5.0, 5.0, 5.0, 5.0, 5.0, 5.0, 5.0, 5.0, 5.0, 5.0, 5.0, 3.750774621963501, 3.614011526107788, 3.606555223464966, 3.602266788482666, 3.7167015075683594, 5.0, 5.0, 5.0, 5.0, 5.0, 5.0, 5.0, 5.0, 5.0, 5.0, 5.0, 5.0, 5.0, 5.0, 5.0, 5.0, 5.0, 5.0, 5.0, 5.0, 3.6382482051849365, 3.50647234916687, 3.3995256423950195, 3.4871091842651367, 3.582606792449951, 5.0, 5.0, 5.0, 5.0, 5.0, 5.0, 5.0, 4.4623565673828125, 4.349544048309326, 4.386710166931152, 4.428371906280518]"
3.772860288619995,0.26314330101013184,-0.30263006687164307,-0.2921859920024872,-0.0767965242266655,-0.30329516530036926,0.99507737159729,-0.08909399807453156,-0.04339383542537689,20.5562744140625,-0.892856776714325,"[3.860025405883789, 3.979036808013916, 5.0, 5.0, 5.0, 5.0, 5.0, 5.0, 5.0, 5.0, 5.0, 5.0, 5.0, 5.0, 5.0, 5.0, 5.0, 5.0, 5.0, 3.629343032836914, 3.543086290359497, 3.5351576805114746, 3.53035044670105, 3.6545794010162354, 5.0, 5.0, 5.0, 5.0, 5.0, 5.0, 5.0, 5.0, 5.0, 5.0, 5.0, 5.0, 5.0, 5.0, 5.0, 5.0, 5.0, 5.0, 5.0, 5.0, 3.625119209289551, 3.4927093982696533, 3.3724448680877686, 3.372755289077759, 3.4640588760375977, 3.563715696334839, 5.0, 5.0, 5.0, 5.0, 5.0, 5.0, 4.5188798904418945, 4.320706844329834, 4.308261871337891, 4.348428726196289]"
3.7661361694335938,0.3127814829349518,-0.3097259998321533,-0.039409905672073364,0.047559045255184174,-0.3301326334476471,0.9956035017967224,-0.08316066116094589,-0.04310007765889168,20.48183822631836,-0.8835899829864502,"[3.8535687923431396, 5.0, 5.0, 5.0, 5.0, 5.0, 5.0, 5.0, 5.0, 5.0, 5.0, 5.0, 5.0, 5.0, 5.0, 5.0, 5.0, 5.0, 5.0, 3.532564878463745, 3.4699349403381348, 3.4614970684051514, 3.456112861633301, 3.5677127838134766, 5.0, 5.0, 5.0, 5.0, 5.0, 5.0, 5.0, 5.0, 5.0, 5.0, 5.0, 5.0, 5.0, 5.0, 5.0, 5.0, 5.0, 5.0, 5.0, 5.0, 5.0, 3.4867734909057617, 3.3652448654174805, 3.2546181678771973, 3.3413567543029785, 3.436161518096924, 3.539769411087036, 5.0, 5.0, 5.0, 5.0, 5.0, 5.0, 4.384917736053467, 4.229005813598633, 4.267543792724609]"
3.761446952819824,0.3618822693824768,-0.30555611848831177,0.011663151904940605,0.3336198329925537,-0.31116586923599243,0.9962788820266724,-0.07749353349208832,-0.037722256034612656,20.412078857421875,-0.7705381512641907,"[3.8434531688690186, 5.0, 5.0, 5.0, 5.0, 5.0, 5.0, 5.0, 5.0, 5.0, 5.0, 5.0, 5.0, 5.0, 5.0, 5.0, 5.0, 5.0, 5.0, 3.433121919631958, 3.3925235271453857, 3.3836441040039062, 3.377746820449829, 3.4734113216400146, 5.0, 5.0, 5.0, 5.0, 5.0, 5.0, 5.0, 5.0, 5.0, 5.0, 5.0, 5.0, 5.0, 5.0, 5.0, 5.0, 5.0, 5.0, 5.0, 5.0, 5.0, 3.483036994934082, 3.3599979877471924, 3.248060941696167, 3.2157232761383057, 3.3056271076202393, 3.403834342956543, 5.0, 5.0, 5.0, 5.0, 5.0, 5.0, 4.455609321594238, 4.26669979095459, 4.184954643249512]"
3.7585833072662354,0.4081776738166809,-0.2841419577598572,0.09102964401245117,0.5223321318626404,-0.2810784876346588,0.9969798922538757,-0.07244735956192017,-0.027969561517238617,20.34482765197754,-0.5692586898803711,"[5.0, 5.0, 5.0, 5.0, 5.0, 5.0, 5.0, 5.0, 5.0, 5.0, 5.0, 5.0, 5.0, 5.0, 5.0, 5.0, 5.0, 5.0, 5.0, 3.324016809463501, 3.311833620071411, 3.3026084899902344, 3.296307325363159, 3.3798954486846924, 5.0, 5.0, 5.0, 5.0, 5.0, 5.0, 5.0, 5.0, 5.0, 5.0, 5.0, 5.0, 5.0, 5.0, 5.0, 5.0, 5.0, 5.0, 5.0, 5.0, 5.0, 5.0, 3.354556083679199, 3.2412779331207275, 3.1380183696746826, 3.1747891902923584, 3.267730474472046, 3.369379758834839, 5.0, 5.0, 5.0, 5.0, 5.0, 5.0, 4.334198951721191, 4.158669948577881]"
3.7552106380462646,0.4452115595340729,-0.27222633361816406,0.45734116435050964,0.29368895292282104,-0.19400182366371155,0.9974088668823242,-0.06902480870485306,-0.02027004025876522,20.274721145629883,-0.41105392575263977,"[5.0, 5.0, 5.0, 5.0, 5.0, 5.0, 5.0, 5.0, 5.0, 5.0, 5.0, 5.0, 5.0, 5.0, 5.0, 5.0, 5.0, 5.0, 5.0, 3.244635820388794, 3.2323687076568604, 3.2229905128479004, 3.2164571285247803, 3.2972166538238525, 5.0, 5.0, 5.0, 5.0, 5.0, 5.0, 5.0, 5.0, 5.0, 5.0, 5.0, 5.0, 5.0, 4.991745948791504, 5.0, 5.0, 5.0, 5.0, 5.0, 5.0, 5.0, 5.0, 3.345933198928833, 3.231581687927246, 3.12739896774292, 3.0527257919311523, 3.141120672225952, 3.2377607822418213, 3.34362530708313, 5.0, 5.0, 5.0, 5.0, 5.0, 5.0, 4.214536190032959]"
3.7525572776794434,0.47535061836242676,-0.27858465909957886,0.7302887439727783,0.13503481447696686,-0.14808915555477142,0.99764084815979,-0.06683360785245895,-0.01567891240119934,20.20238494873047,-0.316790372133255,"[5.0, 5.0, 5.0, 5.0, 5.0, 5.0, 5.0, 5.0, 5.0, 5.0, 5.0, 5.0, 5.0, 5.0, 5.0, 5.0, 5.0, 5.0, 5.0, 3.167060613632202, 3.154829502105713, 3.1454226970672607, 3.138786792755127, 3.2229113578796387, 5.0, 5.0, 5.0, 5.0, 5.0, 5.0, 5.0, 5.0, 5.0, 5.0, 5.0, 5.0, 5.0, 4.909595012664795, 4.932834148406982, 4.960628509521484, 5.0, 5.0, 5.0, 5.0, 5.0, 5.0, 5.0, 3.2199103832244873, 3.114985227584839, 3.019219160079956, 3.0226075649261475, 3.114879846572876, 3.2159266471862793, 5.0, 5.0, 5.0, 5.0, 5.0, 5.0, 4.265284061431885]"
3.7523648738861084,0.49852025508880615,-0.26852890849113464,1.039747953414917,0.28113090991973877,-0.11926770210266113,0.9978188276290894,-0.06535238772630692,-0.009301189333200455,20.13016700744629,-0.18724259734153748,"[5.0, 5.0, 5.0, 5.0, 5.0, 5.0, 5.0, 5.0, 5.0, 5.0, 5.0, 5.0, 5.0, 5.0, 5.0, 5.0, 5.0, 5.0, 5.0, 3.0879149436950684, 3.0758190155029297, 3.0664541721343994, 3.0598080158233643, 3.1452791690826416, 5.0, 5.0, 5.0, 5.0, 5.0, 5.0, 5.0, 5.0, 5.0, 5.0, 5.0, 5.0, 5.0, 4.913400173187256, 4.849722385406494, 4.876641273498535, 4.90814733505249, 5.0, 5.0, 5.0, 5.0, 5.0, 5.0, 3.210020065307617, 3.1042373180389404, 3.0077414512634277, 2.9195220470428467, 2.9933717250823975, 3.0897934436798096, 3.195582151412964, 5.0, 5.0, 5.0, 5.0, 5.0, 5.0]"
3.751066207885742,0.5154865384101868,-0.29747918248176575,1.0143271684646606,0.04331379383802414,-0.07611123472452164,0.9978960156440735,-0.06458517909049988,-0.005665847100317478,20.05670928955078,-0.11364008486270905,"[5.0, 5.0, 5.0, 5.0, 5.0, 5.0, 5.0, 5.0, 5.0, 5.0, 5.0, 5.0, 5.0, 5.0, 5.0, 5.0, 5.0, 5.0, 3.3302597999572754, 3.0106046199798584, 2.998685121536255, 2.989443302154541, 2.9828381538391113, 3.0804812908172607, 5.0, 5.0, 5.0, 5.0, 5.0, 5.0, 5.0, 5.0, 5.0, 5.0, 5.0, 5.0, 5.0, 5.0, 4.770073890686035, 4.79626989364624, 4.826972007751465, 5.0, 5.0, 5.0, 5.0, 5.0, 5.0, 5.0, 3.0912859439849854, 2.9942986965179443, 2.9056737422943115, 2.8775229454040527, 2.9697484970092773, 3.0709128379821777, 5.0, 5.0, 5.0, 5.0, 5.0, 5.0]"
3.752274751663208,0.5295549035072327,-0.32096412777900696,0.7937087416648865,0.20407067239284515,-0.07855598628520966,0.9979546666145325,-0.06391675025224686,-0.0009938323637470603,19.983118057250977,-0.019859880208969116,"[5.0, 5.0, 5.0, 5.0, 5.0, 5.0, 5.0, 5.0, 5.0, 5.0, 5.0, 5.0, 5.0, 5.0, 5.0, 5.0, 5.0, 5.0, 3.1314854621887207, 2.9331393241882324, 2.9214184284210205, 2.912297010421753, 2.9057486057281494, 3.02683687210083, 5.0, 5.0, 5.0, 5.0, 5.0, 5.0, 5.0, 5.0, 5.0, 5.0, 5.0, 5.0, 5.0, 5.0, 4.689348220825195, 4.714849948883057, 4.744770526885986, 5.0, 5.0, 5.0, 5.0, 5.0, 5.0, 5.0, 3.0753700733184814, 2.9781219959259033, 2.8892931938171387, 2.8080005645751953, 2.8502678871154785, 2.9468588829040527, 3.053065776824951, 5.0, 5.0, 5.0, 5.0, 5.0]"
3.7556312084198,0.536601722240448,-0.3108178675174713,0.8265759348869324,0.36316388845443726,-0.032821591943502426,0.997937798500061,-0.06382175534963608,0.006838518660515547,19.908979415893555,0.13615112006664276,"[5.0, 5.0, 5.0, 5.0, 5.0, 5.0, 5.0, 5.0, 5.0, 5.0, 5.0, 5.0, 5.0, 5.0, 5.0, 5.0, 5.0, 5.0, 2.896721839904785, 2.853940963745117, 2.842484712600708, 2.8335556983947754, 2.8271188735961914, 2.980897903442383, 5.0, 5.0, 5.0, 5.0, 5.0, 5.0, 5.0, 5.0, 5.0, 5.0, 5.0, 5.0, 5.0, 5.0, 4.6064863204956055, 4.6313605308532715, 4.660567283630371, 5.0, 5.0, 5.0, 5.0, 5.0, 5.0, 5.0, 5.0, 2.959426164627075, 2.87060809135437, 2.7893483638763428, 2.730858087539673, 2.8229475021362305, 2.92417573928833, 3.0357656478881836, 5.0, 4.992712020874023, 5.0, 5.0]"
3.757899284362793,0.5402934551239014,-0.2989060878753662,0.9692761898040771,0.16017761826515198,-0.053051676601171494,0.9979009628295898,-0.06352504342794418,0.012577088549733162,19.834043502807617,0.24947425723075867,"[5.0, 5.0, 5.0, 5.0, 5.0, 5.0, 5.0, 5.0, 5.0, 5.0, 5.0, 5.0, 5.0, 5.0, 5.0, 5.0, 5.0, 5.0, 2.790026903152466, 2.7762975692749023, 2.7650797367095947, 2.756326913833618, 2.749986171722412, 2.934324026107788, 5.0, 5.0, 5.0, 5.0, 5.0, 5.0, 5.0, 5.0, 5.0, 5.0, 5.0, 5.0, 5.0, 5.0, 4.5257134437561035, 4.549961566925049, 4.578464031219482, 4.611349582672119, 5.0, 5.0, 5.0, 5.0, 5.0, 5.0, 5.0, 2.9427809715270996, 2.8538706302642822, 2.7725539207458496, 2.6980581283569336, 2.7009048461914062, 2.797276258468628, 2.9034764766693115, 5.0, 4.933940887451172, 5.0, 5.0]"
3.759580135345459,0.5396152138710022,-0.30563920736312866,1.0824834108352661,-0.038806188851594925,-0.04892805963754654,0.9979021549224854,-0.06309863179922104,0.014483779668807983,19.7593936920166,0.2862207293510437,"[5.0, 5.0, 5.0, 5.0, 5.0, 5.0, 5.0, 5.0, 5.0, 5.0, 5.0, 5.0, 5.0, 5.0, 5.0, 5.0, 5.0, 5.0, 2.7142624855041504, 2.7008159160614014, 2.689814329147339, 2.6812021732330322, 2.6749424934387207, 2.8872039318084717, 5.0, 5.0, 5.0, 5.0, 5.0, 5.0, 5.0, 5.0, 5.0, 5.0, 5.0, 5.0, 5.0, 5.0, 4.634531497955322, 4.471963882446289, 4.499797821044922, 4.5319342613220215, 5.0, 5.0, 5.0, 5.0, 5.0, 5.0, 5.0, 5.0, 2.8398842811584473, 2.7583935260772705, 2.6837668418884277, 2.6153173446655273, 2.67364764213562, 2.77470064163208, 2.88639760017395, 4.927422046661377, 4.904761791229248, 5.0]"
3.7615857124328613,0.5368279814720154,-0.2858203053474426,0.9076984524726868,-0.057101473212242126,-0.04881811887025833,0.9979202151298523,-0.0626944899559021,0.014981074258685112,19.6849422454834,0.2949347198009491,"[5.0, 5.0, 5.0, 5.0, 5.0, 5.0, 5.0, 5.0, 5.0, 5.0, 5.0, 5.0, 5.0, 5.0, 5.0, 5.0, 5.0, 2.7972917556762695, 2.6392993927001953, 2.6261258125305176, 2.6153347492218018, 2.606867551803589, 2.6387712955474854, 2.8455123901367188, 5.0, 5.0, 5.0, 5.0, 5.0, 5.0, 5.0, 5.0, 5.0, 5.0, 5.0, 5.0, 5.0, 5.0, 4.744095325469971, 4.394890785217285, 4.422087669372559, 4.4535136222839355, 5.0, 5.0, 5.0, 5.0, 5.0, 5.0, 5.0, 5.0, 2.825160503387451, 2.7435665130615234, 2.668868064880371, 2.600377321243286, 2.5518224239349365, 2.647881507873535, 2.754038095474243, 2.8717682361602783, 4.835952281951904, 4.9330925941467285]"
3.7622158527374268,0.5302407145500183,-0.25822606682777405,0.9049898982048035,-0.20889364182949066,-0.0446757934987545,0.9979681372642517,-0.062368910759687424,0.013020452111959457,19.6109561920166,0.25536519289016724,"[5.0, 5.0, 5.0, 5.0, 5.0, 5.0, 5.0, 5.0, 5.0, 5.0, 5.0, 5.0, 5.0, 5.0, 5.0, 5.0, 5.0, 2.5807385444641113, 2.565490961074829, 2.5526013374328613, 2.542022943496704, 2.5337061882019043, 2.605175733566284, 2.806769609451294, 5.0, 5.0, 5.0, 5.0, 5.0, 5.0, 5.0, 5.0, 5.0, 5.0, 5.0, 5.0, 5.0, 5.0, 5.0, 4.319767475128174, 4.346378326416016, 4.377139568328857, 5.0, 5.0, 5.0, 5.0, 5.0, 5.0, 5.0, 5.0, 5.0, 2.7291266918182373, 2.6543562412261963, 2.5858240127563477, 2.522925853729248, 2.5237338542938232, 2.624572277069092, 2.7363955974578857, 4.829819202423096, 4.827695369720459]"
3.762197971343994,0.5189216136932373,-0.23720867931842804,0.9590193033218384,-0.2839081585407257,-0.02685590460896492,0.9980103373527527,-0.06237522512674332,0.009189325384795666,19.537113189697266,0.1795404851436615,"[5.0, 5.0, 5.0, 5.0, 5.0, 5.0, 5.0, 5.0, 5.0, 5.0, 5.0, 5.0, 5.0, 5.0, 5.0, 5.0, 5.0, 2.5071892738342285, 2.4922995567321777, 2.4797182083129883, 2.469369411468506, 2.4612207412719727, 2.5724871158599854, 2.76912522315979, 5.0, 5.0, 5.0, 5.0, 5.0, 5.0, 5.0, 5.0, 5.0, 5.0, 5.0, 5.0, 5.0, 5.0, 5.0, 4.246610641479492, 4.272708415985107, 4.302891254425049, 4.337301254272461, 5.0, 5.0, 5.0, 5.0, 5.0, 5.0, 5.0, 5.0, 5.0, 2.6412808895111084, 2.5726728439331055, 2.5097312927246094, 2.4519340991973877, 2.497934579849243, 2.604121685028076, 2.7223496437072754, 4.748050689697266]"
3.7632226943969727,0.49749767780303955,-0.2150035947561264,0.7954621911048889,-0.18408909440040588,0.0968070700764656,0.9979047179222107,-0.06438939273357391,0.00632261810824275,19.462886810302734,0.12305887043476105,"[5.0, 5.0, 5.0, 5.0, 5.0, 5.0, 5.0, 5.0, 5.0, 5.0, 5.0, 5.0, 5.0, 5.0, 5.0, 5.0, 2.4486939907073975, 2.4320435523986816, 2.4176902770996094, 2.4055581092834473, 2.39560866355896, 2.3878772258758545, 2.55424427986145, 5.0, 5.0, 5.0, 5.0, 5.0, 5.0, 5.0, 5.0, 5.0, 5.0, 5.0, 5.0, 5.0, 5.0, 5.0, 5.0, 4.212794780731201, 4.199869632720947, 4.229743957519531, 4.263784408569336, 5.0, 5.0, 5.0, 5.0, 5.0, 5.0, 5.0, 5.0, 5.0, 2.622504472732544, 2.5542850494384766, 2.4917070865631104, 2.4342498779296875, 2.3814594745635986, 2.478531837463379, 2.5912840366363525, 2.7174081802368164]"
3.764594554901123,0.47068965435028076,-0.19463016092777252,0.9744564890861511,-0.02243664488196373,0.08554258942604065,0.9977413415908813,-0.06685416400432587,0.0065149771980941296,19.388395309448242,0.12631765007972717,"[5.0, 5.0, 5.0, 5.0, 5.0, 5.0, 5.0, 5.0, 5.0, 5.0, 5.0, 5.0, 5.0, 5.0, 5.0, 5.0, 2.3711163997650146, 2.355117082595825, 2.3413264751434326, 2.329697370529175, 2.320173501968384, 2.371980667114258, 2.536496639251709, 5.0, 5.0, 5.0, 5.0, 5.0, 5.0, 5.0, 5.0, 5.0, 5.0, 5.0, 5.0, 5.0, 5.0, 5.0, 5.0, 4.251159191131592, 4.125084400177002, 4.154685020446777, 4.188386917114258, 5.0, 5.0, 5.0, 5.0, 5.0, 5.0, 5.0, 5.0, 5.0, 5.0, 2.5367484092712402, 2.474581480026245, 2.4175143241882324, 2.365093469619751, 2.3510754108428955, 2.4582231044769287, 2.578096389770508]"
3.764946222305298,0.44525372982025146,-0.17615455389022827,0.9552573561668396,0.0003492938121780753,0.024587668478488922,0.9976326823234558,-0.06830938160419464,0.007920967414975166,19.313793182373047,0.1529887318611145,"[5.0, 5.0, 5.0, 5.0, 5.0, 5.0, 5.0, 5.0, 5.0, 5.0, 5.0, 5.0, 5.0, 5.0, 5.0, 2.3112106323242188, 2.2935848236083984, 2.278158664703369, 2.2648708820343018, 2.2536656856536865, 2.2444937229156494, 2.350313186645508, 2.5120997428894043, 5.0, 5.0, 5.0, 5.0, 5.0, 5.0, 5.0, 5.0, 5.0, 5.0, 5.0, 5.0, 5.0, 5.0, 5.0, 5.0, 4.320611476898193, 4.048421382904053, 4.07759952545166, 4.1108078956604, 5.0, 5.0, 5.0, 5.0, 5.0, 5.0, 5.0, 5.0, 5.0, 5.0, 2.522714138031006, 2.4607651233673096, 2.403902053833008, 2.3516833782196045, 2.3037095069885254, 2.319753646850586, 2.4327590465545654]"
3.759977102279663,0.419755220413208,-0.2598881125450134,1.0668169260025024,-0.5742864012718201,-0.04979800432920456,0.9976598620414734,-0.06836338341236115,0.0010117876809090376,19.23939323425293,0.01946619153022766,"[5.0, 5.0, 5.0, 5.0, 5.0, 5.0, 5.0, 5.0, 5.0, 5.0, 5.0, 5.0, 5.0, 5.0, 5.0, 2.2376630306243896, 2.220513105392456, 2.205519437789917, 2.1925888061523438, 2.181673765182495, 2.1795413494110107, 2.3158998489379883, 2.4729814529418945, 5.0, 5.0, 5.0, 5.0, 5.0, 5.0, 5.0, 5.0, 5.0, 5.0, 5.0, 5.0, 5.0, 5.0, 5.0, 5.0, 5.0, 3.9779725074768066, 4.006650447845459, 4.039296627044678, 4.076063632965088, 5.0, 5.0, 5.0, 5.0, 5.0, 5.0, 5.0, 5.0, 5.0, 5.0, 2.455922842025757, 2.398739814758301, 2.3462369441986084, 2.2980129718780518, 2.2537245750427246, 2.28916597366333]"
3.7548828125,0.3907536268234253,-0.2875855565071106,1.2404402494430542,-0.4774206578731537,-0.07879231870174408,0.9976744055747986,-0.0677872896194458,-0.007101765833795071,19.16386604309082,-0.13610073924064636,"[5.0, 5.0, 5.0, 5.0, 5.0, 5.0, 5.0, 5.0, 5.0, 5.0, 5.0, 5.0, 5.0, 5.0, 5.0, 2.1648409366607666, 2.1481308937072754, 2.1335031986236572, 2.1208930015563965, 2.110222339630127, 2.141831398010254, 2.2733728885650635, 2.424579620361328, 5.0, 5.0, 5.0, 5.0, 5.0, 5.0, 5.0, 5.0, 5.0, 5.0, 5.0, 5.0, 5.0, 5.0, 5.0, 5.0, 5.0, 3.9690802097320557, 3.9370481967926025, 3.9690897464752197, 4.005189895629883, 5.0, 5.0, 5.0, 5.0, 5.0, 5.0, 5.0, 5.0, 5.0, 5.0, 5.0, 2.400730609893799, 2.347621440887451, 2.298859119415283, 2.254077911376953, 2.212973117828369]"
3.7464048862457275,0.36358124017715454,-0.3383321762084961,1.0852346420288086,-0.5152432918548584,-0.16351404786109924,0.9977052807807922,-0.06593211740255356,-0.015393564477562904,19.087059020996094,-0.29385271668434143,"[5.0, 5.0, 5.0, 5.0, 5.0, 5.0, 5.0, 5.0, 5.0, 5.0, 5.0, 5.0, 5.0, 5.0, 2.1111996173858643, 2.0927555561065674, 2.0764124393463135, 2.0620760917663574, 2.049704074859619, 2.0392143726348877, 2.098891019821167, 2.2249836921691895, 5.0, 5.0, 5.0, 5.0, 5.0, 5.0, 5.0, 5.0, 5.0, 5.0, 5.0, 5.0, 5.0, 5.0, 5.0, 5.0, 5.0, 5.0, 4.175564765930176, 3.8665854930877686, 3.897869348526001, 3.933137893676758, 3.9725656509399414, 5.0, 5.0, 5.0, 5.0, 5.0, 5.0, 5.0, 5.0, 5.0, 5.0, 5.0, 2.352628231048584, 2.303077220916748, 2.257582426071167, 2.2158291339874268]"
3.7336666584014893,0.32824021577835083,-0.3850334882736206,1.7755604982376099,-0.6897683143615723,-0.21613237261772156,0.9976593255996704,-0.06327307969331741,-0.025926996022462845,19.007823944091797,-0.49298155307769775,"[5.0, 5.0, 5.0, 5.0, 5.0, 5.0, 5.0, 5.0, 5.0, 5.0, 5.0, 5.0, 5.0, 5.0, 2.039828062057495, 2.0217418670654297, 2.0056936740875244, 1.9916105270385742, 1.979414939880371, 1.9690474271774292, 2.0426979064941406, 2.161585807800293, 5.0, 5.0, 5.0, 5.0, 5.0, 5.0, 5.0, 5.0, 5.0, 5.0, 5.0, 5.0, 5.0, 5.0, 5.0, 5.0, 5.0, 5.0, 5.0, 3.865521192550659, 3.830437183380127, 3.86488676071167, 3.9034252166748047, 5.0, 5.0, 5.0, 5.0, 5.0, 5.0, 5.0, 5.0, 5.0, 5.0, 5.0, 5.0, 2.323563575744629, 2.2767324447631836, 2.2337589263916016]"
3.7193634510040283,0.2942698299884796,-0.42236313223838806,1.7556166648864746,-0.5545865297317505,-0.32728081941604614,0.9976325631141663,-0.05907776206731796,-0.035198796540498734,18.927576065063477,-0.6666410565376282,"[5.0, 5.0, 5.0, 5.0, 5.0, 5.0, 5.0, 5.0, 5.0, 5.0, 5.0, 5.0, 5.0, 1.9884674549102783, 1.9686061143875122, 1.950800895690918, 1.9349819421768188, 1.9210535287857056, 1.9089586734771729, 1.8986550569534302, 1.9790241718292236, 2.089867115020752, 2.2159950733184814, 5.0, 5.0, 5.0, 5.0, 5.0, 5.0, 5.0, 5.0, 5.0, 5.0, 5.0, 5.0, 5.0, 5.0, 5.0, 5.0, 5.0, 5.0, 5.0, 3.761659860610962, 3.795128583908081, 3.8326079845428467, 3.8742871284484863, 5.0, 5.0, 5.0, 5.0, 5.0, 5.0, 5.0, 5.0, 5.0, 5.0, 5.0, 5.0, 2.3067870140075684, 2.262127637863159]"
3.714994192123413,0.2738974690437317,-0.2952403426170349,0.940216600894928,0.7099701166152954,-0.4785092771053314,0.9983343482017517,-0.051610518246889114,-0.02577917091548443,18.8596248626709,-0.4863471984863281,"[5.0, 5.0, 5.0, 5.0, 5.0, 5.0, 5.0, 5.0, 5.0, 5.0, 5.0, 5.0, 5.0, 1.9105801582336426, 1.8910242319107056, 1.8734681606292725, 1.8578177690505981, 1.8439972400665283, 1.8319575786590576, 1.8351876735687256, 1.9282177686691284, 2.0331003665924072, 5.0, 5.0, 5.0, 5.0, 5.0, 5.0, 5.0, 5.0, 5.0, 5.0, 5.0, 5.0, 5.0, 5.0, 5.0, 5.0, 5.0, 5.0, 5.0, 5.0, 3.9221084117889404, 3.700220823287964, 3.735847234725952, 3.7755239009857178, 3.8194541931152344, 5.0, 5.0, 5.0, 5.0, 5.0, 5.0, 5.0, 5.0, 5.0, 5.0, 5.0, 5.0, 2.274538040161133]"
3.7084434032440186,0.2670595347881317,-0.23785161972045898,0.2421339750289917,0.6808382272720337,-0.6424552202224731,0.9991258382797241,-0.040218520909547806,-0.011396044865250587,18.791767120361328,-0.21416574716567993,"[5.0, 5.0, 5.0, 5.0, 5.0, 5.0, 5.0, 5.0, 5.0, 5.0, 5.0, 5.0, 1.8552857637405396, 1.833840250968933, 1.8144274950027466, 1.7969458103179932, 1.7813239097595215, 1.7674591541290283, 1.755312442779541, 1.7912073135375977, 1.8797789812088013, 1.9794199466705322, 5.0, 5.0, 5.0, 5.0, 5.0, 5.0, 5.0, 5.0, 5.0, 5.0, 5.0, 5.0, 5.0, 5.0, 5.0, 5.0, 5.0, 5.0, 5.0, 5.0, 5.0, 3.61639404296875, 3.628171682357788, 3.665203094482422, 3.7062928676605225, 3.7516491413116455, 5.0, 5.0, 5.0, 5.0, 5.0, 5.0, 5.0, 5.0, 5.0, 5.0, 5.0, 5.0]"
3.7041831016540527,0.2664463520050049,-0.20181933045387268,-0.30545681715011597,0.6564843654632568,-0.6932750344276428,0.9996339082717896,-0.02698131464421749,0.0019658056553453207,18.719974517822266,0.03679990768432617,"[5.0, 5.0, 5.0, 5.0, 5.0, 5.0, 5.0, 5.0, 5.0, 5.0, 5.0, 5.0, 1.7803919315338135, 1.7590895891189575, 1.739756464958191, 1.7223126888275146, 1.7066612243652344, 1.6927211284637451, 1.680438756942749, 1.747177004814148, 1.8316371440887451, 1.926487922668457, 5.0, 5.0, 5.0, 5.0, 5.0, 5.0, 5.0, 5.0, 5.0, 5.0, 5.0, 5.0, 5.0, 5.0, 5.0, 5.0, 5.0, 5.0, 5.0, 5.0, 5.0, 3.7906243801116943, 3.5200366973876953, 3.5542588233947754, 3.592332601547241, 3.6344525814056396, 5.0, 5.0, 5.0, 5.0, 5.0, 5.0, 5.0, 5.0, 5.0, 5.0, 5.0, 5.0]"
3.701746702194214,0.26512154936790466,-0.17011509835720062,-0.48394328355789185,0.5116433501243591,-0.6686065793037415,0.9998194575309753,-0.01387367956340313,0.012973973527550697,18.645343780517578,0.24192458391189575,"[5.0, 5.0, 5.0, 5.0, 5.0, 5.0, 5.0, 5.0, 5.0, 5.0, 5.0, 1.7294214963912964, 1.706277847290039, 1.6851633787155151, 1.6659693717956543, 1.6486142873764038, 1.6329981088638306, 1.6190382242202759, 1.631617546081543, 1.7039088010787964, 1.784576177597046, 1.8750218152999878, 5.0, 5.0, 5.0, 5.0, 5.0, 5.0, 5.0, 5.0, 5.0, 5.0, 5.0, 5.0, 5.0, 5.0, 5.0, 5.0, 5.0, 5.0, 5.0, 5.0, 5.0, 5.0, 3.469672203063965, 3.447742462158203, 3.4829883575439453, 3.5220727920532227, 3.565197706222534, 5.0, 5.0, 5.0, 5.0, 5.0, 5.0, 5.0, 5.0, 5.0, 5.0, 5.0]"
3.6991240978240967,0.2647024989128113,-0.20071224868297577,-0.5616664886474609,0.05416949838399887,-0.6582514047622681,0.9998626112937927,-0.0010768036590889096,0.016533290967345238,18.570709228515625,0.30707693099975586,"[5.0, 5.0, 5.0, 5.0, 5.0, 5.0, 5.0, 5.0, 5.0, 5.0, 5.0, 1.6569879055023193, 1.634108066558838, 1.6132138967514038, 1.5942060947418213, 1.5769662857055664, 1.5614161491394043, 1.547471523284912, 1.5885506868362427, 1.6573619842529297, 1.7340214252471924, 1.819823145866394, 5.0, 5.0, 5.0, 5.0, 5.0, 5.0, 5.0, 5.0, 5.0, 5.0, 5.0, 5.0, 5.0, 5.0, 5.0, 5.0, 5.0, 5.0, 5.0, 5.0, 5.0, 5.0, 3.6318156719207764, 3.3497533798217773, 3.382453680038452, 3.418811798095703, 3.459017753601074, 5.0, 5.0, 5.0, 5.0, 5.0, 5.0, 5.0, 5.0, 5.0, 5.0, 5.0]"
3.6975650787353516,0.26579347252845764,-0.2318107932806015,-0.6347911357879639,-0.14253456890583038,-0.6406267881393433,0.9998216032981873,0.011426336131989956,0.015033138915896416,18.497098922729492,0.2781009078025818,"[5.0, 5.0, 5.0, 5.0, 5.0, 5.0, 5.0, 5.0, 5.0, 5.0, 1.6099724769592285, 1.5853382349014282, 1.5627795457839966, 1.5421520471572876, 1.52335524559021, 1.5062816143035889, 1.4908517599105835, 1.4854307174682617, 1.5443942546844482, 1.6097097396850586, 1.6823790073394775, 1.7635804414749146, 5.0, 5.0, 5.0, 5.0, 5.0, 5.0, 5.0, 5.0, 5.0, 5.0, 5.0, 5.0, 5.0, 5.0, 5.0, 5.0, 5.0, 5.0, 5.0, 5.0, 5.0, 5.0, 5.0, 3.3630189895629883, 3.2878663539886475, 3.3217380046844482, 3.3592774868011475, 3.400682210922241, 5.0, 5.0, 5.0, 5.0, 5.0, 5.0, 5.0, 5.0, 5.0, 5.0]"
3.695868492126465,0.2669300436973572,-0.25787636637687683,-0.6900396347045898,-0.26291927695274353,-0.59801185131073,0.9996694326400757,0.02326570451259613,0.010933345183730125,18.423831939697266,0.20144617557525635,"[5.0, 5.0, 5.0, 5.0, 5.0, 5.0, 5.0, 5.0, 5.0, 1.563763976097107, 1.5374314785003662, 1.5132590532302856, 1.4911093711853027, 1.4708374738693237, 1.4523416757583618, 1.4355130195617676, 1.4202710390090942, 1.445325493812561, 1.5014153718948364, 1.563491702079773, 1.632458209991455, 5.0, 5.0, 5.0, 5.0, 5.0, 5.0, 5.0, 5.0, 5.0, 5.0, 5.0, 5.0, 5.0, 5.0, 5.0, 5.0, 5.0, 5.0, 5.0, 5.0, 5.0, 5.0, 5.0, 5.0, 3.518566131591797, 3.1972930431365967, 3.2289016246795654, 3.264019012451172, 3.3028244972229004, 3.3455257415771484, 5.0, 5.0, 5.0, 5.0, 5.0, 5.0, 5.0, 5.0, 5.0]"
3.6941652297973633,0.2620086073875427,-0.3148971199989319,-0.5497164130210876,-0.28426602482795715,-0.48000767827033997,0.9994291663169861,0.03323584794998169,0.006045920308679342,18.350257873535156,0.11094623804092407,"[5.0, 5.0, 5.0, 5.0, 5.0, 5.0, 5.0, 5.0, 5.0, 1.4882608652114868, 1.4626491069793701, 1.4391311407089233, 1.417569637298584, 1.3978190422058105, 1.3797897100448608, 1.363370656967163, 1.3595889806747437, 1.408239483833313, 1.4618468284606934, 1.5211164951324463, 1.5868897438049316, 5.0, 5.0, 5.0, 5.0, 5.0, 5.0, 5.0, 5.0, 5.0, 5.0, 5.0, 5.0, 5.0, 5.0, 5.0, 5.0, 5.0, 5.0, 5.0, 5.0, 5.0, 5.0, 5.0, 5.0, 5.0, 3.2516391277313232, 3.1403448581695557, 3.1733903884887695, 3.2099740505218506, 3.2502877712249756, 5.0, 5.0, 5.0, 5.0, 5.0, 5.0, 5.0, 5.0, 5.0]"
3.692011833190918,0.2483372837305069,-0.3687375783920288,-0.43890300393104553,-0.31386297941207886,-0.3290479779243469,0.9991809725761414,0.040456999093294144,0.0006619120249524713,18.276199340820312,0.01209723949432373,"[5.0, 5.0, 5.0, 5.0, 5.0, 5.0, 5.0, 5.0, 1.4363120794296265, 1.4095300436019897, 1.3849040269851685, 1.3622907400131226, 1.3415398597717285, 1.322543740272522, 1.3051739931106567, 1.2893462181091309, 1.328250527381897, 1.3750962018966675, 1.4267024993896484, 1.4837108850479126, 1.5469319820404053, 5.0, 5.0, 5.0, 5.0, 5.0, 5.0, 5.0, 5.0, 5.0, 5.0, 5.0, 5.0, 5.0, 5.0, 5.0, 5.0, 5.0, 5.0, 5.0, 5.0, 5.0, 5.0, 5.0, 5.0, 5.0, 3.356762409210205, 3.0563406944274902, 3.0877320766448975, 3.1225314140319824, 3.1609199047088623, 3.203106641769409, 5.0, 5.0, 5.0, 5.0, 5.0, 5.0, 5.0, 5.0]"
3.688713312149048,0.2417849600315094,-0.40789031982421875,-0.4106089770793915,-0.3060799241065979,-0.4342156648635864,0.9988077878952026,0.04858560860157013,-0.004701830912381411,18.20160675048828,-0.08558183908462524,"[5.0, 5.0, 5.0, 5.0, 5.0, 5.0, 5.0, 1.3843592405319214, 1.3563978672027588, 1.3306862115859985, 1.30704927444458, 1.28533136844635, 1.2654073238372803, 1.2471562623977661, 1.2304633855819702, 1.2541723251342773, 1.2951157093048096, 1.3400461673736572, 1.3895081281661987, 1.4441202878952026, 1.5046281814575195, 5.0, 5.0, 5.0, 5.0, 5.0, 5.0, 5.0, 5.0, 5.0, 5.0, 5.0, 5.0, 5.0, 5.0, 5.0, 5.0, 5.0, 5.0, 5.0, 5.0, 5.0, 5.0, 5.0, 5.0, 5.0, 5.0, 3.1126644611358643, 3.001986265182495, 3.0349631309509277, 3.0713906288146973, 3.1114652156829834, 5.0, 5.0, 5.0, 5.0, 5.0, 5.0, 5.0, 5.0]"
3.6890788078308105,0.24240118265151978,-0.41491231322288513,-0.610198974609375,0.14366164803504944,-0.46675360202789307,0.9983235001564026,0.057798121124506,-0.003042542841285467,18.12785530090332,-0.055155038833618164,"[5.0, 5.0, 5.0, 5.0, 5.0, 5.0, 1.3297317028045654, 1.3006938695907593, 1.2740031480789185, 1.249451756477356, 1.2268786430358887, 1.2061409950256348, 1.1871137619018555, 1.169663667678833, 1.1873172521591187, 1.2232469320297241, 1.262578010559082, 1.3057180643081665, 1.3531749248504639, 1.4055362939834595, 4.3952317237854, 5.0, 5.0, 5.0, 5.0, 5.0, 5.0, 5.0, 5.0, 5.0, 5.0, 5.0, 5.0, 5.0, 5.0, 5.0, 5.0, 5.0, 5.0, 5.0, 5.0, 5.0, 5.0, 5.0, 5.0, 5.0, 5.0, 3.2169439792633057, 2.910477876663208, 2.941474437713623, 2.97576904296875, 3.0135412216186523, 3.054994583129883, 5.0, 5.0, 5.0, 5.0, 5.0, 5.0, 5.0]"
3.6872305870056152,0.23209314048290253,-0.45531439781188965,-0.3231910169124603,-0.08740873634815216,-0.3050588369369507,0.9978981614112854,0.06474572420120239,-0.0026667634956538677,18.053943634033203,-0.04814577102661133,"[5.0, 5.0, 5.0, 5.0, 1.3041605949401855, 1.2716740369796753, 1.2418259382247925, 1.2144248485565186, 1.1892157793045044, 1.1660473346710205, 1.1447445154190063, 1.1251784563064575, 1.1071988344192505, 1.127445101737976, 1.1591668128967285, 1.1938101053237915, 1.2317163944244385, 1.2732871770858765, 1.3189986944198608, 1.3694112300872803, 4.334085941314697, 5.0, 5.0, 5.0, 5.0, 5.0, 5.0, 5.0, 5.0, 5.0, 5.0, 5.0, 5.0, 5.0, 5.0, 5.0, 5.0, 5.0, 5.0, 5.0, 5.0, 5.0, 5.0, 5.0, 5.0, 5.0, 5.0, 5.0, 2.9836974143981934, 2.8530313968658447, 2.885568380355835, 2.921440601348877, 2.960839033126831, 3.003983974456787, 5.0, 5.0, 5.0, 5.0, 5.0, 5.0]"
3.6897788047790527,0.21488574147224426,-0.5131380558013916,-0.1983681321144104,0.20053783059120178,-0.21005472540855408,0.9975833892822266,0.06947436183691025,0.0007604961283504963,17.980310440063477,0.013673961162567139,"[5.0, 5.0, 5.0, 1.2409340143203735, 1.2079484462738037, 1.1777045726776123, 1.1499361991882324, 1.1244401931762695, 1.1009902954101562, 1.0794366598129272, 1.0596197843551636, 1.0479391813278198, 1.073845386505127, 1.1020456552505493, 1.1327967643737793, 1.166375994682312, 1.2031004428863525, 1.2433826923370361, 1.2876464128494263, 4.16819429397583, 4.293429851531982, 5.0, 5.0, 5.0, 5.0, 5.0, 5.0, 5.0, 5.0, 5.0, 5.0, 5.0, 5.0, 5.0, 5.0, 5.0, 5.0, 5.0, 5.0, 5.0, 5.0, 5.0, 5.0, 5.0, 5.0, 5.0, 5.0, 5.0, 3.0544936656951904, 2.7764158248901367, 2.797136068344116, 2.8313963413238525, 2.869046926498413, 2.9102959632873535, 5.0, 5.0, 5.0, 5.0, 5.0, 5.0]"
3.6952686309814453,0.17376738786697388,-0.4873378872871399,-0.17359404265880585,0.31564605236053467,0.16389934718608856,0.9976484775543213,0.06814557313919067,0.0073076519183814526,17.9063720703125,0.13085705041885376,"[5.0, 1.2022175788879395, 1.1665319204330444, 1.1339036226272583, 1.1040410995483398, 1.0766452550888062, 1.0515106916427612, 1.0284227132797241, 1.007187008857727, 0.9876702427864075, 1.0051569938659668, 1.0286357402801514, 1.0541677474975586, 1.0819679498672485, 1.1122918128967285, 1.14541494846344, 1.1816390752792358, 1.2213878631591797, 4.1090497970581055, 4.091399192810059, 4.309093475341797, 5.0, 5.0, 5.0, 5.0, 5.0, 5.0, 5.0, 5.0, 5.0, 5.0, 5.0, 5.0, 5.0, 5.0, 5.0, 5.0, 5.0, 5.0, 5.0, 5.0, 5.0, 5.0, 5.0, 5.0, 5.0, 5.0, 5.0, 3.064917802810669, 2.7886459827423096, 2.71401309967041, 2.747326374053955, 2.783928632736206, 2.824022054672241, 2.867832660675049, 5.0, 5.0, 5.0, 5.0, 5.0]"
3.7004051208496094,0.12418963760137558,-0.43041306734085083,0.07670486718416214,0.21037738025188446,0.1983209103345871,0.9978402853012085,0.06447384506464005,0.012559279799461365,17.831893920898438,0.22397345304489136,"[1.1213998794555664, 1.0865564346313477, 1.0547490119934082, 1.0256977081298828, 0.9990724921226501, 0.9746799468994141, 0.9522755146026611, 0.9316914677619934, 0.9451776146888733, 0.9648322463035583, 0.9861701726913452, 1.0093780755996704, 1.0346205234527588, 1.062125325202942, 1.0921097993850708, 1.1248735189437866, 1.160730004310608, 4.0510149002075195, 4.03053617477417, 4.083273410797119, 4.3379807472229, 5.0, 5.0, 5.0, 5.0, 5.0, 5.0, 5.0, 5.0, 5.0, 5.0, 5.0, 5.0, 5.0, 5.0, 5.0, 5.0, 5.0, 5.0, 5.0, 5.0, 5.0, 5.0, 5.0, 5.0, 5.0, 5.0, 5.0, 5.0, 2.794290781021118, 2.635082244873047, 2.6677348613739014, 2.703594446182251, 2.7428598403930664, 2.785753011703491, 5.0, 5.0, 5.0, 5.0, 5.0]"
3.7054624557495117,0.0778086856007576,-0.42639681696891785,0.2892628610134125,0.1542375534772873,0.1095452532172203,0.9979418516159058,0.06205296888947487,0.016162114217877388,17.757293701171875,0.28703296184539795,"[1.0047366619110107, 0.9739135503768921, 0.945793867111206, 0.9200884699821472, 0.8965592980384827, 0.8751341700553894, 0.8901640772819519, 0.9064940810203552, 0.9242393374443054, 0.9435130953788757, 0.964455246925354, 0.9872102737426758, 1.011980414390564, 1.0389524698257446, 1.0683777332305908, 5.0, 3.9965298175811768, 3.973092794418335, 3.95331072807312, 4.089894771575928, 5.0, 5.0, 5.0, 5.0, 5.0, 5.0, 5.0, 5.0, 5.0, 5.0, 5.0, 5.0, 5.0, 5.0, 5.0, 5.0, 5.0, 5.0, 5.0, 5.0, 5.0, 5.0, 5.0, 5.0, 5.0, 5.0, 5.0, 5.0, 5.0, 2.8246572017669678, 2.598470687866211, 2.588456153869629, 2.623473882675171, 2.66180682182312, 2.7036728858947754, 2.7493207454681396, 5.0, 5.0, 5.0, 5.0]"
3.7167816162109375,0.04240838810801506,-0.29755932092666626,0.05175788328051567,0.7853285074234009,-0.014799176715314388,0.9976562857627869,0.06196024268865585,0.02902994304895401,17.679065704345703,0.5134387016296387,"[0.8883078098297119, 0.8614221811294556, 0.8369079828262329, 0.8278918266296387, 0.840310275554657, 0.8538334965705872, 0.8685269951820374, 0.8844940662384033, 0.9018335938453674, 0.920670211315155, 0.9411426186561584, 0.963378369808197, 0.9875909090042114, 1.0139622688293457, 5.0, 3.9414734840393066, 3.9149370193481445, 3.8920774459838867, 3.8727827072143555, 4.091693878173828, 5.0, 5.0, 5.0, 5.0, 5.0, 5.0, 5.0, 5.0, 5.0, 5.0, 5.0, 5.0, 5.0, 5.0, 5.0, 5.0, 5.0, 5.0, 5.0, 5.0, 5.0, 5.0, 5.0, 5.0, 5.0, 5.0, 5.0, 5.0, 5.0, 2.861219644546509, 2.633232831954956, 2.50093412399292, 2.5347061157226562, 2.5716700553894043, 2.6120388507843018, 2.656049966812134, 5.0, 5.0, 5.0, 5.0]"
3.7228639125823975,0.014558892697095871,-0.3438740372657776,-0.19454222917556763,0.12831969559192657,-0.08797454088926315,0.9973478317260742,0.06350962072610855,0.035549476742744446,17.601795196533203,0.6261304020881653,"[0.7761667966842651, 0.7849530577659607, 0.7950844168663025, 0.8061445355415344, 0.8181975483894348, 0.831327497959137, 0.8455842733383179, 0.8610970377922058, 0.8779343962669373, 0.8962181210517883, 0.9160842299461365, 0.9376965761184692, 0.9611974358558655, 5.0, 5.0, 3.864891767501831, 3.838777542114258, 3.8162472248077393, 3.849958658218384, 4.075091361999512, 5.0, 5.0, 5.0, 5.0, 5.0, 5.0, 5.0, 5.0, 5.0, 5.0, 5.0, 5.0, 5.0, 5.0, 5.0, 5.0, 5.0, 5.0, 5.0, 5.0, 5.0, 5.0, 5.0, 5.0, 5.0, 5.0, 5.0, 5.0, 5.0, 5.0, 2.675628662109375, 2.480719566345215, 2.4477195739746094, 2.483222723007202, 2.521998882293701, 2.5642778873443604, 2.6103105545043945, 5.0, 5.0, 5.0]"
3.7216360569000244,-0.010424179024994373,-0.4669676423072815,0.14406009018421173,-0.7876315116882324,-0.17327117919921875,0.9974508881568909,0.06685374677181244,0.02494005300104618,17.532644271850586,0.4374011754989624,"[0.7531501054763794, 0.7619756460189819, 0.771657407283783, 0.7822225093841553, 0.7937465906143188, 0.8062970638275146, 0.8199489712715149, 0.8347852826118469, 0.8508849143981934, 0.8683927655220032, 0.8873981833457947, 0.908072292804718, 5.0, 5.0, 5.0, 3.7983314990997314, 3.7722294330596924, 3.749699592590332, 3.797541379928589, 4.016787528991699, 5.0, 5.0, 5.0, 5.0, 5.0, 5.0, 5.0, 5.0, 5.0, 5.0, 5.0, 5.0, 5.0, 5.0, 5.0, 5.0, 5.0, 5.0, 5.0, 5.0, 5.0, 5.0, 5.0, 5.0, 5.0, 5.0, 5.0, 5.0, 5.0, 5.0, 2.755396842956543, 2.5517094135284424, 2.3785109519958496, 2.4031941890716553, 2.4405057430267334, 2.4811952114105225, 2.5255064964294434, 2.573729991912842, 5.0, 5.0]"
3.7093777656555176,-0.02261251024901867,-0.5549880266189575,0.5690590739250183,-1.5750203132629395,-0.43787461519241333,0.9972047209739685,0.07467149198055267,-0.0025778505951166153,17.462013244628906,-0.04501461982727051,"[0.7277894020080566, 0.735992431640625, 0.7449986934661865, 0.7548312544822693, 0.7655766010284424, 0.7772833704948425, 0.7900218367576599, 0.8038691282272339, 0.8189116716384888, 0.8352451920509338, 5.0, 5.0, 5.0, 5.0, 5.0, 3.745192289352417, 3.718413829803467, 3.695190668106079, 3.6889185905456543, 3.8948352336883545, 5.0, 5.0, 5.0, 5.0, 5.0, 5.0, 5.0, 5.0, 5.0, 5.0, 5.0, 5.0, 5.0, 5.0, 5.0, 5.0, 5.0, 5.0, 5.0, 5.0, 5.0, 5.0, 5.0, 5.0, 5.0, 5.0, 5.0, 5.0, 5.0, 5.0, 5.0, 2.6866748332977295, 2.4972593784332275, 2.335179328918457, 2.365227699279785, 2.4041860103607178, 2.4466395378112793, 2.492849826812744, 2.54312801361084, 5.0]"
3.7007639408111572,-0.05288049951195717,-0.518909752368927,0.7894671559333801,-0.9168965220451355,-0.1736162155866623,0.9965225458145142,0.07955695688724518,-0.024764832109212875,17.381126403808594,-0.4305728077888489,"[0.7019457817077637, 0.7096034288406372, 0.7180132865905762, 0.7272249460220337, 0.7372775673866272, 0.7482312917709351, 0.7601661086082458, 0.7731397747993469, 0.7872337698936462, 5.0, 5.0, 5.0, 5.0, 5.0, 5.0, 3.686384916305542, 3.659356117248535, 3.635838270187378, 3.6157262325286865, 3.79620099067688, 5.0, 5.0, 5.0, 5.0, 5.0, 5.0, 5.0, 5.0, 5.0, 5.0, 5.0, 5.0, 5.0, 5.0, 5.0, 5.0, 5.0, 5.0, 5.0, 5.0, 5.0, 5.0, 5.0, 5.0, 5.0, 5.0, 5.0, 5.0, 5.0, 5.0, 5.0, 5.0, 2.6188390254974365, 2.443584680557251, 2.2926383018493652, 2.329970121383667, 2.3708925247192383, 2.415454149246216, 2.4639525413513184, 2.5167155265808105]"
3.6966466903686523,-0.07136164605617523,-0.4225534200668335,0.7185953855514526,-0.2160731554031372,-0.41875189542770386,0.9956835508346558,0.08660020679235458,-0.03338436782360077,17.302343368530273,-0.5779500007629395,"[0.6748881340026855, 0.6819984316825867, 0.6898232102394104, 0.6983944177627563, 0.7077484726905823, 0.7179703712463379, 0.7290784120559692, 5.0, 5.0, 5.0, 5.0, 5.0, 5.0, 5.0, 5.0, 3.620609760284424, 3.593203067779541, 3.5692920684814453, 3.548750400543213, 3.699681520462036, 5.0, 5.0, 5.0, 5.0, 5.0, 5.0, 5.0, 5.0, 5.0, 5.0, 5.0, 5.0, 5.0, 5.0, 5.0, 5.0, 5.0, 5.0, 5.0, 5.0, 5.0, 5.0, 5.0, 5.0, 5.0, 5.0, 5.0, 5.0, 5.0, 5.0, 5.0, 5.0, 5.0, 2.567446708679199, 2.4038617610931396, 2.262155532836914, 2.2835912704467773, 2.3259878158569336, 2.372131109237671, 2.4223411083221436]"
3.6910998821258545,-0.08176665753126144,-0.3778958320617676,0.6361894607543945,-0.213646799325943,-0.5258583426475525,0.9945865273475647,0.09649448096752167,-0.038551148027181625,17.225170135498047,-0.6645441055297852,"[0.6466995477676392, 0.6532175540924072, 0.66041100025177, 0.6682935953140259, 0.6769278049468994, 5.0, 5.0, 5.0, 5.0, 5.0, 5.0, 5.0, 5.0, 5.0, 5.0, 3.5552594661712646, 3.5272376537323, 3.5026633739471436, 3.4814226627349854, 3.5926337242126465, 3.790048837661743, 5.0, 5.0, 5.0, 5.0, 5.0, 5.0, 5.0, 5.0, 5.0, 5.0, 5.0, 5.0, 5.0, 5.0, 5.0, 5.0, 5.0, 5.0, 5.0, 5.0, 5.0, 5.0, 5.0, 5.0, 5.0, 5.0, 5.0, 5.0, 5.0, 5.0, 5.0, 5.0, 5.0, 2.535701274871826, 2.3808140754699707, 2.246011257171631, 2.2307631969451904, 2.274174213409424, 2.3214223384857178]"
3.6854777336120605,-0.08282312005758286,-0.3421364426612854,0.3331455886363983,-0.23313386738300323,-0.6451287269592285,0.9930916428565979,0.1089022159576416,-0.043692123144865036,17.147823333740234,-0.7499411106109619,"[0.6177891492843628, 0.6237180829048157, 5.0, 5.0, 5.0, 5.0, 5.0, 5.0, 5.0, 5.0, 5.0, 5.0, 5.0, 5.0, 5.0, 5.0, 3.4640400409698486, 3.43858003616333, 3.416428804397583, 3.4787182807922363, 3.6631975173950195, 5.0, 5.0, 5.0, 5.0, 5.0, 5.0, 5.0, 5.0, 5.0, 5.0, 5.0, 5.0, 5.0, 5.0, 5.0, 5.0, 5.0, 5.0, 5.0, 5.0, 5.0, 5.0, 5.0, 5.0, 5.0, 5.0, 5.0, 5.0, 5.0, 5.0, 5.0, 5.0, 5.0, 5.0, 2.512662649154663, 2.3648557662963867, 2.235703945159912, 2.1733431816101074, 2.2173759937286377]"
3.6842849254608154,-0.0805111825466156,-0.27163049578666687,-0.0968051552772522,0.25540226697921753,-0.6483257412910461,0.9916458129882812,0.1223309338092804,-0.04090858995914459,17.076982498168945,-0.6991806030273438,"[5.0, 5.0, 5.0, 5.0, 5.0, 5.0, 5.0, 5.0, 5.0, 5.0, 5.0, 5.0, 5.0, 5.0, 5.0, 5.0, 3.39737868309021, 3.3710522651672363, 3.348022222518921, 3.3800604343414307, 3.5541346073150635, 5.0, 5.0, 5.0, 5.0, 5.0, 5.0, 5.0, 5.0, 5.0, 5.0, 5.0, 5.0, 5.0, 5.0, 5.0, 5.0, 5.0, 5.0, 5.0, 5.0, 5.0, 5.0, 5.0, 5.0, 5.0, 5.0, 5.0, 5.0, 5.0, 5.0, 5.0, 5.0, 5.0, 5.0, 5.0, 2.47693133354187, 2.337331533432007, 2.214824676513672, 2.1072492599487305]"
3.681901693344116,-0.08549266308546066,-0.2936157286167145,-0.36879897117614746,0.13224360346794128,-0.5089036822319031,0.9902967214584351,0.13402684032917023,-0.036729197949171066,17.00713348388672,-0.6250802278518677,"[5.0, 5.0, 5.0, 5.0, 5.0, 5.0, 5.0, 5.0, 5.0, 5.0, 5.0, 5.0, 5.0, 5.0, 5.0, 5.0, 3.3288092613220215, 3.301914691925049, 3.2782819271087646, 3.3002493381500244, 3.4667015075683594, 5.0, 5.0, 5.0, 5.0, 5.0, 5.0, 5.0, 5.0, 5.0, 5.0, 5.0, 5.0, 5.0, 5.0, 5.0, 5.0, 5.0, 5.0, 5.0, 5.0, 5.0, 5.0, 5.0, 5.0, 5.0, 5.0, 5.0, 5.0, 5.0, 5.0, 5.0, 5.0, 5.0, 5.0, 5.0, 5.0, 2.424245834350586, 2.294343948364258, 2.1797935962677]"
3.6834659576416016,-0.0917043685913086,-0.3217318654060364,-0.7635647654533386,0.4091128706932068,-0.4413883686065674,0.9891406893730164,0.14429669082164764,-0.02790793403983116,16.939847946166992,-0.47294044494628906,"[5.0, 5.0, 5.0, 5.0, 5.0, 5.0, 5.0, 5.0, 5.0, 5.0, 5.0, 5.0, 5.0, 5.0, 5.0, 3.2872488498687744, 3.256730318069458, 3.229548215866089, 3.2055583000183105, 3.2396888732910156, 3.4011213779449463, 5.0, 5.0, 5.0, 5.0, 5.0, 5.0, 5.0, 5.0, 5.0, 5.0, 5.0, 5.0, 5.0, 5.0, 5.0, 5.0, 5.0, 5.0, 5.0, 5.0, 5.0, 5.0, 5.0, 5.0, 5.0, 5.0, 5.0, 5.0, 5.0, 5.0, 5.0, 5.0, 5.0, 5.0, 5.0, 5.0, 5.0, 2.3560853004455566, 2.2369751930236816]"
3.6857714653015137,-0.09979405999183655,-0.3871169984340668,-0.9800030589103699,0.3416129946708679,-0.3466379940509796,0.9880860447883606,0.15287859737873077,-0.017718514427542686,16.8718318939209,-0.29899078607559204,"[5.0, 5.0, 5.0, 5.0, 5.0, 5.0, 5.0, 5.0, 5.0, 5.0, 5.0, 5.0, 5.0, 5.0, 5.0, 3.213350296020508, 3.182823896408081, 3.1555943489074707, 3.131500482559204, 3.1923835277557373, 3.35054087638855, 5.0, 5.0, 5.0, 5.0, 5.0, 5.0, 5.0, 5.0, 5.0, 5.0, 5.0, 5.0, 5.0, 5.0, 5.0, 5.0, 5.0, 5.0, 5.0, 5.0, 5.0, 5.0, 5.0, 5.0, 5.0, 5.0, 5.0, 5.0, 5.0, 5.0, 5.0, 5.0, 5.0, 5.0, 5.0, 5.0, 5.0, 5.0, 2.281364917755127]"
3.6908891201019287,-0.0967133417725563,-0.4325551986694336,-1.1252384185791016,0.38948702812194824,-0.4475349187850952,0.9867079854011536,0.16237719357013702,-0.006380900740623474,16.80232810974121,-0.10721617937088013,"[5.0, 5.0, 5.0, 5.0, 5.0, 5.0, 5.0, 5.0, 5.0, 5.0, 5.0, 5.0, 5.0, 5.0, 5.0, 3.1401827335357666, 3.1096091270446777, 3.08225417137146, 3.0579936504364014, 3.1423182487487793, 3.2968921661376953, 5.0, 5.0, 5.0, 5.0, 5.0, 5.0, 5.0, 5.0, 5.0, 5.0, 5.0, 5.0, 5.0, 5.0, 5.0, 5.0, 5.0, 5.0, 5.0, 5.0, 5.0, 5.0, 5.0, 5.0, 5.0, 5.0, 5.0, 5.0, 5.0, 5.0, 5.0, 5.0, 5.0, 5.0, 5.0, 5.0, 5.0, 5.0, 5.0]"
3.6950509548187256,-0.10106968134641647,-0.43699562549591064,-1.3437292575836182,0.17665687203407288,-0.20720374584197998,0.9856743812561035,0.16863363981246948,0.002943173749372363,16.730751037597656,0.049241721630096436,"[5.0, 5.0, 5.0, 5.0, 5.0, 5.0, 5.0, 5.0, 5.0, 5.0, 5.0, 5.0, 5.0, 5.0, 5.0, 3.065145254135132, 3.034871816635132, 3.0077567100524902, 2.9836740493774414, 3.108290195465088, 3.2612240314483643, 5.0, 5.0, 5.0, 5.0, 5.0, 5.0, 5.0, 5.0, 5.0, 5.0, 5.0, 5.0, 5.0, 5.0, 5.0, 5.0, 5.0, 5.0, 5.0, 5.0, 5.0, 5.0, 5.0, 5.0, 5.0, 5.0, 5.0, 5.0, 5.0, 5.0, 5.0, 5.0, 5.0, 5.0, 5.0, 5.0, 5.0, 5.0, 5.0]"
3.699664831161499,-0.11913548409938812,-0.43159663677215576,-1.3189617395401,0.14999963343143463,0.0376872643828392,0.9853996634483337,0.16989536583423615,0.011082857847213745,16.65794563293457,0.18462902307510376,"[5.0, 5.0, 5.0, 5.0, 5.0, 5.0, 5.0, 5.0, 5.0, 5.0, 5.0, 5.0, 5.0, 5.0, 3.0181546211242676, 2.985482931137085, 2.9560439586639404, 2.929675817489624, 2.9597537517547607, 3.0973527431488037, 5.0, 5.0, 5.0, 5.0, 5.0, 5.0, 5.0, 5.0, 4.900608062744141, 4.971131324768066, 5.0, 5.0, 5.0, 5.0, 5.0, 5.0, 5.0, 5.0, 5.0, 5.0, 5.0, 5.0, 5.0, 5.0, 5.0, 5.0, 5.0, 5.0, 5.0, 5.0, 5.0, 5.0, 5.0, 5.0, 5.0, 5.0, 5.0, 5.0, 5.0, 5.0]"
3.7058746814727783,-0.17057040333747864,-0.3364264667034149,-0.9339826703071594,0.3919619023799896,0.515545129776001,0.986433207988739,0.1627347767353058,0.021604208275675774,16.583406448364258,0.35835501551628113,"[5.0, 5.0, 5.0, 5.0, 5.0, 5.0, 5.0, 5.0, 5.0, 5.0, 5.0, 5.0, 5.0, 2.9601457118988037, 2.9260947704315186, 2.895287275314331, 2.8675670623779297, 2.8536317348480225, 2.981213092803955, 3.123643398284912, 5.0, 5.0, 5.0, 5.0, 5.0, 5.0, 5.0, 4.978098392486572, 4.8516845703125, 4.923254489898682, 5.0, 5.0, 5.0, 5.0, 5.0, 5.0, 5.0, 5.0, 5.0, 5.0, 5.0, 5.0, 5.0, 5.0, 5.0, 5.0, 5.0, 5.0, 5.0, 5.0, 5.0, 5.0, 5.0, 5.0, 5.0, 5.0, 5.0, 5.0, 5.0, 5.0]"
3.7121694087982178,-0.24940377473831177,-0.20933833718299866,-0.3845460116863251,0.6679577827453613,0.8332853317260742,0.9882715344429016,0.14851613342761993,0.03552516549825668,16.505359649658203,0.5867260694503784,"[5.0, 5.0, 5.0, 5.0, 5.0, 5.0, 5.0, 5.0, 5.0, 5.0, 5.0, 5.0, 2.890599250793457, 2.8560879230499268, 2.824782371520996, 2.7965400218963623, 2.7739295959472656, 2.894747495651245, 3.0293705463409424, 5.0, 5.0, 5.0, 5.0, 5.0, 5.0, 5.0, 5.0, 4.74435567855835, 4.8119401931762695, 4.885734558105469, 5.0, 5.0, 5.0, 5.0, 5.0, 5.0, 5.0, 5.0, 5.0, 5.0, 5.0, 5.0, 5.0, 5.0, 5.0, 5.0, 5.0, 5.0, 5.0, 5.0, 5.0, 5.0, 5.0, 5.0, 5.0, 5.0, 5.0, 5.0, 5.0, 5.0]"
3.716327667236328,-0.3439556062221527,-0.14428679645061493,-0.12588943541049957,0.687065839767456,1.036329746246338,0.9902766346931458,0.12982533872127533,0.049971211701631546,16.423702239990234,0.8217390775680542,"[5.0, 5.0, 5.0, 5.0, 5.0, 5.0, 5.0, 5.0, 5.0, 5.0, 5.0, 2.814606189727783, 2.7801949977874756, 2.7489378452301025, 2.720674514770508, 2.7090492248535156, 2.8249194622039795, 2.95388126373291, 5.0, 5.0, 5.0, 5.0, 5.0, 5.0, 5.0, 5.0, 4.681061267852783, 4.7100138664245605, 4.780516624450684, 5.0, 5.0, 5.0, 5.0, 5.0, 5.0, 5.0, 5.0, 5.0, 4.986194133758545, 5.0, 5.0, 5.0, 5.0, 5.0, 5.0, 5.0, 5.0, 5.0, 5.0, 5.0, 5.0, 5.0, 5.0, 5.0, 5.0, 5.0, 5.0, 5.0, 5.0, 5.0]"
3.7182693481445312,-0.43584057688713074,-0.15693551301956177,0.03821263089776039,0.33969172835350037,0.9599579572677612,0.9920293688774109,0.11140581965446472,0.05887638032436371,16.343862533569336,0.9639396667480469,"[5.0, 5.0, 5.0, 5.0, 5.0, 5.0, 5.0, 5.0, 5.0, 5.0, 2.741147518157959, 2.706777334213257, 2.675523281097412, 2.647226572036743, 2.641132116317749, 2.751817464828491, 2.8748533725738525, 5.0, 5.0, 5.0, 5.0, 5.0, 5.0, 5.0, 5.0, 4.688517093658447, 4.609936237335205, 4.677213191986084, 4.750612258911133, 5.0, 5.0, 5.0, 5.0, 5.0, 5.0, 5.0, 5.0, 4.900280952453613, 4.91823673248291, 4.940605640411377, 5.0, 5.0, 5.0, 5.0, 5.0, 5.0, 5.0, 5.0, 5.0, 5.0, 5.0, 5.0, 5.0, 5.0, 5.0, 5.0, 5.0, 5.0, 5.0, 5.0]"
3.7204742431640625,-0.5143504738807678,-0.1851067692041397,0.07596462219953537,0.06262026727199554,0.7619153261184692,0.9934185147285461,0.0964081734418869,0.06184542179107666,16.2685546875,1.0080654621124268,"[5.0, 5.0, 5.0, 5.0, 5.0, 5.0, 5.0, 5.0, 5.0, 2.6739394664764404, 2.639225482940674, 2.607598066329956, 2.5789074897766113, 2.56088924407959, 2.665163516998291, 2.7808358669281006, 5.0, 5.0, 5.0, 5.0, 5.0, 5.0, 5.0, 5.0, 4.747457504272461, 4.505630970001221, 4.569164276123047, 4.6385273933410645, 5.0, 5.0, 5.0, 5.0, 5.0, 5.0, 5.0, 5.0, 5.0, 4.833756923675537, 4.853787899017334, 4.878211498260498, 5.0, 5.0, 5.0, 5.0, 5.0, 5.0, 5.0, 5.0, 5.0, 5.0, 5.0, 5.0, 5.0, 5.0, 5.0, 5.0, 5.0, 5.0, 5.0, 5.0]"
3.719960927963257,-0.5915951728820801,-0.26675650477409363,0.09070435166358948,-0.30104124546051025,0.7665868997573853,0.994908332824707,0.08236638456583023,0.0580768920481205,16.19929313659668,0.9423953890800476,"[5.0, 5.0, 5.0, 5.0, 5.0, 5.0, 5.0, 5.0, 2.6101796627044678, 2.574976921081543, 2.5428760051727295, 2.5136818885803223, 2.4872612953186035, 2.576192617416382, 2.6844124794006348, 5.0, 5.0, 5.0, 5.0, 5.0, 5.0, 5.0, 5.0, 5.0, 4.515587329864502, 4.463063716888428, 4.528441429138184, 4.599761009216309, 5.0, 5.0, 5.0, 5.0, 5.0, 5.0, 5.0, 5.0, 4.75471305847168, 4.772397041320801, 4.79436731338501, 4.820725440979004, 5.0, 5.0, 5.0, 5.0, 5.0, 5.0, 5.0, 5.0, 5.0, 5.0, 5.0, 5.0, 5.0, 5.0, 5.0, 5.0, 5.0, 5.0, 5.0, 5.0]"
3.7267062664031982,-0.6399094462394714,-0.23533722758293152,-0.15116746723651886,0.2514878511428833,0.3364449739456177,0.9953464865684509,0.07456089556217194,0.061038464307785034,16.123802185058594,0.9860107898712158,"[5.0, 5.0, 5.0, 5.0, 5.0, 5.0, 5.0, 2.5511035919189453, 2.514899969100952, 2.481804132461548, 2.4516308307647705, 2.424240827560425, 2.4737911224365234, 2.573270320892334, 2.6835665702819824, 5.0, 5.0, 5.0, 5.0, 5.0, 5.0, 5.0, 5.0, 4.644002914428711, 4.345750331878662, 4.406163215637207, 4.472170352935791, 5.0, 5.0, 5.0, 5.0, 5.0, 5.0, 5.0, 5.0, 5.0, 4.683619022369385, 4.702280044555664, 4.725179195404053, 5.0, 5.0, 5.0, 5.0, 5.0, 5.0, 5.0, 5.0, 5.0, 5.0, 5.0, 5.0, 5.0, 5.0, 5.0, 5.0, 5.0, 5.0, 5.0, 5.0, 5.0]"
3.7344985008239746,-0.6671847105026245,-0.2295502871274948,-0.887302815914154,0.17476576566696167,0.16635049879550934,0.9952783584594727,0.07071319967508316,0.06648668646812439,16.045631408691406,1.0691866874694824,"[5.0, 5.0, 5.0, 5.0, 5.0, 5.0, 5.0, 2.459406852722168, 2.4249801635742188, 2.393526792526245, 2.364875316619873, 2.370835304260254, 2.461634397506714, 2.5620276927948, 5.0, 5.0, 5.0, 5.0, 5.0, 5.0, 5.0, 5.0, 5.0, 4.485339164733887, 4.283404350280762, 4.343851089477539, 4.409861087799072, 5.0, 5.0, 5.0, 5.0, 5.0, 5.0, 5.0, 5.0, 5.0, 4.6086015701293945, 4.6276044845581055, 4.650787353515625, 5.0, 5.0, 5.0, 5.0, 5.0, 5.0, 5.0, 5.0, 5.0, 5.0, 5.0, 5.0, 5.0, 5.0, 5.0, 5.0, 5.0, 5.0, 5.0, 5.0, 5.0]"
3.7417197227478027,-0.6750737428665161,-0.33219999074935913,-1.5832189321517944,-0.2224566787481308,0.022450139746069908,0.9953904151916504,0.0689464658498764,0.06666391342878342,15.972461700439453,1.0671608448028564,"[5.0, 5.0, 5.0, 5.0, 5.0, 5.0, 2.4103000164031982, 2.3742425441741943, 2.3412249088287354, 2.311055898666382, 2.2836050987243652, 2.356844186782837, 2.448090076446533, 2.5490458011627197, 5.0, 5.0, 5.0, 5.0, 5.0, 5.0, 5.0, 5.0, 5.0, 4.347891330718994, 4.223217010498047, 4.2834858894348145, 4.3492889404296875, 5.0, 5.0, 5.0, 5.0, 5.0, 5.0, 5.0, 5.0, 5.0, 4.5359296798706055, 4.554974555969238, 4.578138828277588, 5.0, 5.0, 5.0, 5.0, 5.0, 5.0, 5.0, 5.0, 5.0, 5.0, 5.0, 5.0, 5.0, 5.0, 5.0, 5.0, 5.0, 5.0, 5.0, 5.0, 5.0]"
3.7452456951141357,-0.674790620803833,-0.42981255054473877,-1.9888384342193604,-0.5582496523857117,0.09035348147153854,0.9959536194801331,0.06640414148569107,0.06055459380149841,15.90514087677002,0.9649000763893127,"[5.0, 5.0, 5.0, 5.0, 5.0, 2.3647520542144775, 2.3269898891448975, 2.2923762798309326, 2.2606699466705322, 2.231748104095459, 2.2679479122161865, 2.3515665531158447, 2.4438867568969727, 4.201889514923096, 5.0, 5.0, 5.0, 5.0, 5.0, 5.0, 5.0, 5.0, 4.504408359527588, 4.20186185836792, 4.171372890472412, 4.231699466705322, 4.297569274902344, 5.0, 5.0, 5.0, 5.0, 5.0, 5.0, 5.0, 5.0, 4.970892906188965, 4.467796802520752, 4.486996173858643, 4.510272026062012, 5.0, 5.0, 5.0, 5.0, 5.0, 5.0, 5.0, 5.0, 5.0, 5.0, 5.0, 5.0, 5.0, 5.0, 5.0, 5.0, 5.0, 5.0, 5.0, 5.0, 5.0]"
3.74941349029541,-0.6632642149925232,-0.4933031499385834,-2.0552101135253906,-0.3193283677101135,0.06772518903017044,0.9963549971580505,0.06390370428562164,0.056506432592868805,15.835386276245117,0.8962332010269165,"[5.0, 5.0, 5.0, 5.0, 2.3198394775390625, 2.2803430557250977, 2.24409818649292, 2.210855484008789, 2.1804463863372803, 2.190577268600464, 2.2676055431365967, 2.3524606227874756, 4.123496055603027, 5.0, 5.0, 5.0, 5.0, 5.0, 5.0, 5.0, 5.0, 5.0, 4.33499002456665, 4.066159248352051, 4.121273994445801, 4.181575775146484, 4.247415065765381, 5.0, 5.0, 5.0, 5.0, 5.0, 5.0, 5.0, 5.0, 4.890672206878662, 4.398123741149902, 4.4174299240112305, 4.440759658813477, 5.0, 5.0, 5.0, 5.0, 5.0, 5.0, 5.0, 5.0, 5.0, 5.0, 5.0, 5.0, 5.0, 5.0, 5.0, 5.0, 5.0, 5.0, 5.0, 5.0, 5.0]"
3.7516231536865234,-0.6437134742736816,-0.5299127101898193,-1.8664582967758179,-0.3210882246494293,0.06179042160511017,0.9966556429862976,0.06183367222547531,0.0534229539334774,15.764494895935059,0.8433902859687805,"[5.0, 5.0, 5.0, 2.2756364345550537, 2.2343549728393555, 2.1964101791381836, 2.1615867614746094, 2.1296756267547607, 2.119537591934204, 2.1905500888824463, 2.26863694190979, 2.3547494411468506, 4.09050989151001, 5.0, 5.0, 5.0, 5.0, 5.0, 5.0, 5.0, 5.0, 5.0, 4.171991348266602, 4.015018939971924, 4.069917678833008, 4.129983425140381, 5.0, 5.0, 5.0, 5.0, 5.0, 5.0, 5.0, 5.0, 5.0, 4.811831951141357, 4.327386379241943, 4.3467206954956055, 4.370028018951416, 5.0, 5.0, 5.0, 5.0, 5.0, 5.0, 5.0, 5.0, 5.0, 5.0, 5.0, 5.0, 5.0, 5.0, 5.0, 5.0, 5.0, 5.0, 5.0, 5.0, 5.0]"
3.753946304321289,-0.6248903870582581,-0.49582284688949585,-1.6024166345596313,-0.15871252119541168,0.13834074139595032,0.9968880414962769,0.05893757566809654,0.05235012248158455,15.691801071166992,0.8225957155227661,"[5.0, 5.0, 2.228888750076294, 2.185939311981201, 2.1464710235595703, 2.110189437866211, 2.0769052505493164, 2.0545132160186768, 2.1201438903808594, 2.192194700241089, 2.2714927196502686, 4.016416072845459, 5.0, 5.0, 5.0, 5.0, 5.0, 5.0, 5.0, 5.0, 5.0, 4.302470684051514, 4.007662773132324, 3.9623961448669434, 4.017067909240723, 4.076889514923096, 5.0, 5.0, 5.0, 5.0, 5.0, 5.0, 5.0, 5.0, 5.0, 4.5953216552734375, 4.255486011505127, 4.274935245513916, 4.298300266265869, 5.0, 5.0, 5.0, 5.0, 5.0, 5.0, 5.0, 5.0, 5.0, 5.0, 5.0, 5.0, 5.0, 5.0, 5.0, 5.0, 5.0, 5.0, 5.0, 5.0, 5.0]"
3.752094268798828,-0.6165621280670166,-0.4359872341156006,-0.9719322323799133,-0.3535732924938202,0.25781771540641785,0.9973458647727966,0.05441155657172203,0.04837840422987938,15.620964050292969,0.7566033005714417,"[5.0, 2.179009437561035, 2.134658098220825, 2.093872547149658, 2.0563912391662598, 2.0219621658325195, 1.9924132823944092, 2.0532422065734863, 2.11991286277771, 2.1931705474853516, 3.9442965984344482, 3.9807257652282715, 5.0, 5.0, 5.0, 5.0, 5.0, 5.0, 5.0, 5.0, 5.0, 4.122241497039795, 3.860452651977539, 3.9103128910064697, 3.965019702911377, 4.0248637199401855, 5.0, 5.0, 5.0, 5.0, 5.0, 5.0, 5.0, 5.0, 5.0, 4.409863471984863, 4.186424255371094, 4.20622444152832, 4.229889869689941, 5.0, 5.0, 5.0, 5.0, 5.0, 5.0, 5.0, 5.0, 5.0, 5.0, 5.0, 5.0, 5.0, 5.0, 5.0, 5.0, 5.0, 5.0, 5.0, 5.0, 5.0]"
3.753138542175293,-0.5929065346717834,-0.3570299744606018,-0.44387808442115784,-0.24791400134563446,-0.02353130653500557,0.9975597858428955,0.05402713268995285,0.044220566749572754,15.549802780151367,0.6882944107055664,"[5.0, 2.086829423904419, 2.0443994998931885, 2.0053958892822266, 1.9695327281951904, 1.9366010427474976, 1.9756420850753784, 2.0363070964813232, 2.10284423828125, 2.175963878631592, 3.8960726261138916, 5.0, 5.0, 5.0, 5.0, 5.0, 5.0, 5.0, 5.0, 5.0, 5.0, 4.002562522888184, 3.796679735183716, 3.845899820327759, 3.899888515472412, 3.9589710235595703, 5.0, 5.0, 5.0, 5.0, 5.0, 5.0, 5.0, 5.0, 5.0, 4.416103839874268, 4.1148152351379395, 4.134436130523682, 4.157861232757568, 5.0, 5.0, 5.0, 5.0, 5.0, 5.0, 5.0, 5.0, 5.0, 5.0, 5.0, 5.0, 5.0, 5.0, 5.0, 5.0, 5.0, 5.0, 5.0, 5.0, 5.0]"
3.7559783458709717,-0.5532056093215942,-0.2845299541950226,-0.2190597653388977,-0.22785618901252747,-0.2184033840894699,0.9974841475486755,0.05820519104599953,0.04046517238020897,15.477997779846191,0.6268332600593567,"[2.044239044189453, 1.9996782541275024, 1.958722710609436, 1.921059489250183, 1.8864439725875854, 1.8920254707336426, 1.9463942050933838, 2.005889892578125, 2.071120262145996, 3.8068149089813232, 3.838066577911377, 5.0, 5.0, 5.0, 5.0, 5.0, 5.0, 5.0, 5.0, 5.0, 5.0, 3.934870958328247, 3.72259521484375, 3.7704362869262695, 3.82295298576355, 3.8804209232330322, 5.0, 5.0, 5.0, 5.0, 5.0, 5.0, 5.0, 4.991837978363037, 5.0, 4.532458782196045, 4.040036201477051, 4.058910369873047, 4.0815110206604, 4.107949256896973, 5.0, 5.0, 5.0, 5.0, 5.0, 5.0, 5.0, 5.0, 5.0, 5.0, 5.0, 5.0, 5.0, 5.0, 5.0, 5.0, 5.0, 5.0, 5.0, 5.0]"
3.761892080307007,-0.4951566159725189,-0.21095173060894012,-0.4052294194698334,0.003280890639871359,-0.42880141735076904,0.996976912021637,0.06642194092273712,0.040311507880687714,15.403953552246094,0.621461808681488,"[1.9595286846160889, 1.916171908378601, 1.8762935400009155, 1.83965003490448, 1.8099842071533203, 1.8581887483596802, 1.910837173461914, 1.9684311151504517, 2.031562089920044, 3.7447988986968994, 3.7746129035949707, 5.0, 5.0, 5.0, 5.0, 5.0, 5.0, 5.0, 5.0, 5.0, 5.0, 3.9004955291748047, 3.640491485595703, 3.6862900257110596, 3.736602783203125, 3.7917091846466064, 5.0, 5.0, 5.0, 5.0, 5.0, 5.0, 4.964419364929199, 4.929033279418945, 4.898343086242676, 5.0, 4.017437934875488, 3.977918863296509, 3.999173402786255, 4.024160861968994, 5.0, 5.0, 5.0, 5.0, 5.0, 5.0, 5.0, 5.0, 5.0, 5.0, 5.0, 5.0, 5.0, 5.0, 5.0, 5.0, 5.0, 5.0, 5.0, 5.0]"
3.7660953998565674,-0.43246960639953613,-0.16637465357780457,-0.5248869061470032,-0.12255802750587463,-0.4429022967815399,0.996337890625,0.07576935738325119,0.03961868956685066,15.330121040344238,0.6078366041183472,"[1.876680850982666, 1.8343950510025024, 1.7955083847045898, 1.7597755193710327, 1.7795207500457764, 1.826164722442627, 1.8770897388458252, 1.932781457901001, 1.9937989711761475, 3.6853866577148438, 3.71366810798645, 5.0, 5.0, 5.0, 5.0, 5.0, 5.0, 5.0, 5.0, 5.0, 5.0, 3.8701331615448, 3.6027944087982178, 3.603301763534546, 3.6513144969940186, 3.703946828842163, 5.0, 5.0, 5.0, 5.0, 5.0, 5.0, 4.964305877685547, 4.867124557495117, 4.835608005523682, 4.953919887542725, 4.293041229248047, 3.896876335144043, 3.9166746139526367, 3.9401044845581055, 3.967275619506836, 5.0, 5.0, 5.0, 5.0, 5.0, 5.0, 5.0, 5.0, 5.0, 5.0, 5.0, 5.0, 5.0, 5.0, 5.0, 5.0, 5.0, 5.0, 5.0]"
3.768010139465332,-0.37314194440841675,-0.15368816256523132,-0.6419337391853333,-0.27863240242004395,-0.35449472069740295,0.9958266615867615,0.08377508819103241,0.0362052358686924,15.257563591003418,0.5527661442756653,"[1.7929494380950928, 1.7518779039382935, 1.7141382694244385, 1.7134243249893188, 1.755100965499878, 1.8005589246749878, 1.8501780033111572, 1.9044475555419922, 3.6090872287750244, 3.6325063705444336, 3.6594953536987305, 5.0, 5.0, 5.0, 5.0, 5.0, 5.0, 5.0, 5.0, 5.0, 5.0, 3.8194358348846436, 3.5520505905151367, 3.5273122787475586, 3.573352336883545, 3.623873472213745, 5.0, 5.0, 5.0, 5.0, 5.0, 5.0, 5.0, 4.804765224456787, 4.772654056549072, 4.796114921569824, 4.323955535888672, 3.8189094066619873, 3.837463617324829, 3.8595614433288574, 3.885302782058716, 5.0, 5.0, 5.0, 5.0, 5.0, 5.0, 5.0, 5.0, 5.0, 5.0, 5.0, 5.0, 5.0, 5.0, 5.0, 5.0, 5.0, 5.0, 5.0]"
3.7674009799957275,-0.3326428532600403,-0.13901245594024658,-0.7356929779052734,-0.24205680191516876,-0.03854691982269287,0.9957070350646973,0.08656463772058487,0.03277076780796051,15.18479061126709,0.49788472056388855,"[1.7015715837478638, 1.6623713970184326, 1.6620948314666748, 1.7000219821929932, 1.7413595914840698, 1.786447286605835, 1.8356770277023315, 3.544672966003418, 3.564069986343384, 3.5868961811065674, 5.0, 5.0, 5.0, 5.0, 5.0, 5.0, 5.0, 5.0, 5.0, 5.0, 5.0, 3.711043357849121, 3.4518885612487793, 3.461029052734375, 3.505902051925659, 3.555149793624878, 5.0, 5.0, 5.0, 5.0, 5.0, 5.0, 5.0, 4.735658645629883, 4.7037858963012695, 4.691395282745361, 4.969667434692383, 3.831219434738159, 3.761986494064331, 3.7834017276763916, 3.8083817958831787, 5.0, 5.0, 5.0, 5.0, 5.0, 5.0, 5.0, 5.0, 5.0, 5.0, 5.0, 5.0, 5.0, 5.0, 5.0, 5.0, 5.0, 5.0, 5.0]"
3.7649786472320557,-0.3088967204093933,-0.1238168329000473,-0.8006582856178284,-0.0863489881157875,0.21025817096233368,0.9959521889686584,0.08401640504598618,0.031942859292030334,15.110761642456055,0.4829273819923401,"[1.6018445491790771, 1.6220940351486206, 1.65714693069458, 1.695347547531128, 1.7369955778121948, 1.7824360132217407, 3.4871439933776855, 3.5032505989074707, 3.5226638317108154, 3.5454800128936768, 5.0, 5.0, 5.0, 5.0, 5.0, 5.0, 5.0, 5.0, 5.0, 5.0, 5.0, 3.5503482818603516, 3.3606820106506348, 3.4009907245635986, 3.4453790187835693, 3.4940900802612305, 5.0, 5.0, 5.0, 5.0, 5.0, 5.0, 5.0, 4.65830659866333, 4.627505302429199, 4.629352569580078, 4.906778812408447, 3.777310848236084, 3.6880617141723633, 3.709394931793213, 3.7342350482940674, 3.7627015113830566, 5.0, 5.0, 5.0, 5.0, 5.0, 5.0, 5.0, 5.0, 5.0, 5.0, 5.0, 5.0, 5.0, 5.0, 5.0, 5.0, 5.0, 5.0]"
3.7620506286621094,-0.2947008013725281,-0.10377375781536102,-0.7850826382637024,0.11307348310947418,0.3558487594127655,0.996346652507782,0.07799082249403,0.034795477986335754,15.035126686096191,0.5234714150428772,"[1.5883362293243408, 1.6210095882415771, 1.656618356704712, 1.6954269409179688, 1.7377427816390991, 3.450347423553467, 3.4448933601379395, 3.4613218307495117, 3.4810402393341064, 5.0, 5.0, 5.0, 5.0, 5.0, 5.0, 5.0, 5.0, 5.0, 5.0, 5.0, 3.627927780151367, 3.3652079105377197, 3.3019957542419434, 3.3422048091888428, 3.3864586353302, 3.4350016117095947, 5.0, 5.0, 5.0, 5.0, 5.0, 5.0, 4.746342182159424, 4.575128078460693, 4.545918941497803, 4.5869460105896, 4.105118274688721, 3.672586679458618, 3.6137020587921143, 3.6353061199188232, 3.660365104675293, 3.688994884490967, 5.0, 5.0, 5.0, 5.0, 5.0, 5.0, 5.0, 5.0, 5.0, 5.0, 5.0, 5.0, 5.0, 5.0, 5.0, 5.0, 5.0, 5.0]"
3.758028507232666,-0.26321789622306824,-0.10890351235866547,-0.7275643944740295,-0.19126564264297485,0.1029842421412468,0.9966078400611877,0.0749727189540863,0.03393658250570297,14.96109390258789,0.5080210566520691,"[1.5853501558303833, 1.6183350086212158, 1.6542773246765137, 1.69346022605896, 3.4694440364837646, 3.391038179397583, 3.4043469429016113, 3.4208405017852783, 3.5230417251586914, 5.0, 5.0, 5.0, 5.0, 5.0, 5.0, 5.0, 5.0, 5.0, 5.0, 5.0, 3.4554672241210938, 3.210169792175293, 3.242870569229126, 3.28265118598938, 3.3264284133911133, 3.3744447231292725, 5.0, 5.0, 5.0, 5.0, 5.0, 5.0, 4.530184745788574, 4.49778938293457, 4.469669342041016, 4.526750564575195, 4.030747890472412, 3.616119623184204, 3.5398874282836914, 3.561420440673828, 3.5863471031188965, 3.614783525466919, 5.0, 5.0, 5.0, 5.0, 5.0, 5.0, 5.0, 5.0, 5.0, 5.0, 5.0, 5.0, 5.0, 5.0, 5.0, 5.0, 5.0, 5.0]"
3.7550268173217773,-0.21388672292232513,-0.10045167803764343,-0.6143556833267212,-0.31454646587371826,-0.09722208976745605,0.9966513514518738,0.07624752074480057,0.029535314068198204,14.888422012329102,0.4399261772632599,"[1.57892644405365, 1.6118853092193604, 1.6477904319763184, 3.532707691192627, 3.341063976287842, 3.350978136062622, 3.3639919757843018, 3.380141019821167, 5.0, 5.0, 5.0, 5.0, 5.0, 5.0, 5.0, 5.0, 5.0, 5.0, 5.0, 5.0, 3.3246288299560547, 3.1461520195007324, 3.181330442428589, 3.220212697982788, 3.263017416000366, 5.0, 5.0, 5.0, 5.0, 5.0, 5.0, 5.0, 4.45894193649292, 4.427046298980713, 4.399360179901123, 4.437452793121338, 5.0, 3.62397837638855, 3.46555233001709, 3.4865469932556152, 3.5108654499053955, 3.5386202335357666, 5.0, 5.0, 5.0, 5.0, 5.0, 5.0, 5.0, 5.0, 5.0, 5.0, 5.0, 5.0, 5.0, 5.0, 5.0, 5.0, 5.0, 5.0]"
3.753547191619873,-0.16031496226787567,-0.07108058035373688,-0.5350678563117981,0.03977765142917633,-0.09543763846158981,0.9964710474014282,0.07851585745811462,0.029674146324396133,14.813884735107422,0.43978309631347656,"[1.569969654083252, 1.602667212486267, 3.6127047538757324, 3.3615713119506836, 3.295907735824585, 3.3053860664367676, 3.317904472351074, 3.3335330486297607, 5.0, 5.0, 5.0, 5.0, 5.0, 5.0, 5.0, 5.0, 5.0, 5.0, 5.0, 3.471942186355591, 3.206329584121704, 3.079148292541504, 3.113269567489624, 3.1510136127471924, 3.1925697326660156, 5.0, 5.0, 5.0, 5.0, 5.0, 5.0, 5.0, 4.489075183868408, 4.354872226715088, 4.327487945556641, 4.3247551918029785, 4.590445518493652, 3.668905258178711, 3.3873424530029297, 3.4076578617095947, 3.43121600151062, 3.458125114440918, 5.0, 5.0, 5.0, 5.0, 5.0, 5.0, 5.0, 5.0, 5.0, 5.0, 5.0, 5.0, 5.0, 5.0, 5.0, 5.0, 5.0, 5.0]"
3.7508552074432373,-0.10103719681501389,-0.07165829837322235,-0.516900360584259,0.08005882799625397,-0.15050943195819855,0.9961516261100769,0.08153457194566727,0.03215605393052101,14.738435745239258,0.47417518496513367,"[1.5601074695587158, 5.0, 3.432450771331787, 3.2424564361572266, 3.2484147548675537, 3.2573325634002686, 3.2692501544952393, 5.0, 5.0, 5.0, 5.0, 5.0, 5.0, 5.0, 5.0, 5.0, 5.0, 5.0, 5.0, 3.3514881134033203, 3.0950748920440674, 3.009044647216797, 3.041973829269409, 3.0784196853637695, 3.1185786724090576, 5.0, 5.0, 5.0, 5.0, 5.0, 5.0, 5.0, 4.602411270141602, 4.282199859619141, 4.255029678344727, 4.231809139251709, 4.455106258392334, 3.7915725708007812, 3.3071341514587402, 3.3266777992248535, 3.349379062652588, 3.3753368854522705, 3.4046812057495117, 5.0, 5.0, 5.0, 5.0, 5.0, 5.0, 5.0, 5.0, 5.0, 5.0, 5.0, 5.0, 5.0, 5.0, 5.0, 5.0, 5.0]"
3.7469727993011475,-0.05315021425485611,-0.10325723886489868,-0.4827651381492615,-0.07629518955945969,0.06837574392557144,0.9961432218551636,0.08149571716785431,0.03251264616847038,14.663802146911621,0.47701123356819153,"[5.0, 3.491866111755371, 3.228423595428467, 3.1979422569274902, 3.2037365436553955, 3.2124390602111816, 3.2424726486206055, 5.0, 5.0, 5.0, 5.0, 5.0, 5.0, 5.0, 5.0, 5.0, 5.0, 5.0, 5.0, 3.2010130882263184, 2.958293914794922, 2.9445316791534424, 2.9766900539398193, 3.0122830867767334, 3.0515031814575195, 5.0, 5.0, 5.0, 5.0, 5.0, 5.0, 5.0, 4.538581848144531, 4.207614898681641, 4.181052207946777, 4.158366680145264, 4.355999946594238, 3.722723960876465, 3.2698333263397217, 3.2494008541107178, 3.271594524383545, 3.2969727516174316, 3.3256571292877197, 5.0, 5.0, 5.0, 5.0, 5.0, 5.0, 5.0, 5.0, 5.0, 5.0, 5.0, 5.0, 5.0, 5.0, 5.0, 5.0, 5.0]"
3.7420148849487305,-0.0009045172482728958,-0.12889954447746277,-0.06580166518688202,-0.29723480343818665,-0.044184669852256775,0.9962174296379089,0.08216071873903275,0.02828829362988472,14.590907096862793,0.4129171371459961,"[5.0, 3.289821147918701, 3.14878249168396, 3.151646852493286, 3.1573538780212402, 3.165940284729004, 5.0, 5.0, 5.0, 5.0, 5.0, 5.0, 5.0, 5.0, 5.0, 5.0, 5.0, 5.0, 5.0, 3.06535267829895, 2.8528480529785156, 2.881105422973633, 2.9125518798828125, 2.9473743438720703, 2.985752582550049, 5.0, 5.0, 5.0, 5.0, 5.0, 5.0, 5.0, 4.493342399597168, 4.13689661026001, 4.110772609710693, 4.088459014892578, 4.25993537902832, 3.656775712966919, 3.2749876976013184, 3.174683094024658, 3.196347951889038, 3.221125364303589, 3.249131679534912, 5.0, 5.0, 5.0, 5.0, 5.0, 5.0, 5.0, 5.0, 5.0, 5.0, 5.0, 5.0, 5.0, 5.0, 5.0, 5.0, 5.0]"
3.7372336387634277,0.06158297881484032,-0.13619428873062134,0.35896041989326477,-0.19036473333835602,-0.1981927454471588,0.9960252642631531,0.08581746369600296,0.02385212481021881,14.517788887023926,0.3463786840438843,"[3.407209873199463, 3.121922731399536, 3.094364881515503, 3.0970115661621094, 3.1024587154388428, 3.110714912414551, 5.0, 5.0, 5.0, 5.0, 5.0, 5.0, 5.0, 5.0, 5.0, 5.0, 5.0, 5.0, 5.0, 2.968996524810791, 2.783496379852295, 2.8108584880828857, 2.841343879699707, 2.8750922679901123, 2.912313222885132, 5.0, 5.0, 5.0, 5.0, 5.0, 5.0, 5.0, 5.0, 4.070400238037109, 4.044252395629883, 4.021871566772461, 4.129726886749268, 5.0, 3.3334150314331055, 3.0981087684631348, 3.1189565658569336, 3.1428346633911133, 3.169857978820801, 3.200153112411499, 5.0, 5.0, 5.0, 5.0, 5.0, 5.0, 5.0, 5.0, 5.0, 5.0, 5.0, 5.0, 5.0, 5.0, 5.0, 5.0]"
3.7300901412963867,0.12828701734542847,-0.19390305876731873,0.24410147964954376,-0.2676268517971039,-0.22579096257686615,0.9957127571105957,0.09057209640741348,0.018779275938868523,14.44452953338623,0.2713056802749634,"[3.236058235168457, 3.041313886642456, 3.0409200191497803, 3.04325270652771, 3.048342227935791, 3.213866949081421, 5.0, 5.0, 5.0, 5.0, 5.0, 5.0, 5.0, 5.0, 5.0, 5.0, 5.0, 5.0, 5.0, 2.8787922859191895, 2.714282274246216, 2.7406768798828125, 2.770094871520996, 2.8026955127716064, 2.8386402130126953, 5.0, 5.0, 5.0, 5.0, 5.0, 5.0, 5.0, 5.0, 4.005210876464844, 3.9789040088653564, 3.9563136100769043, 3.994309663772583, 4.25526237487793, 3.4051249027252197, 3.021355390548706, 3.0412957668304443, 3.064180612564087, 3.0901191234588623, 3.119234561920166, 5.0, 5.0, 5.0, 5.0, 5.0, 5.0, 5.0, 5.0, 5.0, 5.0, 5.0, 5.0, 5.0, 5.0, 5.0, 5.0]"
3.7230772972106934,0.19335071742534637,-0.21306006610393524,0.31412920355796814,-0.06299582123756409,-0.22866280376911163,0.9953027367591858,0.095423623919487,0.016331829130649567,14.370535850524902,0.23472845554351807,"[3.056309938430786, 2.986198902130127, 2.985513925552368, 2.9874978065490723, 2.9921798706054688, 3.3550784587860107, 5.0, 5.0, 5.0, 5.0, 5.0, 5.0, 5.0, 5.0, 5.0, 5.0, 5.0, 5.0, 3.052978754043579, 2.787998914718628, 2.6429078578948975, 2.668276786804199, 2.6965785026550293, 2.727956771850586, 2.7625832557678223, 5.0, 5.0, 5.0, 5.0, 5.0, 5.0, 5.0, 5.0, 3.938668727874756, 3.91220760345459, 3.889420747756958, 3.8702075481414795, 4.101189136505127, 3.442399501800537, 3.0885350704193115, 2.9619648456573486, 2.983839273452759, 3.0086731910705566, 3.0365898609161377, 3.067723512649536, 5.0, 5.0, 5.0, 5.0, 5.0, 5.0, 5.0, 5.0, 5.0, 5.0, 5.0, 5.0, 5.0, 5.0, 5.0]"
3.714411497116089,0.2509934902191162,-0.25089776515960693,0.4757298231124878,-0.11645003408193588,-0.1513090431690216,0.9949825406074524,0.09908519685268402,0.013843623921275139,14.296510696411133,0.19793450832366943,"[2.9326930046081543, 2.929220676422119, 2.9283692836761475, 2.930154800415039, 2.954416036605835, 5.0, 5.0, 5.0, 5.0, 5.0, 5.0, 5.0, 5.0, 5.0, 5.0, 5.0, 5.0, 5.0, 2.9488906860351562, 2.688472270965576, 2.571906089782715, 2.5964038372039795, 2.6237380504608154, 2.654052734375, 2.6875176429748535, 5.0, 5.0, 5.0, 5.0, 5.0, 5.0, 5.0, 5.0, 3.967656135559082, 3.8448619842529297, 3.8220114707946777, 3.8026888370513916, 3.9581823348999023, 5.0, 3.146821975708008, 2.8836820125579834, 2.9046878814697266, 2.92856502532959, 2.9554316997528076, 2.985417127609253, 5.0, 5.0, 5.0, 5.0, 5.0, 5.0, 5.0, 5.0, 5.0, 5.0, 5.0, 5.0, 5.0, 5.0, 5.0]"
0.0,0.0,0.0,0.0,0.0,0.0,0.9739570021629333,0.22668828070163727,0.004499285947531462,32.679805755615234,0.14703726768493652,"[5.0, 5.0, 5.0, 5.0, 5.0, 5.0, 5.0, 5.0, 5.0, 5.0, 5.0, 5.0, 5.0, 5.0, 5.0, 5.0, 5.0, 5.0, 5.0, 5.0, 5.0, 5.0, 5.0, 5.0, 5.0, 5.0, 5.0, 5.0, 5.0, 5.0, 5.0, 5.0, 5.0, 5.0, 5.0, 5.0, 5.0, 5.0, 5.0, 5.0, 5.0, 5.0, 5.0, 5.0, 5.0, 5.0, 5.0, 5.0, 5.0, 5.0, 5.0, 5.0, 5.0, 5.0, 5.0, 5.0, 5.0, 5.0, 5.0, 5.0]"
0.030632656067609787,0.005983302835375071,0.07782495021820068,-3.476762294769287,7.071563243865967,1.1430540084838867,0.9710773825645447,0.20692752301692963,0.11912107467651367,32.45522689819336,3.893826484680176,"[5.0, 5.0, 5.0, 5.0, 5.0, 5.0, 5.0, 5.0, 5.0, 5.0, 5.0, 5.0, 5.0, 5.0, 5.0, 5.0, 5.0, 5.0, 5.0, 5.0, 5.0, 5.0, 5.0, 5.0, 5.0, 5.0, 5.0, 5.0, 5.0, 5.0, 5.0, 5.0, 5.0, 5.0, 5.0, 5.0, 5.0, 5.0, 5.0, 5.0, 5.0, 5.0, 5.0, 5.0, 5.0, 5.0, 5.0, 5.0, 5.0, 5.0, 5.0, 5.0, 5.0, 5.0, 5.0, 5.0, 5.0, 5.0, 5.0, 5.0]"
0.05475020408630371,-0.0055109490640461445,0.24650774896144867,-4.956531524658203,11.8444185256958,3.616851806640625,0.9318884611129761,0.12895268201828003,0.33905017375946045,30.765121459960938,11.087661743164062,"[5.0, 5.0, 5.0, 5.0, 5.0, 5.0, 5.0, 5.0, 5.0, 5.0, 5.0, 5.0, 5.0, 5.0, 5.0, 5.0, 5.0, 5.0, 5.0, 5.0, 5.0, 5.0, 5.0, 5.0, 5.0, 5.0, 5.0, 5.0, 5.0, 5.0, 5.0, 5.0, 5.0, 5.0, 5.0, 5.0, 5.0, 5.0, 5.0, 5.0, 5.0, 5.0, 5.0, 5.0, 5.0, 5.0, 5.0, 5.0, 5.0, 5.0, 5.0, 5.0, 5.0, 5.0, 5.0, 5.0, 5.0, 5.0, 5.0, 5.0]"
0.04279685020446777,-0.03467009961605072,0.5320061445236206,-3.9376349449157715,9.708359718322754,5.943488597869873,0.8483947515487671,-0.004126391373574734,0.5293480157852173,27.752174377441406,17.315505981445312,"[5.0, 5.0, 5.0, 5.0, 5.0, 5.0, 5.0, 5.0, 5.0, 5.0, 5.0, 4.982388019561768, 4.7248711585998535, 4.498974323272705, 4.2996087074279785, 4.122745037078857, 3.965153217315674, 3.8242027759552, 3.6977412700653076, 3.5839896202087402, 3.48146653175354, 3.3889243602752686, 3.3053152561187744, 3.229748010635376, 3.1614606380462646, 3.099804162979126, 3.044220447540283, 2.9942286014556885, 2.9494192600250244, 2.9094293117523193, 2.873958110809326, 2.8427398204803467, 2.8155534267425537, 2.792201042175293, 2.7725307941436768, 2.75640606880188, 2.7437169551849365, 2.734391212463379, 2.7283565998077393, 2.725588321685791, 2.7260563373565674, 2.7297630310058594, 2.736743688583374, 2.7470405101776123, 2.7607057094573975, 2.777848720550537, 2.7985715866088867, 2.8230106830596924, 2.851343870162964, 2.8837697505950928, 2.9205117225646973, 2.961862087249756, 3.0081334114074707, 3.0596983432769775, 3.1169841289520264, 3.180497884750366, 3.2508251667022705, 3.328626871109009, 3.414724111557007, 3.5100412368774414]"
0.04711524397134781,-0.035571664571762085,0.7838700413703918,-0.3373664319515228,5.775762557983398,5.412849426269531,0.7622578144073486,-0.10896646976470947,0.6380356550216675,25.18662452697754,20.869897842407227,"[5.0, 5.0, 4.689457893371582, 4.386682510375977, 4.126072406768799, 3.8997325897216797, 3.7016313076019287, 3.5270931720733643, 3.372424364089966, 3.234683036804199, 3.1114840507507324, 3.000887393951416, 2.9012913703918457, 2.811366558074951, 2.729994773864746, 2.65624737739563, 2.5893192291259766, 2.528536081314087, 2.4733166694641113, 2.423161268234253, 2.3776392936706543, 2.336379289627075, 2.299056053161621, 2.265390157699585, 2.2351388931274414, 2.208087682723999, 2.1840591430664062, 2.162893533706665, 2.1444520950317383, 2.1286261081695557, 2.115312099456787, 2.1044344902038574, 2.0959229469299316, 2.089735507965088, 2.0858328342437744, 2.0841896533966064, 2.0848019123077393, 2.0876665115356445, 2.0928049087524414, 2.1002464294433594, 2.1100316047668457, 2.122222900390625, 2.136887550354004, 2.154121160507202, 2.174020528793335, 2.196716547012329, 2.2223613262176514, 2.251129388809204, 2.2832024097442627, 2.318821668624878, 2.358236789703369, 2.4017655849456787, 2.449748992919922, 2.502581834793091, 2.5607612133026123, 2.6247920989990234, 2.6953322887420654, 2.7731034755706787, 2.858988046646118, 2.954005002975464]"
0.11642035841941833,0.007247664034366608,0.9321534633636475,2.60994553565979,1.626015067100525,3.924553155899048,0.715993344783783,-0.14796395599842072,0.6822463870048523,23.90736961364746,22.30915069580078,"[3.655834436416626, 3.471574306488037, 3.309006929397583, 3.16475248336792, 3.036132574081421, 2.920962333679199, 2.817460060119629, 2.7241523265838623, 2.6398143768310547, 2.5634186267852783, 2.4940998554229736, 2.431123971939087, 2.3738574981689453, 2.3217687606811523, 2.2743866443634033, 2.231315851211548, 2.192207098007202, 2.1567609310150146, 2.1247119903564453, 2.095834493637085, 2.0699315071105957, 2.0468292236328125, 2.0263783931732178, 2.008453130722046, 1.9929418563842773, 1.979750633239746, 1.9688019752502441, 1.960033893585205, 1.9533917903900146, 1.948845624923706, 1.9463648796081543, 1.9459351301193237, 1.947556972503662, 1.9512404203414917, 1.956998348236084, 1.9648693799972534, 1.9748971462249756, 1.9871416091918945, 2.0016679763793945, 2.01857852935791, 2.037958860397339, 2.0599303245544434, 2.0846431255340576, 2.112252712249756, 2.1429405212402344, 2.1769425868988037, 2.2144854068756104, 2.2558515071868896, 2.301384925842285, 2.351449966430664, 2.4064905643463135, 2.467001438140869, 2.5335817337036133, 2.6069252490997314, 2.6878135204315186, 2.7772324085235596, 2.87630295753479, 2.9863879680633545, 3.1091458797454834, 3.2465500831604004]"
0.2660372257232666,0.08891714364290237,1.158267855644226,4.291867256164551,-1.94713294506073,2.2673685550689697,0.7229155898094177,-0.13392828404903412,0.6778320074081421,24.027738571166992,22.15233612060547,"[3.100364923477173, 2.9861772060394287, 2.88344669342041, 2.790748119354248, 2.706912040710449, 2.630934953689575, 2.5619804859161377, 2.4993317127227783, 2.442375659942627, 2.39058780670166, 2.3435189723968506, 2.3007729053497314, 2.262014865875244, 2.2269480228424072, 2.1953163146972656, 2.166896343231201, 2.1414976119995117, 2.1189496517181396, 2.0991106033325195, 2.0818541049957275, 2.0670742988586426, 2.0546886920928955, 2.044614791870117, 2.0368025302886963, 2.031202554702759, 2.0277843475341797, 2.0265254974365234, 2.0274219512939453, 2.0304794311523438, 2.0357184410095215, 2.043158769607544, 2.052851676940918, 2.0648465156555176, 2.079223871231079, 2.096060276031494, 2.1154613494873047, 2.1375458240509033, 2.1624584197998047, 2.190366506576538, 2.221449613571167, 2.2559292316436768, 2.2940480709075928, 2.33610463142395, 2.3824386596679688, 2.433411121368408, 2.4894707202911377, 2.551131248474121, 2.6189842224121094, 2.693742275238037, 2.7762038707733154, 2.8673460483551025, 2.968315601348877, 3.0804920196533203, 3.2055294513702393, 3.3454220294952393, 3.502678155899048, 3.680346727371216, 3.8822994232177734, 4.113447189331055, 4.380138874053955]"
0.506700336933136,0.1879027783870697,1.4902458190917969,3.7439472675323486,-4.758227348327637,0.8329986333847046,0.7731012105941772,-0.10111670941114426,0.6261708736419678,25.458942413330078,20.446245193481445,"[3.088989019393921, 3.000100612640381, 2.91959547996521, 2.846601963043213, 2.7803688049316406, 2.7202699184417725, 2.6657443046569824, 2.616333246231079, 2.5716187953948975, 2.5312509536743164, 2.4949235916137695, 2.4623701572418213, 2.433361530303955, 2.4077019691467285, 2.38521671295166, 2.3657631874084473, 2.3492162227630615, 2.3354744911193848, 2.324453115463257, 2.316086530685425, 2.3103227615356445, 2.307130813598633, 2.3064897060394287, 2.3083951473236084, 2.312859058380127, 2.3199102878570557, 2.329587459564209, 2.3419482707977295, 2.357072353363037, 2.3750455379486084, 2.3959875106811523, 2.420027494430542, 2.4473302364349365, 2.478071451187134, 2.512467861175537, 2.5507619380950928, 2.5932438373565674, 2.6402394771575928, 2.692136526107788, 2.7493653297424316, 2.812433958053589, 2.881937265396118, 2.958559513092041, 3.043107271194458, 3.136526346206665, 3.2399489879608154, 3.3547089099884033, 3.482422351837158, 3.625013828277588, 3.784855604171753, 3.9648592472076416, 4.16867208480835, 4.400872707366943, 4.667316913604736, 4.975628852844238, 5.0, 5.0, 5.0, 5.0, 5.0]"
0.8540177941322327,0.24482426047325134,1.8507986068725586,1.0587859153747559,-7.18565034866333,-0.4852170944213867,0.8491045832633972,-0.07841970026493073,0.522371232509613,27.809999465942383,17.036277770996094,"[3.7853291034698486, 3.6888816356658936, 3.601778268814087, 3.523103713989258, 3.452101707458496, 3.388094663619995, 3.3305246829986572, 3.278893232345581, 3.2327880859375, 3.191844940185547, 3.1557531356811523, 3.1242432594299316, 3.097095251083374, 3.0741190910339355, 3.0551564693450928, 3.0400781631469727, 3.0287883281707764, 3.021209239959717, 3.017293930053711, 3.017016649246216, 3.020374059677124, 3.027390480041504, 3.0381078720092773, 3.0526015758514404, 3.070962429046631, 3.093317747116089, 3.1198174953460693, 3.1506431102752686, 3.1860194206237793, 3.2262015342712402, 3.2714977264404297, 3.3222527503967285, 3.3788912296295166, 3.4418723583221436, 3.511774778366089, 3.589226722717285, 3.6749815940856934, 3.769935369491577, 3.875126838684082, 3.9917664527893066, 4.12131404876709, 4.265522480010986, 4.426478385925293, 4.606708526611328, 4.80935001373291, 5.0, 5.0, 5.0, 5.0, 5.0, 5.0, 5.0, 5.0, 5.0, 5.0, 5.0, 5.0, 5.0, 5.0, 5.0]"
1.2210097312927246,0.17160719633102417,2.20302152633667,-3.1479382514953613,-5.908369541168213,-1.4738661050796509,0.9094285368919373,-0.07582580298185349,0.40888893604278564,29.71966552734375,13.316079139709473,"[5.0, 5.0, 5.0, 5.0, 5.0, 5.0, 5.0, 5.0, 5.0, 5.0, 4.943827152252197, 4.877988815307617, 4.820765495300293, 4.771658420562744, 4.730255603790283, 4.6962127685546875, 4.669254779815674, 4.649168968200684, 4.63579797744751, 4.6290388107299805, 4.628836631774902, 4.635194778442383, 4.648158073425293, 4.667828559875488, 4.694358825683594, 4.727961540222168, 4.76890230178833, 4.817525386810303, 4.874238014221191, 4.9395294189453125, 5.0, 5.0, 5.0, 5.0, 5.0, 5.0, 5.0, 5.0, 5.0, 5.0, 5.0, 5.0, 5.0, 5.0, 5.0, 5.0, 5.0, 5.0, 5.0, 5.0, 5.0, 5.0, 5.0, 5.0, 5.0, 5.0, 5.0, 5.0, 5.0, 5.0]"
1.329931378364563,0.0010900944471359253,2.4120986461639404,-3.9416022300720215,1.8572254180908203,-0.9228079915046692,0.9122122526168823,-0.08616490662097931,0.40055495500564575,29.800148010253906,13.027341842651367,"[5.0, 5.0, 5.0, 5.0, 5.0, 5.0, 5.0, 5.0, 5.0, 5.0, 5.0, 5.0, 5.0, 5.0, 5.0, 5.0, 5.0, 5.0, 5.0, 5.0, 5.0, 5.0, 5.0, 5.0, 5.0, 5.0, 5.0, 5.0, 5.0, 5.0, 5.0, 5.0, 5.0, 5.0, 5.0, 5.0, 5.0, 5.0, 5.0, 5.0, 5.0, 5.0, 5.0, 5.0, 5.0, 5.0, 5.0, 5.0, 5.0, 5.0, 5.0, 5.0, 5.0, 5.0, 5.0, 5.0, 5.0, 5.0, 5.0, 5.0]"
1.245474934577942,-0.12042827904224396,2.510972023010254,-2.6870386600494385,4.225971221923828,-1.313615322113037,0.8835627436637878,-0.08981265872716904,0.4596198499202728,28.848527908325195,14.92976188659668,"[5.0, 5.0, 5.0, 5.0, 5.0, 5.0, 5.0, 5.0, 5.0, 5.0, 5.0, 5.0, 5.0, 5.0, 4.978326320648193, 4.85370397567749, 4.741671085357666, 4.641007423400879, 4.550678253173828, 4.4698004722595215, 4.397620677947998, 4.333492755889893, 4.276869297027588, 4.22727632522583, 4.184321880340576, 4.147668361663818, 4.117038726806641, 4.0922017097473145, 4.0729804039001465, 4.059231758117676, 4.0508623123168945, 4.047807216644287, 4.050046920776367, 4.057603359222412, 4.070525169372559, 4.088898658752441, 4.1128621101379395, 4.142592906951904, 4.17830753326416, 4.220276355743408, 4.268826007843018, 4.324345111846924, 4.387289524078369, 4.45819616317749, 4.537698268890381, 4.626526832580566, 4.7255401611328125, 4.835755825042725, 4.958363056182861, 5.0, 5.0, 5.0, 5.0, 5.0, 5.0, 5.0, 5.0, 5.0, 5.0, 5.0]"
1.2777979373931885,-0.1630280613899231,2.5226283073425293,-1.2593274116516113,-0.15237495303153992,-1.4737690687179565,0.8776705861091614,-0.07980901002883911,0.4725727140903473,28.5870418548584,15.329153060913086,"[5.0, 5.0, 5.0, 5.0, 5.0, 5.0, 5.0, 5.0, 5.0, 5.0, 5.0, 5.0, 5.0, 5.0, 5.0, 5.0, 4.868286609649658, 4.741716384887695, 4.627764701843262, 4.525177955627441, 4.432895183563232, 4.350009441375732, 4.275747776031494, 4.209439754486084, 4.150522708892822, 4.098512172698975, 4.052986145019531, 4.013598442077637, 3.980046272277832, 3.9520928859710693, 3.92952561378479, 3.9121944904327393, 3.8999717235565186, 3.892777919769287, 3.8905556201934814, 3.893298387527466, 3.901021957397461, 3.9137766361236572, 3.931652069091797, 3.9547805786132812, 3.9833126068115234, 4.017459392547607, 4.057482719421387, 4.103672504425049, 4.156388759613037, 4.216066837310791, 4.2831830978393555, 4.358312129974365, 4.44215726852417, 4.535470485687256, 4.639202117919922, 4.754427433013916, 4.88239860534668, 5.0, 5.0, 5.0, 5.0, 5.0, 5.0, 5.0]"
1.4617435932159424,-0.14938820898532867,2.5819671154022217,-0.8753397464752197,-2.3567399978637695,-1.8320822715759277,0.8969837427139282,-0.05775066837668419,0.4382750988006592,29.110549926757812,14.19431209564209,"[5.0, 5.0, 5.0, 5.0, 5.0, 5.0, 5.0, 5.0, 5.0, 5.0, 5.0, 5.0, 5.0, 5.0, 5.0, 5.0, 5.0, 5.0, 5.0, 5.0, 5.0, 5.0, 5.0, 5.0, 4.935277462005615, 4.848995685577393, 4.772139072418213, 4.704014301300049, 4.644033908843994, 4.591699123382568, 4.546586990356445, 4.50834321975708, 4.476678848266602, 4.4513444900512695, 4.432165145874023, 4.418999671936035, 4.411741733551025, 4.410353660583496, 4.414822578430176, 4.425168037414551, 4.441476345062256, 4.463867664337158, 4.492494583129883, 4.527581691741943, 4.56939172744751, 4.618251323699951, 4.67453670501709, 4.738731861114502, 4.811360836029053, 4.893067359924316, 4.984614372253418, 5.0, 5.0, 5.0, 5.0, 5.0, 5.0, 5.0, 5.0, 5.0]"
1.561801791191101,-0.10634076595306396,2.6602234840393066,-0.9399593472480774,0.9332736134529114,-2.291699171066284,0.8983181118965149,-0.026656102389097214,0.4385361671447754,29.060810089111328,14.180509567260742,"[5.0, 5.0, 5.0, 5.0, 5.0, 5.0, 5.0, 5.0, 5.0, 5.0, 5.0, 5.0, 5.0, 5.0, 5.0, 5.0, 5.0, 5.0, 5.0, 5.0, 5.0, 5.0, 5.0, 5.0, 5.0, 5.0, 5.0, 4.914391994476318, 4.832484245300293, 4.759628772735596, 4.695192813873291, 4.638631820678711, 4.589491844177246, 4.547375202178955, 4.511964797973633, 4.482997894287109, 4.460249423980713, 4.443559169769287, 4.432816028594971, 4.427928447723389, 4.428869247436523, 4.435643196105957, 4.448304653167725, 4.466932773590088, 4.491671562194824, 4.522702693939209, 4.560243606567383, 4.604593753814697, 4.656082630157471, 4.715132713317871, 4.782232761383057, 4.857934951782227, 4.942929744720459, 5.0, 5.0, 5.0, 5.0, 5.0, 5.0, 5.0]"
1.6039561033248901,-0.0431777723133564,2.6792562007904053,-0.406873881816864,0.9106042981147766,-2.0768251419067383,0.8910350799560547,0.006727469153702259,0.45388463139533997,28.76761817932129,14.653528213500977,"[5.0, 5.0, 5.0, 5.0, 5.0, 5.0, 5.0, 5.0, 5.0, 5.0, 5.0, 5.0, 5.0, 5.0, 5.0, 5.0, 5.0, 5.0, 5.0, 5.0, 5.0, 5.0, 5.0, 5.0, 5.0, 5.0, 4.968952655792236, 4.865882396697998, 4.773309230804443, 4.6903557777404785, 4.6162638664245605, 4.550400257110596, 4.492212772369385, 4.441232204437256, 4.397054672241211, 4.359349727630615, 4.3278398513793945, 4.302286624908447, 4.282520771026611, 4.268392562866211, 4.259806156158447, 4.256702899932861, 4.259067058563232, 4.266902446746826, 4.280272960662842, 4.299264907836914, 4.3240203857421875, 4.354710578918457, 4.391557693481445, 4.434834957122803, 4.484869480133057, 4.542057991027832, 4.606846809387207, 4.679777145385742, 4.761483192443848, 4.852707386016846, 4.954291820526123, 5.0, 5.0, 5.0]"
1.6984388828277588,0.05297426879405975,2.6475718021392822,0.3934701085090637,-0.6046180725097656,-1.6891578435897827,0.8926932215690613,0.04041324928402901,0.4488491415977478,28.801490783691406,14.466670036315918,"[5.0, 5.0, 5.0, 5.0, 5.0, 5.0, 5.0, 5.0, 5.0, 5.0, 5.0, 5.0, 5.0, 5.0, 5.0, 5.0, 5.0, 5.0, 5.0, 5.0, 5.0, 5.0, 5.0, 5.0, 5.0, 5.0, 5.0, 5.0, 5.0, 4.979122638702393, 4.891263008117676, 4.8127851486206055, 4.743001937866211, 4.681326389312744, 4.627257823944092, 4.5803608894348145, 4.540276527404785, 4.506714344024658, 4.479417324066162, 4.458195209503174, 4.442898750305176, 4.433413505554199, 4.429675102233887, 4.431668281555176, 4.439388275146484, 4.452898979187012, 4.472301006317139, 4.497722625732422, 4.5293426513671875, 4.567400932312012, 4.612180709838867, 4.664018630981445, 4.723328113555908, 4.790567874908447, 4.866325855255127, 4.951233386993408, 5.0, 5.0, 5.0, 5.0]"
1.8102726936340332,0.1494232416152954,2.613966941833496,0.40099212527275085,-0.5052978992462158,-1.1445640325546265,0.896454393863678,0.06685452908277512,0.43806377053260803,28.923202514648438,14.094547271728516,"[5.0, 5.0, 5.0, 5.0, 5.0, 5.0, 5.0, 5.0, 5.0, 5.0, 5.0, 5.0, 5.0, 5.0, 5.0, 5.0, 5.0, 5.0, 5.0, 5.0, 5.0, 5.0, 5.0, 5.0, 5.0, 5.0, 5.0, 5.0, 5.0, 5.0, 5.0, 5.0, 5.0, 5.0, 4.960414409637451, 4.904701232910156, 4.856619358062744, 4.815799713134766, 4.78193473815918, 4.754771709442139, 4.734111785888672, 4.719807147979736, 4.711754322052002, 4.709895610809326, 4.714221954345703, 4.72475528717041, 4.741580486297607, 4.764808177947998, 4.79462194442749, 4.831223487854004, 4.874892711639404, 4.925975799560547, 4.984849452972412, 5.0, 5.0, 5.0, 5.0, 5.0, 5.0, 5.0]"
1.9052340984344482,0.2159593105316162,2.5885045528411865,0.12046430259943008,-0.1485292762517929,-0.5221699476242065,0.8979386687278748,0.0806632786989212,0.4326656758785248,28.95584487915039,13.896221160888672,"[5.0, 5.0, 5.0, 5.0, 5.0, 5.0, 5.0, 5.0, 5.0, 5.0, 5.0, 5.0, 5.0, 5.0, 5.0, 5.0, 5.0, 5.0, 5.0, 5.0, 5.0, 5.0, 5.0, 5.0, 5.0, 5.0, 5.0, 5.0, 5.0, 5.0, 5.0, 5.0, 5.0, 5.0, 5.0, 5.0, 5.0, 5.0, 4.985194206237793, 4.954291820526123, 4.930270195007324, 4.912964344024658, 4.90224552154541, 4.898028373718262, 4.900291919708252, 4.909056663513184, 4.924371242523193, 4.946353912353516, 4.975162029266357, 5.0, 5.0, 5.0, 5.0, 5.0, 5.0, 5.0, 5.0, 5.0, 5.0, 5.0]"
1.990168571472168,0.2594379186630249,2.560746669769287,-0.03278498724102974,-0.030952386558055878,-0.16429735720157623,0.8984342217445374,0.08526267111301422,0.43075084686279297,28.932912826538086,13.80972671508789,"[5.0, 5.0, 5.0, 5.0, 5.0, 5.0, 5.0, 5.0, 5.0, 5.0, 5.0, 5.0, 5.0, 5.0, 5.0, 5.0, 5.0, 5.0, 5.0, 5.0, 5.0, 5.0, 5.0, 5.0, 5.0, 5.0, 5.0, 5.0, 5.0, 5.0, 5.0, 5.0, 5.0, 5.0, 5.0, 5.0, 5.0, 5.0, 5.0, 5.0, 5.0, 5.0, 5.0, 5.0, 5.0, 5.0, 5.0, 5.0, 5.0, 5.0, 5.0, 5.0, 5.0, 5.0, 5.0, 5.0, 5.0, 5.0, 5.0, 5.0]"
2.0773305892944336,0.2931656539440155,2.530973196029663,-1.8524471670389175e-05,-0.13080303370952606,0.04776880890130997,0.8997127413749695,0.08526567369699478,0.4280732572078705,28.920076370239258,13.698470115661621,"[5.0, 5.0, 5.0, 5.0, 5.0, 5.0, 5.0, 5.0, 5.0, 5.0, 5.0, 5.0, 5.0, 5.0, 5.0, 5.0, 5.0, 5.0, 5.0, 5.0, 5.0, 5.0, 5.0, 5.0, 5.0, 5.0, 5.0, 5.0, 5.0, 5.0, 5.0, 5.0, 5.0, 5.0, 5.0, 5.0, 5.0, 5.0, 5.0, 5.0, 5.0, 5.0, 5.0, 5.0, 5.0, 5.0, 5.0, 5.0, 5.0, 5.0, 5.0, 5.0, 5.0, 5.0, 5.0, 5.0, 5.0, 5.0, 5.0, 5.0]"
2.17348313331604,0.32450398802757263,2.493845224380493,0.10726890712976456,-0.3353910744190216,0.19390584528446198,0.9027546644210815,0.08307085186243057,0.4220581352710724,28.955242156982422,13.48027515411377,"[5.0, 5.0, 5.0, 5.0, 5.0, 5.0, 5.0, 5.0, 5.0, 5.0, 5.0, 5.0, 5.0, 5.0, 5.0, 5.0, 5.0, 5.0, 5.0, 5.0, 5.0, 5.0, 5.0, 5.0, 5.0, 5.0, 5.0, 5.0, 5.0, 5.0, 5.0, 5.0, 5.0, 5.0, 5.0, 5.0, 5.0, 5.0, 5.0, 5.0, 5.0, 5.0, 5.0, 5.0, 5.0, 5.0, 5.0, 5.0, 5.0, 5.0, 5.0, 5.0, 5.0, 5.0, 5.0, 5.0, 5.0, 5.0, 5.0, 5.0]"
2.2799787521362305,0.35571715235710144,2.44413685798645,0.21723468601703644,-0.5607941746711731,0.28873729705810547,0.9077343344688416,0.07978589087724686,0.41188880801200867,29.047298431396484,13.129730224609375,"[5.0, 5.0, 5.0, 5.0, 5.0, 5.0, 5.0, 5.0, 5.0, 5.0, 5.0, 5.0, 5.0, 5.0, 5.0, 5.0, 5.0, 5.0, 5.0, 5.0, 5.0, 5.0, 5.0, 5.0, 5.0, 5.0, 5.0, 5.0, 5.0, 5.0, 5.0, 5.0, 5.0, 5.0, 5.0, 5.0, 5.0, 5.0, 5.0, 5.0, 5.0, 5.0, 5.0, 5.0, 5.0, 5.0, 5.0, 5.0, 5.0, 5.0, 5.0, 5.0, 5.0, 5.0, 5.0, 5.0, 5.0, 5.0, 5.0, 5.0]"
2.395097017288208,0.3861188292503357,2.3782958984375,0.2844531536102295,-0.7686498761177063,0.3432943820953369,0.9143686890602112,0.07584866136312485,0.3977144658565521,29.188589096069336,12.652433395385742,"[5.0, 5.0, 5.0, 5.0, 5.0, 5.0, 5.0, 5.0, 5.0, 5.0, 5.0, 5.0, 5.0, 5.0, 5.0, 5.0, 5.0, 5.0, 5.0, 5.0, 5.0, 5.0, 5.0, 5.0, 5.0, 5.0, 5.0, 5.0, 5.0, 5.0, 5.0, 5.0, 5.0, 5.0, 5.0, 5.0, 5.0, 5.0, 5.0, 5.0, 5.0, 5.0, 5.0, 5.0, 5.0, 5.0, 5.0, 5.0, 5.0, 5.0, 5.0, 5.0, 5.0, 5.0, 5.0, 5.0, 5.0, 5.0, 5.0, 5.0]"
2.515643835067749,0.4139190912246704,2.294217586517334,0.304560124874115,-0.9380838871002197,0.37333163619041443,0.9221662282943726,0.07134099304676056,0.3801576495170593,29.363895416259766,12.069032669067383,"[5.0, 5.0, 5.0, 5.0, 5.0, 5.0, 5.0, 5.0, 5.0, 5.0, 5.0, 5.0, 5.0, 5.0, 5.0, 5.0, 5.0, 5.0, 5.0, 5.0, 5.0, 5.0, 5.0, 5.0, 5.0, 5.0, 5.0, 5.0, 5.0, 5.0, 5.0, 5.0, 5.0, 5.0, 5.0, 5.0, 5.0, 5.0, 5.0, 5.0, 5.0, 5.0, 5.0, 5.0, 5.0, 5.0, 5.0, 5.0, 5.0, 5.0, 5.0, 5.0, 5.0, 5.0, 5.0, 5.0, 5.0, 5.0, 5.0, 5.0]"
2.6381101608276367,0.4374394416809082,2.1907260417938232,0.29037490487098694,-1.0653226375579834,0.39329779148101807,0.9306122064590454,0.06618080288171768,0.35997337102890015,29.556982040405273,11.404237747192383,"[5.0, 5.0, 5.0, 5.0, 5.0, 5.0, 5.0, 5.0, 5.0, 5.0, 5.0, 5.0, 5.0, 5.0, 5.0, 5.0, 5.0, 5.0, 5.0, 5.0, 5.0, 5.0, 5.0, 5.0, 5.0, 5.0, 5.0, 5.0, 5.0, 5.0, 5.0, 5.0, 5.0, 5.0, 5.0, 5.0, 5.0, 5.0, 5.0, 5.0, 5.0, 5.0, 5.0, 5.0, 5.0, 5.0, 5.0, 5.0, 5.0, 5.0, 5.0, 5.0, 5.0, 5.0, 5.0, 5.0, 5.0, 5.0, 5.0, 5.0]"
2.759284019470215,0.45544296503067017,2.068525552749634,0.25368261337280273,-1.1534286737442017,0.4127195477485657,0.939256489276886,0.06022355705499649,0.33789095282554626,29.75372886657715,10.681761741638184,"[5.0, 5.0, 5.0, 5.0, 5.0, 5.0, 5.0, 5.0, 5.0, 5.0, 5.0, 5.0, 5.0, 5.0, 5.0, 5.0, 5.0, 5.0, 5.0, 5.0, 5.0, 5.0, 5.0, 5.0, 5.0, 5.0, 5.0, 5.0, 5.0, 5.0, 5.0, 5.0, 5.0, 5.0, 5.0, 5.0, 5.0, 5.0, 5.0, 5.0, 5.0, 5.0, 5.0, 5.0, 5.0, 5.0, 5.0, 5.0, 5.0, 5.0, 5.0, 5.0, 5.0, 5.0, 5.0, 5.0, 5.0, 5.0, 5.0, 5.0]"
2.8764781951904297,0.46710944175720215,1.9294242858886719,0.1996103823184967,-1.208328127861023,0.4359934329986572,0.9477394223213196,0.053315747529268265,0.3145589828491211,29.943134307861328,9.92257308959961,"[5.0, 5.0, 5.0, 5.0, 5.0, 5.0, 5.0, 5.0, 5.0, 5.0, 5.0, 5.0, 5.0, 5.0, 5.0, 5.0, 5.0, 5.0, 5.0, 5.0, 5.0, 5.0, 5.0, 5.0, 5.0, 5.0, 5.0, 5.0, 5.0, 5.0, 5.0, 5.0, 5.0, 5.0, 5.0, 5.0, 5.0, 5.0, 5.0, 5.0, 5.0, 5.0, 5.0, 5.0, 5.0, 5.0, 5.0, 5.0, 5.0, 5.0, 5.0, 5.0, 5.0, 5.0, 5.0, 5.0, 5.0, 5.0, 5.0, 5.0]"
2.987535238265991,0.4718141257762909,1.775713562965393,0.11985144019126892,-1.232717752456665,0.46152862906455994,0.9557796120643616,0.04529839754104614,0.29057398438453674,30.116886138916016,9.14580249786377,"[5.0, 5.0, 5.0, 5.0, 5.0, 5.0, 5.0, 5.0, 5.0, 5.0, 5.0, 5.0, 5.0, 5.0, 5.0, 5.0, 5.0, 5.0, 5.0, 5.0, 5.0, 5.0, 5.0, 5.0, 5.0, 5.0, 5.0, 5.0, 5.0, 5.0, 5.0, 5.0, 5.0, 5.0, 5.0, 5.0, 5.0, 5.0, 5.0, 5.0, 5.0, 5.0, 5.0, 5.0, 5.0, 5.0, 5.0, 5.0, 5.0, 5.0, 5.0, 5.0, 5.0, 5.0, 5.0, 5.0, 5.0, 5.0, 5.0, 5.0]"
3.0905990600585938,0.4694235026836395,1.6104241609573364,0.020487818866968155,-1.2195229530334473,0.4876348674297333,0.9631227850914001,0.036103662103414536,0.2666287124156952,30.268009185791016,8.373445510864258,"[5.0, 5.0, 5.0, 5.0, 5.0, 5.0, 5.0, 5.0, 5.0, 5.0, 5.0, 5.0, 5.0, 5.0, 5.0, 5.0, 5.0, 5.0, 5.0, 5.0, 5.0, 5.0, 5.0, 5.0, 5.0, 5.0, 5.0, 5.0, 5.0, 5.0, 5.0, 5.0, 5.0, 5.0, 5.0, 5.0, 5.0, 5.0, 5.0, 5.0, 5.0, 5.0, 5.0, 5.0, 5.0, 5.0, 5.0, 5.0, 5.0, 5.0, 5.0, 5.0, 5.0, 5.0, 5.0, 5.0, 5.0, 5.0, 5.0, 5.0]"
3.1842708587646484,0.4611435830593109,1.437445044517517,-0.07948524504899979,-1.1721727848052979,0.5053452253341675,0.9695799350738525,0.025918100029230118,0.24339860677719116,30.391996383666992,7.626733779907227,"[5.0, 5.0, 5.0, 5.0, 5.0, 5.0, 5.0, 5.0, 5.0, 5.0, 5.0, 5.0, 5.0, 5.0, 5.0, 5.0, 5.0, 5.0, 5.0, 5.0, 5.0, 5.0, 5.0, 5.0, 5.0, 5.0, 5.0, 5.0, 5.0, 5.0, 5.0, 5.0, 5.0, 5.0, 5.0, 5.0, 5.0, 5.0, 5.0, 5.0, 5.0, 5.0, 5.0, 5.0, 5.0, 5.0, 5.0, 5.0, 5.0, 5.0, 5.0, 5.0, 5.0, 5.0, 5.0, 5.0, 5.0, 5.0, 5.0, 5.0]"
3.2681798934936523,0.4501953125,1.259995460510254,-0.13474497199058533,-1.122274398803711,0.4993418753147125,0.9751375317573547,0.015378373675048351,0.22106598317623138,30.4898738861084,6.911267280578613,"[5.0, 5.0, 5.0, 5.0, 5.0, 5.0, 5.0, 5.0, 5.0, 5.0, 5.0, 5.0, 5.0, 5.0, 5.0, 5.0, 5.0, 5.0, 5.0, 5.0, 5.0, 5.0, 5.0, 5.0, 5.0, 5.0, 5.0, 5.0, 5.0, 5.0, 5.0, 5.0, 5.0, 5.0, 5.0, 5.0, 5.0, 5.0, 5.0, 5.0, 5.0, 5.0, 5.0, 5.0, 5.0, 5.0, 5.0, 5.0, 5.0, 5.0, 5.0, 5.0, 5.0, 5.0, 5.0, 5.0, 5.0, 5.0, 5.0, 5.0]"
3.3425064086914062,0.439787894487381,1.0857890844345093,-0.1348777413368225,-1.060287356376648,0.47526344656944275,0.9798208475112915,0.005146058741956949,0.19981127977371216,30.56303596496582,6.232522010803223,"[5.0, 5.0, 5.0, 5.0, 5.0, 5.0, 5.0, 5.0, 5.0, 5.0, 5.0, 5.0, 5.0, 5.0, 5.0, 5.0, 5.0, 5.0, 5.0, 5.0, 5.0, 5.0, 5.0, 5.0, 5.0, 5.0, 5.0, 5.0, 5.0, 5.0, 5.0, 5.0, 5.0, 5.0, 5.0, 5.0, 5.0, 5.0, 5.0, 5.0, 5.0, 5.0, 5.0, 5.0, 5.0, 5.0, 5.0, 5.0, 5.0, 5.0, 5.0, 5.0, 5.0, 5.0, 5.0, 5.0, 5.0, 5.0, 5.0, 5.0]"
3.40783429145813,0.43184730410575867,0.9206684231758118,-0.1018134206533432,-0.9995301961898804,0.44082823395729065,0.9837116599082947,-0.004372045863419771,0.17970030009746552,30.6137638092041,5.5923380851745605,"[5.0, 5.0, 5.0, 5.0, 5.0, 5.0, 5.0, 5.0, 5.0, 5.0, 5.0, 5.0, 5.0, 5.0, 5.0, 5.0, 5.0, 5.0, 5.0, 5.0, 5.0, 5.0, 5.0, 5.0, 5.0, 5.0, 5.0, 5.0, 5.0, 5.0, 5.0, 5.0, 5.0, 5.0, 5.0, 5.0, 5.0, 5.0, 5.0, 5.0, 5.0, 5.0, 5.0, 5.0, 5.0, 5.0, 5.0, 5.0, 5.0, 5.0, 5.0, 5.0, 5.0, 5.0, 5.0, 5.0, 5.0, 5.0, 5.0, 5.0]"
3.464998960494995,0.42747268080711365,0.768368661403656,-0.056295424699783325,-0.9466125965118408,0.39485642313957214,0.9869281649589539,-0.012903861701488495,0.16064304113388062,30.645084381103516,4.987697124481201,"[5.0, 5.0, 5.0, 5.0, 5.0, 5.0, 5.0, 5.0, 5.0, 5.0, 5.0, 5.0, 5.0, 5.0, 5.0, 5.0, 5.0, 5.0, 5.0, 5.0, 5.0, 5.0, 5.0, 5.0, 5.0, 5.0, 5.0, 5.0, 5.0, 5.0, 5.0, 5.0, 5.0, 5.0, 5.0, 5.0, 5.0, 5.0, 5.0, 5.0, 5.0, 5.0, 5.0, 5.0, 5.0, 5.0, 5.0, 5.0, 5.0, 5.0, 5.0, 5.0, 5.0, 5.0, 5.0, 5.0, 5.0, 5.0, 5.0, 5.0]"
3.5148301124572754,0.42733511328697205,0.6312264204025269,0.006372198462486267,-0.8982993960380554,0.33896633982658386,0.9895790815353394,-0.020225225016474724,0.1425624042749405,30.659515380859375,4.4160003662109375,"[5.0, 5.0, 5.0, 5.0, 5.0, 5.0, 5.0, 5.0, 5.0, 5.0, 5.0, 5.0, 5.0, 5.0, 5.0, 5.0, 5.0, 5.0, 5.0, 5.0, 5.0, 5.0, 5.0, 5.0, 5.0, 5.0, 5.0, 5.0, 5.0, 5.0, 5.0, 5.0, 5.0, 5.0, 5.0, 5.0, 5.0, 5.0, 5.0, 5.0, 5.0, 5.0, 5.0, 5.0, 5.0, 5.0, 5.0, 5.0, 5.0, 5.0, 5.0, 5.0, 5.0, 5.0, 5.0, 5.0, 5.0, 5.0, 5.0, 5.0]"
3.5579991340637207,0.4320206046104431,0.5100937485694885,0.08433559536933899,-0.8493865132331848,0.2724760174751282,0.991752564907074,-0.026119420304894447,0.12547695636749268,30.65889549255371,3.877631664276123,"[5.0, 5.0, 5.0, 5.0, 5.0, 5.0, 5.0, 5.0, 5.0, 5.0, 5.0, 5.0, 5.0, 5.0, 5.0, 5.0, 5.0, 5.0, 5.0, 5.0, 5.0, 5.0, 5.0, 5.0, 5.0, 5.0, 5.0, 5.0, 5.0, 5.0, 5.0, 5.0, 5.0, 5.0, 5.0, 5.0, 5.0, 5.0, 5.0, 5.0, 5.0, 5.0, 5.0, 5.0, 5.0, 5.0, 5.0, 5.0, 5.0, 5.0, 5.0, 5.0, 5.0, 5.0, 5.0, 5.0, 5.0, 5.0, 5.0, 5.0]"
3.5951125621795654,0.44140803813934326,0.404336541891098,0.17136967182159424,-0.7996774315834045,0.20512448251247406,0.9935252070426941,-0.030536336824297905,0.10943078994750977,30.644847869873047,3.373751401901245,"[5.0, 5.0, 5.0, 5.0, 5.0, 5.0, 5.0, 5.0, 5.0, 5.0, 5.0, 5.0, 5.0, 5.0, 5.0, 5.0, 5.0, 5.0, 5.0, 5.0, 5.0, 5.0, 5.0, 5.0, 5.0, 5.0, 5.0, 5.0, 5.0, 5.0, 5.0, 5.0, 5.0, 5.0, 5.0, 5.0, 5.0, 5.0, 5.0, 5.0, 5.0, 5.0, 5.0, 5.0, 5.0, 5.0, 5.0, 5.0, 5.0, 5.0, 5.0, 5.0, 5.0, 5.0, 5.0, 5.0, 5.0, 5.0, 5.0, 5.0]"
3.6268341541290283,0.45424625277519226,0.31210190057754517,0.1860514134168625,-0.7508752346038818,0.1505197137594223,0.9949610233306885,-0.03380744159221649,0.09438998997211456,30.619224548339844,2.9031100273132324,"[5.0, 5.0, 5.0, 5.0, 5.0, 5.0, 5.0, 5.0, 5.0, 5.0, 5.0, 5.0, 5.0, 5.0, 5.0, 5.0, 5.0, 5.0, 5.0, 5.0, 5.0, 5.0, 5.0, 5.0, 5.0, 5.0, 5.0, 5.0, 5.0, 5.0, 5.0, 5.0, 5.0, 5.0, 5.0, 5.0, 5.0, 5.0, 5.0, 5.0, 5.0, 5.0, 5.0, 5.0, 5.0, 5.0, 5.0, 5.0, 5.0, 5.0, 5.0, 5.0, 5.0, 5.0, 5.0, 5.0, 5.0, 5.0, 5.0, 5.0]"
3.653881788253784,0.4687190651893616,0.23404601216316223,0.18319560587406158,-0.6632229089736938,0.11568057537078857,0.9960575699806213,-0.03636004403233528,0.08091401308774948,30.582210540771484,2.4826700687408447,"[5.0, 5.0, 5.0, 5.0, 5.0, 5.0, 5.0, 5.0, 5.0, 5.0, 5.0, 5.0, 5.0, 5.0, 5.0, 5.0, 5.0, 5.0, 5.0, 5.0, 5.0, 5.0, 5.0, 5.0, 5.0, 5.0, 5.0, 5.0, 5.0, 5.0, 5.0, 5.0, 5.0, 5.0, 5.0, 5.0, 5.0, 5.0, 5.0, 5.0, 5.0, 5.0, 5.0, 5.0, 5.0, 5.0, 5.0, 5.0, 5.0, 5.0, 5.0, 5.0, 5.0, 5.0, 5.0, 5.0, 5.0, 5.0, 5.0, 5.0]"
3.6768131256103516,0.4846164584159851,0.16956210136413574,0.1731267273426056,-0.5622348785400391,0.08178278803825378,0.9968537092208862,-0.03830844163894653,0.06939010322093964,30.53510093688965,2.1239535808563232,"[5.0, 5.0, 5.0, 5.0, 5.0, 5.0, 5.0, 5.0, 5.0, 5.0, 5.0, 5.0, 5.0, 5.0, 5.0, 5.0, 5.0, 5.0, 5.0, 5.0, 5.0, 5.0, 5.0, 5.0, 5.0, 5.0, 5.0, 5.0, 5.0, 5.0, 5.0, 5.0, 5.0, 5.0, 5.0, 5.0, 5.0, 5.0, 5.0, 5.0, 5.0, 5.0, 5.0, 5.0, 5.0, 5.0, 5.0, 5.0, 5.0, 5.0, 5.0, 5.0, 5.0, 5.0, 5.0, 5.0, 5.0, 5.0, 5.0, 5.0]"
3.6962497234344482,0.5025984048843384,0.11824510246515274,0.147942453622818,-0.4634764790534973,0.03995295614004135,0.9974244236946106,-0.039540842175483704,0.05983994901180267,30.480058670043945,1.8271995782852173,"[5.0, 5.0, 5.0, 5.0, 5.0, 5.0, 5.0, 5.0, 5.0, 5.0, 5.0, 5.0, 5.0, 5.0, 5.0, 5.0, 5.0, 5.0, 5.0, 5.0, 5.0, 5.0, 5.0, 5.0, 5.0, 5.0, 5.0, 5.0, 5.0, 5.0, 5.0, 5.0, 5.0, 5.0, 5.0, 5.0, 5.0, 5.0, 5.0, 5.0, 5.0, 5.0, 5.0, 5.0, 5.0, 5.0, 5.0, 5.0, 5.0, 5.0, 5.0, 5.0, 5.0, 5.0, 5.0, 5.0, 5.0, 5.0, 5.0, 5.0]"
3.7127249240875244,0.5236708521842957,0.07895532250404358,0.09596225619316101,-0.3790861964225769,-0.012972898781299591,0.997850239276886,-0.03986477851867676,0.05201524496078491,30.419275283813477,1.5844110250473022,"[5.0, 5.0, 5.0, 5.0, 5.0, 5.0, 5.0, 5.0, 5.0, 5.0, 5.0, 5.0, 5.0, 5.0, 5.0, 5.0, 5.0, 5.0, 5.0, 5.0, 5.0, 5.0, 5.0, 5.0, 5.0, 5.0, 5.0, 5.0, 5.0, 5.0, 5.0, 5.0, 5.0, 5.0, 5.0, 5.0, 5.0, 5.0, 5.0, 5.0, 5.0, 5.0, 5.0, 5.0, 5.0, 5.0, 5.0, 5.0, 5.0, 5.0, 5.0, 5.0, 5.0, 5.0, 5.0, 5.0, 5.0, 5.0, 5.0, 5.0]"
3.726623773574829,0.5488102436065674,0.04959103465080261,0.008386372588574886,-0.31675612926483154,-0.07394501566886902,0.9981987476348877,-0.03911847621202469,0.04548589885234833,30.35462188720703,1.3821377754211426,"[5.0, 5.0, 5.0, 5.0, 5.0, 5.0, 5.0, 5.0, 5.0, 5.0, 5.0, 5.0, 5.0, 5.0, 5.0, 5.0, 5.0, 5.0, 5.0, 5.0, 5.0, 5.0, 5.0, 5.0, 5.0, 5.0, 5.0, 5.0, 5.0, 5.0, 5.0, 5.0, 5.0, 5.0, 5.0, 5.0, 5.0, 5.0, 5.0, 5.0, 5.0, 5.0, 5.0, 5.0, 5.0, 5.0, 5.0, 5.0, 5.0, 5.0, 5.0, 5.0, 5.0, 5.0, 5.0, 5.0, 5.0, 5.0, 5.0, 5.0]"
3.738266944885254,0.5781274437904358,0.02736695110797882,-0.10771974921226501,-0.27849721908569336,-0.1283939927816391,0.9985107779502869,-0.03735794872045517,0.039754703640937805,30.28748893737793,1.205022931098938,"[5.0, 5.0, 5.0, 5.0, 5.0, 5.0, 5.0, 5.0, 5.0, 5.0, 5.0, 5.0, 5.0, 5.0, 5.0, 5.0, 5.0, 5.0, 5.0, 5.0, 5.0, 5.0, 5.0, 5.0, 5.0, 5.0, 5.0, 5.0, 5.0, 5.0, 5.0, 5.0, 5.0, 5.0, 5.0, 5.0, 5.0, 5.0, 5.0, 5.0, 5.0, 5.0, 5.0, 5.0, 5.0, 5.0, 5.0, 5.0, 5.0, 5.0, 5.0, 5.0, 5.0, 5.0, 5.0, 5.0, 5.0, 5.0, 5.0, 5.0]"
3.7481236457824707,0.6100884079933167,0.009849242866039276,-0.1911410391330719,-0.2530885636806488,-0.1555156111717224,0.9987909197807312,-0.03498942777514458,0.034528981894254684,30.218637466430664,1.044041395187378,"[5.0, 5.0, 5.0, 5.0, 5.0, 5.0, 5.0, 5.0, 5.0, 5.0, 5.0, 5.0, 5.0, 5.0, 5.0, 5.0, 5.0, 5.0, 5.0, 5.0, 5.0, 5.0, 5.0, 5.0, 5.0, 5.0, 5.0, 5.0, 5.0, 5.0, 5.0, 5.0, 5.0, 5.0, 5.0, 5.0, 5.0, 5.0, 5.0, 5.0, 5.0, 5.0, 5.0, 5.0, 5.0, 5.0, 5.0, 5.0, 5.0, 5.0, 5.0, 5.0, 5.0, 5.0, 5.0, 5.0, 5.0, 5.0, 5.0, 5.0]"
3.7566769123077393,0.642779529094696,-0.0044307224452495575,-0.21425630152225494,-0.2321414202451706,-0.15345092117786407,0.999028205871582,-0.03254074975848198,0.029724035412073135,30.14838409423828,0.896527886390686,"[5.0, 5.0, 5.0, 5.0, 5.0, 5.0, 5.0, 5.0, 5.0, 5.0, 5.0, 5.0, 5.0, 5.0, 5.0, 5.0, 5.0, 5.0, 5.0, 5.0, 5.0, 5.0, 5.0, 5.0, 5.0, 5.0, 5.0, 5.0, 5.0, 5.0, 5.0, 5.0, 5.0, 5.0, 5.0, 5.0, 5.0, 5.0, 5.0, 5.0, 5.0, 5.0, 5.0, 5.0, 5.0, 5.0, 5.0, 5.0, 5.0, 5.0, 5.0, 5.0, 5.0, 5.0, 5.0, 5.0, 5.0, 5.0, 5.0, 5.0]"
3.7643115520477295,0.6746301054954529,-0.016971133649349213,-0.18071475625038147,-0.2161332070827484,-0.1299842894077301,0.9992167353630066,-0.030440678820014,0.02528141811490059,30.076990127563477,0.7606320977210999,"[5.0, 5.0, 5.0, 5.0, 5.0, 5.0, 5.0, 5.0, 5.0, 5.0, 5.0, 5.0, 5.0, 5.0, 5.0, 5.0, 5.0, 5.0, 5.0, 5.0, 5.0, 5.0, 5.0, 5.0, 5.0, 5.0, 5.0, 5.0, 5.0, 5.0, 5.0, 5.0, 5.0, 5.0, 5.0, 5.0, 5.0, 5.0, 5.0, 5.0, 5.0, 5.0, 5.0, 5.0, 5.0, 5.0, 5.0, 5.0, 5.0, 5.0, 5.0, 5.0, 5.0, 5.0, 5.0, 5.0, 5.0, 5.0, 5.0, 5.0]"
3.771343231201172,0.7044504880905151,-0.02924136258661747,-0.09962838888168335,-0.20620694756507874,-0.09393564611673355,0.999357283115387,-0.028967685997486115,0.021112307906150818,30.004695892333984,0.6336096525192261,"[5.0, 5.0, 5.0, 5.0, 5.0, 5.0, 5.0, 5.0, 5.0, 5.0, 5.0, 5.0, 5.0, 5.0, 5.0, 5.0, 5.0, 5.0, 5.0, 5.0, 5.0, 5.0, 5.0, 5.0, 5.0, 5.0, 5.0, 5.0, 5.0, 5.0, 5.0, 5.0, 5.0, 5.0, 5.0, 5.0, 5.0, 5.0, 5.0, 5.0, 5.0, 5.0, 5.0, 5.0, 5.0, 5.0, 5.0, 5.0, 5.0, 5.0, 5.0, 5.0, 5.0, 5.0, 5.0, 5.0, 5.0, 5.0, 5.0, 5.0]"
3.777954578399658,0.7315692901611328,-0.042381785809993744,0.019872676581144333,-0.20132659375667572,-0.05538493022322655,0.99945467710495,-0.028228500857949257,0.017130186781287193,29.93162727355957,0.5128096342086792,"[5.0, 5.0, 5.0, 5.0, 5.0, 5.0, 5.0, 5.0, 5.0, 5.0, 5.0, 5.0, 5.0, 5.0, 5.0, 5.0, 5.0, 5.0, 5.0, 5.0, 5.0, 5.0, 5.0, 5.0, 5.0, 5.0, 5.0, 5.0, 5.0, 5.0, 5.0, 5.0, 5.0, 5.0, 5.0, 5.0, 5.0, 5.0, 5.0, 5.0, 5.0, 5.0, 5.0, 5.0, 5.0, 5.0, 5.0, 5.0, 5.0, 5.0, 5.0, 5.0, 5.0, 5.0, 5.0, 5.0, 5.0, 5.0, 5.0, 5.0]"
3.78416109085083,0.7558696866035461,-0.05692242458462715,0.16113652288913727,-0.19912317395210266,-0.02273358404636383,0.9995153546333313,-0.028151340782642365,0.013282014057040215,29.85792350769043,0.3966083824634552,"[5.0, 5.0, 5.0, 5.0, 5.0, 5.0, 5.0, 5.0, 5.0, 5.0, 5.0, 5.0, 5.0, 5.0, 5.0, 5.0, 5.0, 5.0, 5.0, 5.0, 5.0, 5.0, 5.0, 5.0, 4.920823574066162, 5.0, 5.0, 5.0, 5.0, 5.0, 5.0, 5.0, 5.0, 5.0, 5.0, 5.0, 5.0, 5.0, 5.0, 5.0, 5.0, 5.0, 5.0, 5.0, 5.0, 5.0, 5.0, 5.0, 5.0, 5.0, 5.0, 5.0, 5.0, 5.0, 5.0, 5.0, 5.0, 5.0, 5.0, 5.0]"
3.7900335788726807,0.7764931321144104,-0.07276668399572372,0.3012479543685913,-0.20574907958507538,0.015857035294175148,0.9995401501655579,-0.028817763552069664,0.00942518562078476,29.783660888671875,0.2807290256023407,"[5.0, 5.0, 5.0, 5.0, 5.0, 5.0, 5.0, 5.0, 5.0, 5.0, 5.0, 5.0, 5.0, 5.0, 5.0, 5.0, 5.0, 5.0, 5.0, 5.0, 5.0, 5.0, 5.0, 4.944526195526123, 4.864918231964111, 5.0, 5.0, 5.0, 5.0, 5.0, 5.0, 5.0, 5.0, 5.0, 5.0, 5.0, 5.0, 5.0, 5.0, 5.0, 5.0, 5.0, 5.0, 5.0, 5.0, 5.0, 5.0, 5.0, 5.0, 5.0, 5.0, 5.0, 5.0, 5.0, 5.0, 5.0, 5.0, 5.0, 5.0, 5.0]"
3.795696258544922,0.7924763560295105,-0.09073780477046967,0.4469539225101471,-0.210368812084198,0.05725574493408203,0.999524712562561,-0.030319390818476677,0.0055569871328771114,29.708881378173828,0.16509443521499634,"[5.0, 5.0, 5.0, 5.0, 5.0, 5.0, 5.0, 5.0, 5.0, 5.0, 5.0, 5.0, 5.0, 5.0, 5.0, 5.0, 5.0, 5.0, 5.0, 5.0, 5.0, 5.0, 4.972326755523682, 4.853181838989258, 4.826542377471924, 5.0, 5.0, 5.0, 5.0, 5.0, 5.0, 5.0, 5.0, 5.0, 5.0, 5.0, 5.0, 5.0, 5.0, 5.0, 5.0, 5.0, 5.0, 5.0, 5.0, 5.0, 5.0, 5.0, 5.0, 5.0, 5.0, 5.0, 5.0, 5.0, 5.0, 5.0, 5.0, 5.0, 5.0, 5.0]"
3.80110502243042,0.8038594126701355,-0.10989941656589508,0.5808457732200623,-0.20306918025016785,0.08840226382017136,0.9994686245918274,-0.0325404591858387,0.0018796621588990092,29.633567810058594,0.05570119619369507,"[5.0, 5.0, 5.0, 5.0, 5.0, 5.0, 5.0, 5.0, 5.0, 5.0, 5.0, 5.0, 5.0, 5.0, 5.0, 5.0, 5.0, 5.0, 5.0, 5.0, 5.0, 5.0, 4.877331256866455, 4.760507583618164, 4.788781642913818, 4.9852519035339355, 5.0, 5.0, 5.0, 5.0, 5.0, 5.0, 5.0, 5.0, 5.0, 5.0, 5.0, 5.0, 5.0, 5.0, 5.0, 5.0, 5.0, 5.0, 5.0, 5.0, 5.0, 5.0, 5.0, 5.0, 5.0, 5.0, 5.0, 5.0, 5.0, 5.0, 5.0, 5.0, 5.0, 5.0]"
3.806035280227661,0.8119789361953735,-0.12713345885276794,0.659301221370697,-0.17692454159259796,0.0958980992436409,0.9993835687637329,-0.035083044320344925,-0.0012757238000631332,29.557863235473633,-0.037707701325416565,"[5.0, 5.0, 5.0, 5.0, 5.0, 5.0, 5.0, 5.0, 5.0, 5.0, 5.0, 5.0, 5.0, 5.0, 5.0, 5.0, 5.0, 5.0, 5.0, 5.0, 5.0, 4.906376838684082, 4.7818074226379395, 4.6673583984375, 4.74981164932251, 4.945146083831787, 5.0, 5.0, 5.0, 5.0, 5.0, 5.0, 5.0, 5.0, 5.0, 5.0, 5.0, 5.0, 5.0, 5.0, 5.0, 5.0, 5.0, 5.0, 5.0, 5.0, 5.0, 5.0, 5.0, 5.0, 5.0, 5.0, 5.0, 5.0, 5.0, 5.0, 5.0, 5.0, 5.0, 5.0]"
3.810257911682129,0.8183218240737915,-0.1396709680557251,0.6550242304801941,-0.14495092630386353,0.08431728929281235,0.9992879033088684,-0.03754129633307457,-0.0037738648243248463,29.4819393157959,-0.11126165091991425,"[5.0, 5.0, 5.0, 5.0, 5.0, 5.0, 5.0, 5.0, 5.0, 5.0, 5.0, 5.0, 5.0, 5.0, 5.0, 5.0, 5.0, 5.0, 5.0, 5.0, 5.0, 4.8082051277160645, 4.686205863952637, 4.574124336242676, 4.709169387817383, 5.0, 5.0, 5.0, 5.0, 5.0, 5.0, 5.0, 5.0, 5.0, 5.0, 5.0, 5.0, 5.0, 5.0, 5.0, 5.0, 5.0, 5.0, 5.0, 5.0, 5.0, 5.0, 5.0, 5.0, 5.0, 5.0, 5.0, 5.0, 5.0, 5.0, 5.0, 5.0, 5.0, 5.0, 5.0]"
3.8136558532714844,0.8248599171638489,-0.14428389072418213,0.6010922193527222,-0.089592844247818,0.0471968911588192,0.9992088675498962,-0.039415743201971054,-0.005284351762384176,29.40605926513672,-0.15539413690567017,"[5.0, 5.0, 5.0, 5.0, 5.0, 5.0, 5.0, 5.0, 5.0, 5.0, 5.0, 5.0, 5.0, 5.0, 5.0, 5.0, 5.0, 5.0, 5.0, 5.0, 5.0, 4.7109694480896, 4.591424942016602, 4.491429805755615, 4.665085792541504, 5.0, 5.0, 5.0, 5.0, 5.0, 5.0, 5.0, 5.0, 5.0, 5.0, 5.0, 5.0, 5.0, 5.0, 5.0, 5.0, 5.0, 5.0, 5.0, 5.0, 5.0, 5.0, 5.0, 5.0, 5.0, 5.0, 5.0, 5.0, 5.0, 5.0, 5.0, 5.0, 5.0, 5.0, 5.0]"
3.8161542415618896,0.8319274187088013,-0.14378541707992554,0.49548420310020447,-0.06024077907204628,0.01658977009356022,0.9991543889045715,-0.040655288845300674,-0.006134315859526396,29.330249786376953,-0.17992441356182098,"[5.0, 5.0, 5.0, 5.0, 5.0, 5.0, 5.0, 5.0, 5.0, 5.0, 5.0, 5.0, 5.0, 5.0, 5.0, 5.0, 5.0, 5.0, 5.0, 5.0, 5.0, 4.614203453063965, 4.497018337249756, 4.447591781616211, 4.619359493255615, 5.0, 5.0, 5.0, 5.0, 5.0, 5.0, 5.0, 5.0, 5.0, 5.0, 5.0, 5.0, 5.0, 5.0, 5.0, 5.0, 5.0, 5.0, 5.0, 5.0, 5.0, 5.0, 5.0, 5.0, 5.0, 5.0, 5.0, 5.0, 5.0, 5.0, 5.0, 5.0, 5.0, 5.0, 5.0]"
3.818127393722534,0.8382710814476013,-0.14052480459213257,0.40381938219070435,-0.04984850063920021,0.006533132400363684,0.9991119503974915,-0.04158859699964523,-0.006752624176442623,29.254472732543945,-0.1975489854812622,"[5.0, 5.0, 5.0, 5.0, 5.0, 5.0, 5.0, 5.0, 5.0, 5.0, 5.0, 5.0, 5.0, 5.0, 5.0, 5.0, 5.0, 5.0, 5.0, 5.0, 5.0, 4.516905307769775, 4.402080535888672, 4.404596328735352, 4.574453353881836, 5.0, 5.0, 5.0, 5.0, 5.0, 5.0, 5.0, 5.0, 5.0, 5.0, 5.0, 5.0, 5.0, 5.0, 5.0, 5.0, 5.0, 5.0, 5.0, 5.0, 5.0, 5.0, 5.0, 5.0, 5.0, 5.0, 5.0, 5.0, 5.0, 5.0, 5.0, 5.0, 5.0, 5.0, 5.0]"
3.8199620246887207,0.8424926400184631,-0.136985182762146,0.35610294342041016,-0.0490255244076252,0.016135189682245255,0.9990642666816711,-0.042619816958904266,-0.007352209184318781,29.17867088317871,-0.2145334929227829,"[5.0, 5.0, 5.0, 5.0, 5.0, 5.0, 5.0, 5.0, 5.0, 5.0, 5.0, 5.0, 5.0, 5.0, 5.0, 5.0, 5.0, 5.0, 5.0, 5.0, 4.540602684020996, 4.4181227684021, 4.305751323699951, 4.363882064819336, 4.531988620758057, 5.0, 5.0, 5.0, 5.0, 5.0, 5.0, 5.0, 5.0, 5.0, 5.0, 5.0, 5.0, 5.0, 5.0, 5.0, 5.0, 5.0, 5.0, 5.0, 5.0, 5.0, 5.0, 5.0, 5.0, 5.0, 5.0, 5.0, 5.0, 5.0, 5.0, 5.0, 5.0, 5.0, 5.0, 5.0]"
3.821340322494507,0.846700131893158,-0.1369938999414444,0.38241738080978394,-0.040209878236055374,-0.012124833650887012,0.9990321397781372,-0.04328766092658043,-0.007803449407219887,29.102886199951172,-0.22710981965065002,"[5.0, 5.0, 5.0, 5.0, 5.0, 5.0, 5.0, 5.0, 5.0, 5.0, 5.0, 5.0, 5.0, 5.0, 5.0, 5.0, 5.0, 5.0, 5.0, 5.0, 4.440367698669434, 4.320445537567139, 4.210423469543457, 4.3211669921875, 4.487298011779785, 5.0, 5.0, 5.0, 5.0, 5.0, 5.0, 5.0, 5.0, 5.0, 5.0, 5.0, 5.0, 5.0, 5.0, 5.0, 5.0, 5.0, 5.0, 5.0, 5.0, 5.0, 5.0, 5.0, 5.0, 5.0, 5.0, 5.0, 5.0, 5.0, 5.0, 5.0, 5.0, 5.0, 5.0, 5.0]"
3.8220183849334717,0.8517796397209167,-0.13682524859905243,0.3806305527687073,-0.04007944092154503,-0.041751690208911896,0.9990249276161194,-0.043379563838243484,-0.008202215656638145,29.02710723876953,-0.23809462785720825,"[5.0, 5.0, 5.0, 5.0, 5.0, 5.0, 5.0, 5.0, 5.0, 5.0, 5.0, 5.0, 5.0, 5.0, 5.0, 5.0, 5.0, 5.0, 5.0, 5.0, 4.342248916625977, 4.224699974060059, 4.126842498779297, 4.275463104248047, 4.439294815063477, 5.0, 5.0, 5.0, 5.0, 5.0, 5.0, 5.0, 5.0, 5.0, 5.0, 5.0, 5.0, 5.0, 5.0, 5.0, 5.0, 5.0, 5.0, 5.0, 5.0, 5.0, 5.0, 5.0, 5.0, 5.0, 5.0, 5.0, 5.0, 5.0, 5.0, 5.0, 5.0, 5.0, 5.0, 5.0]"
3.8221166133880615,0.8570916056632996,-0.13674816489219666,0.3706100583076477,-0.045252520591020584,-0.06229128688573837,0.9990363717079163,-0.04302031174302101,-0.008687258698046207,28.951305389404297,-0.2515169680118561,"[5.0, 5.0, 5.0, 5.0, 5.0, 5.0, 5.0, 5.0, 5.0, 5.0, 5.0, 5.0, 5.0, 5.0, 5.0, 5.0, 5.0, 5.0, 5.0, 5.0, 4.245616912841797, 4.130316734313965, 4.081489086151123, 4.2278642654418945, 5.0, 5.0, 5.0, 5.0, 5.0, 5.0, 5.0, 5.0, 5.0, 5.0, 5.0, 5.0, 5.0, 5.0, 5.0, 5.0, 5.0, 5.0, 5.0, 5.0, 5.0, 5.0, 5.0, 5.0, 5.0, 5.0, 5.0, 5.0, 5.0, 5.0, 5.0, 5.0, 5.0, 5.0, 5.0, 5.0]"
3.8206093311309814,0.86919766664505,-0.13702453672885895,0.40819790959358215,0.0020887244027107954,-0.18987399339675903,0.9991369843482971,-0.04066150635480881,-0.008475246839225292,28.87569808959961,-0.24473749101161957,"[5.0, 5.0, 5.0, 5.0, 5.0, 5.0, 5.0, 5.0, 5.0, 5.0, 5.0, 5.0, 5.0, 5.0, 5.0, 5.0, 5.0, 5.0, 5.0, 5.0, 4.15609073638916, 4.042424201965332, 4.026340484619141, 4.169498920440674, 5.0, 5.0, 5.0, 5.0, 5.0, 5.0, 5.0, 5.0, 5.0, 5.0, 5.0, 5.0, 5.0, 5.0, 5.0, 5.0, 5.0, 5.0, 5.0, 5.0, 5.0, 5.0, 5.0, 5.0, 5.0, 5.0, 5.0, 5.0, 5.0, 5.0, 5.0, 5.0, 5.0, 5.0, 5.0, 5.0]"
3.8169755935668945,0.8881272673606873,-0.13466376066207886,0.33910343050956726,-0.0059693376533687115,-0.2875884771347046,0.9993112683296204,-0.03618765249848366,-0.00820703525096178,28.80010986328125,-0.2363714873790741,"[5.0, 5.0, 5.0, 5.0, 5.0, 5.0, 5.0, 5.0, 5.0, 5.0, 5.0, 5.0, 5.0, 5.0, 5.0, 5.0, 5.0, 5.0, 5.0, 4.196756839752197, 4.073698997497559, 3.9610471725463867, 3.9631636142730713, 4.102283000946045, 5.0, 5.0, 5.0, 5.0, 5.0, 5.0, 5.0, 5.0, 5.0, 5.0, 5.0, 5.0, 5.0, 5.0, 5.0, 5.0, 5.0, 5.0, 5.0, 5.0, 5.0, 5.0, 5.0, 5.0, 5.0, 5.0, 5.0, 5.0, 5.0, 5.0, 5.0, 5.0, 5.0, 5.0, 5.0, 5.0]"
3.810946464538574,0.9144437909126282,-0.15471075475215912,0.360749214887619,-0.031136400997638702,-0.4130138158798218,0.999534010887146,-0.029348039999604225,-0.008387950249016285,28.72437858581543,-0.24094714224338531,"[5.0, 5.0, 5.0, 5.0, 5.0, 5.0, 5.0, 5.0, 5.0, 5.0, 5.0, 5.0, 5.0, 5.0, 5.0, 5.0, 5.0, 5.0, 5.0, 4.1230034828186035, 4.000181198120117, 3.8878018856048584, 3.8910152912139893, 4.025214195251465, 5.0, 5.0, 5.0, 5.0, 5.0, 5.0, 5.0, 5.0, 5.0, 5.0, 5.0, 5.0, 5.0, 5.0, 5.0, 5.0, 5.0, 5.0, 5.0, 5.0, 5.0, 5.0, 5.0, 5.0, 5.0, 5.0, 5.0, 5.0, 5.0, 5.0, 5.0, 5.0, 5.0, 5.0, 5.0, 5.0]"
3.803129196166992,0.9456274509429932,-0.16642047464847565,0.3489153981208801,-0.02556709572672844,-0.4880228042602539,0.9997468590736389,-0.020759910345077515,-0.008659138344228268,28.64861297607422,-0.24808160960674286,"[5.0, 5.0, 5.0, 5.0, 5.0, 5.0, 5.0, 5.0, 5.0, 5.0, 5.0, 5.0, 5.0, 5.0, 5.0, 5.0, 5.0, 5.0, 5.0, 4.055792331695557, 3.9326207637786865, 3.8199949264526367, 3.8133084774017334, 3.942070245742798, 4.083563804626465, 5.0, 5.0, 5.0, 5.0, 5.0, 5.0, 5.0, 5.0, 5.0, 5.0, 5.0, 5.0, 5.0, 5.0, 5.0, 5.0, 5.0, 5.0, 5.0, 5.0, 5.0, 5.0, 5.0, 5.0, 5.0, 5.0, 5.0, 5.0, 5.0, 5.0, 5.0, 5.0, 5.0, 5.0, 5.0]"
3.79658579826355,0.966682493686676,-0.17030112445354462,0.25150468945503235,-0.06839826703071594,-0.3312819004058838,0.9998537302017212,-0.014128150418400764,-0.00962598342448473,28.572607040405273,-0.2750522196292877,"[5.0, 5.0, 5.0, 5.0, 5.0, 5.0, 5.0, 5.0, 5.0, 5.0, 5.0, 5.0, 5.0, 5.0, 5.0, 5.0, 5.0, 5.0, 5.0, 3.97873592376709, 3.8560421466827393, 3.743910789489746, 3.7471649646759033, 3.8716061115264893, 4.008251667022705, 5.0, 5.0, 5.0, 5.0, 5.0, 5.0, 5.0, 5.0, 5.0, 5.0, 5.0, 5.0, 5.0, 5.0, 5.0, 5.0, 5.0, 5.0, 5.0, 5.0, 5.0, 5.0, 5.0, 5.0, 5.0, 5.0, 5.0, 5.0, 5.0, 5.0, 5.0, 5.0, 5.0, 5.0, 5.0]"
3.793243408203125,0.9731113910675049,-0.17532400786876678,0.35235387086868286,-0.037306081503629684,-0.16528375446796417,0.9998881220817566,-0.01078779436647892,-0.01035496685653925,28.49665069580078,-0.2950977087020874,"[5.0, 5.0, 5.0, 5.0, 5.0, 5.0, 5.0, 5.0, 5.0, 5.0, 5.0, 5.0, 5.0, 5.0, 5.0, 5.0, 5.0, 5.0, 5.0, 3.8867456912994385, 3.7658238410949707, 3.65535044670105, 3.6940855979919434, 3.8155174255371094, 5.0, 5.0, 5.0, 5.0, 5.0, 5.0, 5.0, 5.0, 5.0, 5.0, 5.0, 5.0, 5.0, 5.0, 5.0, 5.0, 5.0, 5.0, 5.0, 5.0, 5.0, 5.0, 5.0, 5.0, 5.0, 5.0, 5.0, 5.0, 5.0, 5.0, 5.0, 5.0, 5.0, 5.0, 5.0, 5.0]"
3.790304183959961,0.9783311486244202,-0.1858789622783661,0.6483057141304016,0.06637166440486908,-0.22557476162910461,0.9999287128448486,-0.007431114092469215,-0.009340859018266201,28.421316146850586,-0.2654910981655121,"[5.0, 5.0, 5.0, 5.0, 5.0, 5.0, 5.0, 5.0, 5.0, 5.0, 5.0, 5.0, 5.0, 5.0, 5.0, 5.0, 5.0, 5.0, 5.0, 3.795012950897217, 3.675877332687378, 3.5670735836029053, 3.636430501937866, 3.7545571327209473, 5.0, 5.0, 5.0, 5.0, 5.0, 5.0, 5.0, 5.0, 5.0, 5.0, 5.0, 5.0, 5.0, 5.0, 5.0, 5.0, 5.0, 5.0, 5.0, 5.0, 5.0, 5.0, 5.0, 5.0, 5.0, 5.0, 5.0, 5.0, 5.0, 5.0, 5.0, 5.0, 5.0, 5.0, 5.0, 5.0]"
3.78572416305542,0.988850474357605,-0.19238172471523285,0.6929831504821777,0.09992145001888275,-0.32648712396621704,0.999970555305481,-0.002257473999634385,-0.007329477462917566,28.34624481201172,-0.2077687531709671,"[5.0, 5.0, 5.0, 5.0, 5.0, 5.0, 5.0, 5.0, 5.0, 5.0, 5.0, 5.0, 5.0, 5.0, 5.0, 5.0, 5.0, 5.0, 5.0, 3.709883451461792, 3.591958999633789, 3.4843122959136963, 3.570861577987671, 3.684983015060425, 5.0, 5.0, 5.0, 5.0, 5.0, 5.0, 5.0, 5.0, 5.0, 5.0, 5.0, 5.0, 5.0, 5.0, 5.0, 5.0, 5.0, 5.0, 5.0, 5.0, 5.0, 5.0, 5.0, 5.0, 5.0, 5.0, 5.0, 5.0, 5.0, 5.0, 5.0, 5.0, 5.0, 5.0, 5.0, 5.0]"
3.7798080444335938,1.002686858177185,-0.19529587030410767,0.6701985597610474,0.09363926202058792,-0.39837363362312317,0.9999755024909973,0.004537516739219427,-0.005317369941622019,28.27104949951172,-0.15032975375652313,"[5.0, 5.0, 5.0, 5.0, 5.0, 5.0, 5.0, 5.0, 5.0, 5.0, 5.0, 5.0, 5.0, 5.0, 5.0, 5.0, 5.0, 5.0, 5.0, 3.630011796951294, 3.5128209590911865, 3.405912160873413, 3.501086711883545, 3.6108107566833496, 5.0, 5.0, 5.0, 5.0, 5.0, 5.0, 5.0, 5.0, 5.0, 5.0, 5.0, 5.0, 5.0, 5.0, 5.0, 5.0, 5.0, 5.0, 5.0, 5.0, 5.0, 5.0, 5.0, 5.0, 5.0, 5.0, 5.0, 5.0, 5.0, 5.0, 5.0, 5.0, 5.0, 5.0, 5.0, 5.0]"
3.773369312286377,1.0166184902191162,-0.19616439938545227,0.6459028124809265,0.07525814324617386,-0.42766237258911133,0.9999191164970398,0.012160787358880043,-0.003702318761497736,28.195636749267578,-0.1043899655342102,"[5.0, 5.0, 5.0, 5.0, 5.0, 5.0, 5.0, 5.0, 5.0, 5.0, 5.0, 5.0, 5.0, 5.0, 5.0, 5.0, 5.0, 5.0, 5.0, 3.552185535430908, 3.435528039932251, 3.3343045711517334, 3.430685520172119, 3.5359623432159424, 5.0, 5.0, 5.0, 5.0, 5.0, 5.0, 5.0, 5.0, 5.0, 5.0, 5.0, 5.0, 5.0, 5.0, 5.0, 5.0, 5.0, 5.0, 5.0, 5.0, 5.0, 5.0, 5.0, 5.0, 5.0, 5.0, 5.0, 5.0, 5.0, 5.0, 5.0, 5.0, 5.0, 5.0, 5.0, 5.0]"
3.7671377658843994,1.027945876121521,-0.1968393176794052,0.6410541534423828,0.05819748714566231,-0.4228997230529785,0.9997989535331726,0.019888248294591904,-0.002528965473175049,28.120073318481445,-0.0711149275302887,"[5.0, 5.0, 5.0, 5.0, 5.0, 5.0, 5.0, 5.0, 5.0, 5.0, 5.0, 5.0, 5.0, 5.0, 5.0, 5.0, 5.0, 5.0, 5.0, 3.4736440181732178, 3.3575832843780518, 3.269294261932373, 3.361818552017212, 3.4628143310546875, 5.0, 5.0, 5.0, 5.0, 5.0, 5.0, 5.0, 5.0, 5.0, 5.0, 5.0, 5.0, 5.0, 5.0, 5.0, 5.0, 5.0, 5.0, 5.0, 5.0, 5.0, 5.0, 5.0, 5.0, 5.0, 5.0, 5.0, 5.0, 5.0, 5.0, 5.0, 5.0, 5.0, 5.0, 5.0, 5.0]"
3.7616188526153564,1.0348832607269287,-0.19864623248577118,0.6606808304786682,0.04775149002671242,-0.39738860726356506,0.9996275901794434,0.02723551169037819,-0.0016975915059447289,28.04440689086914,-0.047608017921447754,"[5.0, 5.0, 5.0, 5.0, 5.0, 5.0, 5.0, 5.0, 5.0, 5.0, 5.0, 5.0, 5.0, 5.0, 5.0, 5.0, 5.0, 5.0, 5.0, 3.39255690574646, 3.2773241996765137, 3.2065649032592773, 3.2954719066619873, 3.3924553394317627, 5.0, 5.0, 5.0, 5.0, 5.0, 5.0, 5.0, 5.0, 5.0, 5.0, 5.0, 5.0, 5.0, 5.0, 5.0, 5.0, 5.0, 5.0, 5.0, 5.0, 5.0, 5.0, 5.0, 5.0, 5.0, 5.0, 5.0, 5.0, 5.0, 5.0, 5.0, 5.0, 5.0, 5.0, 5.0, 5.0]"
3.7571001052856445,1.0365041494369507,-0.20219197869300842,0.7010296583175659,0.04514729231595993,-0.36366936564445496,0.9994223117828369,0.03396663814783096,-0.0010680005652830005,27.968664169311523,-0.029870569705963135,"[5.0, 5.0, 5.0, 5.0, 5.0, 5.0, 5.0, 5.0, 5.0, 5.0, 5.0, 5.0, 5.0, 5.0, 5.0, 5.0, 5.0, 5.0, 3.4336650371551514, 3.30790376663208, 3.193828582763672, 3.146353006362915, 3.23189640045166, 3.325157403945923, 5.0, 5.0, 5.0, 5.0, 5.0, 5.0, 5.0, 5.0, 5.0, 5.0, 5.0, 5.0, 5.0, 5.0, 5.0, 5.0, 5.0, 5.0, 5.0, 5.0, 5.0, 5.0, 5.0, 5.0, 5.0, 5.0, 5.0, 5.0, 5.0, 5.0, 5.0, 5.0, 5.0, 5.0, 5.0, 5.0]"
3.7529475688934326,1.0367790460586548,-0.20252682268619537,0.6491302251815796,0.06132740527391434,-0.38328495621681213,0.9991652965545654,0.04084820672869682,-0.00027582072652876377,27.89289665222168,-0.007693439722061157,"[5.0, 5.0, 5.0, 5.0, 5.0, 5.0, 5.0, 5.0, 5.0, 5.0, 5.0, 5.0, 5.0, 5.0, 5.0, 5.0, 5.0, 5.0, 3.3463544845581055, 3.221879720687866, 3.109067916870117, 3.086989164352417, 3.1692728996276855, 3.2589316368103027, 5.0, 5.0, 5.0, 5.0, 5.0, 5.0, 5.0, 5.0, 5.0, 5.0, 5.0, 5.0, 5.0, 5.0, 5.0, 5.0, 5.0, 5.0, 5.0, 5.0, 5.0, 5.0, 5.0, 5.0, 5.0, 5.0, 5.0, 5.0, 5.0, 5.0, 5.0, 5.0, 5.0, 5.0, 5.0, 5.0]"
3.7489964962005615,1.0352283716201782,-0.20335519313812256,0.608557939529419,0.06089045852422714,-0.3889477550983429,0.9988498687744141,0.04794241115450859,0.0005399041692726314,27.817062377929688,0.015018552541732788,"[5.0, 5.0, 5.0, 5.0, 5.0, 5.0, 5.0, 5.0, 5.0, 5.0, 5.0, 5.0, 5.0, 5.0, 5.0, 5.0, 5.0, 5.0, 3.2577576637268066, 3.134657859802246, 3.023188352584839, 3.0284667015075684, 3.107590913772583, 3.193763017654419, 5.0, 5.0, 5.0, 5.0, 5.0, 5.0, 5.0, 5.0, 5.0, 5.0, 5.0, 5.0, 5.0, 5.0, 5.0, 5.0, 5.0, 5.0, 5.0, 5.0, 5.0, 5.0, 5.0, 5.0, 5.0, 5.0, 5.0, 5.0, 5.0, 5.0, 5.0, 5.0, 5.0, 5.0, 5.0, 5.0]"
3.7455599308013916,1.0310585498809814,-0.20518650114536285,0.5816922783851624,0.05604192614555359,-0.3831236958503723,0.9984850287437439,0.05500902608036995,0.001226774649694562,27.741172790527344,0.034032195806503296,"[5.0, 5.0, 5.0, 5.0, 5.0, 5.0, 5.0, 5.0, 5.0, 5.0, 5.0, 5.0, 5.0, 5.0, 5.0, 5.0, 5.0, 5.0, 3.1672472953796387, 3.045691967010498, 2.9357171058654785, 2.9710235595703125, 3.047121047973633, 3.129960536956787, 5.0, 5.0, 5.0, 5.0, 5.0, 5.0, 5.0, 5.0, 5.0, 5.0, 5.0, 5.0, 5.0, 5.0, 5.0, 5.0, 5.0, 5.0, 5.0, 5.0, 5.0, 5.0, 5.0, 5.0, 5.0, 5.0, 5.0, 5.0, 5.0, 5.0, 5.0, 5.0, 5.0, 5.0, 5.0, 5.0]"
3.742847442626953,1.023791790008545,-0.20824646949768066,0.5668764710426331,0.052494198083877563,-0.3712047338485718,0.9980812072753906,0.06189131364226341,0.0017780413618311286,27.665218353271484,0.049189984798431396,"[5.0, 5.0, 5.0, 5.0, 5.0, 5.0, 5.0, 5.0, 5.0, 5.0, 5.0, 5.0, 5.0, 5.0, 5.0, 5.0, 5.0, 5.0, 3.0742361545562744, 2.9544520378112793, 2.847430944442749, 2.914794921875, 2.988018035888672, 3.067689895629883, 5.0, 5.0, 5.0, 5.0, 5.0, 5.0, 5.0, 5.0, 5.0, 5.0, 5.0, 5.0, 5.0, 5.0, 5.0, 5.0, 5.0, 5.0, 5.0, 5.0, 5.0, 5.0, 5.0, 5.0, 5.0, 5.0, 5.0, 5.0, 5.0, 5.0, 5.0, 5.0, 5.0, 5.0, 5.0, 5.0]"
3.7409276962280273,1.0133593082427979,-0.21249733865261078,0.558148980140686,0.0516774021089077,-0.3581673502922058,0.9976453185081482,0.06854668259620667,0.0022398391738533974,27.58921241760254,0.061795562505722046,"[5.0, 5.0, 5.0, 5.0, 5.0, 5.0, 5.0, 5.0, 5.0, 5.0, 5.0, 5.0, 5.0, 5.0, 5.0, 5.0, 5.0, 3.1094844341278076, 2.9785993099212646, 2.860841989517212, 2.794769763946533, 2.8596363067626953, 2.930126190185547, 3.006789207458496, 5.0, 5.0, 5.0, 5.0, 5.0, 5.0, 5.0, 5.0, 5.0, 5.0, 5.0, 5.0, 5.0, 5.0, 5.0, 5.0, 5.0, 5.0, 5.0, 5.0, 5.0, 5.0, 5.0, 5.0, 5.0, 5.0, 5.0, 5.0, 5.0, 5.0, 5.0, 5.0, 5.0, 5.0, 5.0, 5.0]"
3.7400572299957275,0.9978994131088257,-0.20403845608234406,0.5121222734451294,0.012554414570331573,-0.3086601793766022,0.9972245097160339,0.0744229182600975,0.0020904236007481813,27.513139724731445,0.0575142502784729,"[5.0, 5.0, 5.0, 5.0, 5.0, 5.0, 5.0, 5.0, 5.0, 5.0, 5.0, 5.0, 5.0, 5.0, 5.0, 5.0, 5.0, 3.0067949295043945, 2.878535509109497, 2.7632453441619873, 2.7441582679748535, 2.806748867034912, 2.8747477531433105, 2.9486777782440186, 5.0, 5.0, 5.0, 5.0, 5.0, 5.0, 5.0, 5.0, 5.0, 5.0, 5.0, 5.0, 5.0, 5.0, 5.0, 5.0, 5.0, 5.0, 5.0, 5.0, 5.0, 5.0, 5.0, 5.0, 5.0, 5.0, 5.0, 5.0, 5.0, 5.0, 5.0, 5.0, 5.0, 5.0, 5.0, 5.0]"
3.740387201309204,0.9772356748580933,-0.20300957560539246,0.4930662214756012,-0.015077469870448112,-0.2658941447734833,0.9968394637107849,0.07943109422922134,0.0013115667970851064,27.437007904052734,0.03598549962043762,"[5.0, 5.0, 5.0, 5.0, 5.0, 5.0, 5.0, 5.0, 5.0, 5.0, 5.0, 5.0, 5.0, 5.0, 5.0, 5.0, 5.0, 2.8991763591766357, 2.774066686630249, 2.661707878112793, 2.695319890975952, 2.7558441162109375, 2.821580410003662, 2.8930325508117676, 5.0, 5.0, 5.0, 5.0, 5.0, 5.0, 5.0, 5.0, 5.0, 5.0, 5.0, 5.0, 5.0, 5.0, 5.0, 5.0, 5.0, 5.0, 5.0, 5.0, 5.0, 5.0, 5.0, 5.0, 5.0, 5.0, 5.0, 5.0, 5.0, 5.0, 5.0, 5.0, 5.0, 5.0, 5.0, 5.0]"
3.74165678024292,0.9522611498832703,-0.20738376677036285,0.4808744192123413,-0.027672600001096725,-0.23503610491752625,0.9964842796325684,0.08377914875745773,0.00018357636872678995,27.36078643798828,0.005022794008255005,"[5.0, 5.0, 5.0, 5.0, 5.0, 5.0, 5.0, 5.0, 5.0, 5.0, 5.0, 5.0, 5.0, 5.0, 5.0, 5.0, 2.923536777496338, 2.7874948978424072, 2.6659774780273438, 2.5936279296875, 2.6476120948791504, 2.7062203884124756, 2.769861936569214, 2.8390204906463623, 5.0, 5.0, 5.0, 5.0, 5.0, 5.0, 5.0, 5.0, 5.0, 5.0, 5.0, 5.0, 5.0, 5.0, 5.0, 5.0, 5.0, 5.0, 5.0, 5.0, 5.0, 5.0, 5.0, 5.0, 5.0, 5.0, 5.0, 5.0, 5.0, 5.0, 5.0, 5.0, 5.0, 5.0, 5.0, 5.0]"
3.7447497844696045,0.9203910231590271,-0.21077412366867065,0.42307543754577637,0.011992817744612694,-0.1549869328737259,0.9962254166603088,0.08680233359336853,-0.0003701569221448153,27.28453254699707,-0.010099560022354126,"[5.0, 5.0, 5.0, 5.0, 5.0, 5.0, 5.0, 5.0, 5.0, 5.0, 5.0, 5.0, 5.0, 5.0, 5.0, 5.0, 2.7989590167999268, 2.6677799224853516, 2.55068302154541, 2.5500009059906006, 2.602482795715332, 2.6594479084014893, 2.7213006019592285, 5.0, 5.0, 5.0, 5.0, 5.0, 5.0, 5.0, 5.0, 5.0, 5.0, 5.0, 5.0, 5.0, 5.0, 5.0, 5.0, 5.0, 5.0, 5.0, 5.0, 5.0, 5.0, 5.0, 5.0, 5.0, 5.0, 5.0, 5.0, 5.0, 5.0, 5.0, 5.0, 5.0, 5.0, 5.0, 5.0, 5.0]"
3.7472026348114014,0.8970273733139038,-0.17960292100906372,0.4922620356082916,0.18476875126361847,-0.3347032964229584,0.9957438111305237,0.09214667975902557,0.001744630979374051,27.20838165283203,0.04746866226196289,"[5.0, 5.0, 5.0, 5.0, 5.0, 5.0, 5.0, 5.0, 5.0, 5.0, 5.0, 5.0, 5.0, 5.0, 5.0, 5.0, 2.680239200592041, 2.5532257556915283, 2.4556660652160645, 2.502357006072998, 2.553039312362671, 2.6080451011657715, 2.6677615642547607, 5.0, 5.0, 5.0, 5.0, 5.0, 5.0, 5.0, 5.0, 5.0, 5.0, 5.0, 5.0, 5.0, 5.0, 5.0, 5.0, 5.0, 5.0, 5.0, 5.0, 5.0, 5.0, 5.0, 5.0, 5.0, 5.0, 5.0, 5.0, 5.0, 5.0, 5.0, 5.0, 5.0, 5.0, 5.0, 5.0, 5.0]"
3.747162103652954,0.8828825950622559,-0.16543114185333252,0.4166361391544342,0.11777132004499435,-0.4614166021347046,0.9949472546577454,0.10032923519611359,0.003720595734193921,27.1320743560791,0.10094818472862244,"[5.0, 5.0, 5.0, 5.0, 5.0, 5.0, 5.0, 5.0, 5.0, 5.0, 5.0, 5.0, 5.0, 5.0, 5.0, 2.7126495838165283, 2.5725631713867188, 2.4485065937042236, 2.4053404331207275, 2.450068473815918, 2.4986212253570557, 2.5513105392456055, 2.6085023880004883, 5.0, 5.0, 5.0, 5.0, 5.0, 5.0, 5.0, 5.0, 5.0, 5.0, 5.0, 5.0, 5.0, 5.0, 5.0, 5.0, 5.0, 5.0, 5.0, 5.0, 5.0, 5.0, 5.0, 5.0, 5.0, 5.0, 5.0, 5.0, 5.0, 5.0, 5.0, 5.0, 5.0, 5.0, 5.0, 5.0, 5.0]"
3.7429075241088867,0.8734942078590393,-0.22942885756492615,0.39325112104415894,-0.39253735542297363,-0.543535590171814,0.9938865900039673,0.11038294434547424,-0.0022334849927574396,27.055418014526367,-0.06042802333831787,"[5.0, 5.0, 5.0, 5.0, 5.0, 5.0, 5.0, 5.0, 5.0, 5.0, 5.0, 5.0, 5.0, 5.0, 5.0, 2.6204729080200195, 2.4815211296081543, 2.3587841987609863, 2.351017951965332, 2.3935210704803467, 2.439659833908081, 2.489732265472412, 2.544076681137085, 5.0, 5.0, 5.0, 5.0, 5.0, 5.0, 5.0, 5.0, 5.0, 5.0, 5.0, 5.0, 5.0, 5.0, 5.0, 5.0, 5.0, 5.0, 5.0, 5.0, 5.0, 5.0, 5.0, 5.0, 5.0, 5.0, 5.0, 5.0, 5.0, 5.0, 5.0, 5.0, 5.0, 5.0, 5.0, 5.0, 5.0]"
3.73685622215271,0.8658977150917053,-0.29290127754211426,0.37550994753837585,-0.5578978061676025,-0.58672696352005,0.9925111532211304,0.12143862247467041,-0.013194267638027668,26.975975036621094,-0.3559592366218567,"[5.0, 5.0, 5.0, 5.0, 5.0, 5.0, 5.0, 5.0, 5.0, 5.0, 5.0, 5.0, 5.0, 5.0, 5.0, 2.5381360054016113, 2.399200677871704, 2.276855230331421, 2.294750690460205, 2.334925889968872, 2.378554344177246, 2.4259023666381836, 2.4772915840148926, 5.0, 5.0, 5.0, 5.0, 5.0, 5.0, 5.0, 5.0, 5.0, 5.0, 5.0, 5.0, 5.0, 5.0, 5.0, 5.0, 5.0, 5.0, 5.0, 5.0, 5.0, 5.0, 5.0, 5.0, 5.0, 5.0, 5.0, 5.0, 5.0, 5.0, 5.0, 5.0, 5.0, 5.0, 5.0, 4.963094711303711, 5.0]"
3.728728771209717,0.8590123653411865,-0.3531820476055145,0.3345358967781067,-0.5551998615264893,-0.6152056455612183,0.9907927513122559,0.1330767571926117,-0.02490120381116867,26.89276695251465,-0.6698700189590454,"[5.0, 5.0, 5.0, 5.0, 5.0, 5.0, 5.0, 5.0, 5.0, 5.0, 5.0, 5.0, 5.0, 5.0, 5.0, 2.4568076133728027, 2.317596912384033, 2.203366756439209, 2.2382051944732666, 2.276088237762451, 2.3172426223754883, 2.361917495727539, 2.410407781600952, 5.0, 5.0, 5.0, 5.0, 5.0, 5.0, 5.0, 5.0, 5.0, 5.0, 5.0, 5.0, 5.0, 5.0, 5.0, 5.0, 5.0, 5.0, 5.0, 5.0, 5.0, 5.0, 5.0, 5.0, 5.0, 5.0, 5.0, 5.0, 5.0, 5.0, 5.0, 5.0, 5.0, 5.0, 5.0, 4.968012809753418, 4.978763103485107]"
3.71915340423584,0.8526476621627808,-0.4069298207759857,0.2569854259490967,-0.46315523982048035,-0.6349826455116272,0.9887902140617371,0.14512959122657776,-0.03508675470948219,26.80752182006836,-0.9411685466766357,"[5.0, 5.0, 5.0, 5.0, 5.0, 5.0, 5.0, 5.0, 5.0, 5.0, 5.0, 5.0, 5.0, 5.0, 5.0, 2.371195077896118, 2.2319486141204834, 2.149460554122925, 2.1822593212127686, 2.2179532051086426, 2.256746292114258, 2.298875570297241, 2.3446030616760254, 5.0, 5.0, 5.0, 5.0, 5.0, 5.0, 5.0, 5.0, 5.0, 5.0, 5.0, 5.0, 5.0, 5.0, 5.0, 5.0, 5.0, 5.0, 5.0, 5.0, 5.0, 5.0, 5.0, 5.0, 5.0, 5.0, 5.0, 5.0, 5.0, 5.0, 5.0, 5.0, 5.0, 5.0, 5.0, 4.971668243408203, 4.907995700836182]"
3.709263324737549,0.8464338183403015,-0.45159071683883667,0.15876583755016327,-0.32139867544174194,-0.6407333016395569,0.9866196513175964,0.1574087142944336,-0.04247366264462471,26.723098754882812,-1.136053204536438,"[5.0, 5.0, 5.0, 5.0, 5.0, 5.0, 5.0, 5.0, 5.0, 5.0, 5.0, 5.0, 5.0, 5.0, 2.4378628730773926, 2.277259111404419, 2.1386795043945312, 2.09651255607605, 2.127406597137451, 2.161052703857422, 2.197643518447876, 2.2373898029327393, 2.2805447578430176, 5.0, 5.0, 5.0, 5.0, 5.0, 5.0, 5.0, 5.0, 5.0, 5.0, 5.0, 5.0, 5.0, 5.0, 5.0, 5.0, 5.0, 5.0, 5.0, 5.0, 5.0, 5.0, 5.0, 5.0, 5.0, 5.0, 5.0, 5.0, 5.0, 5.0, 5.0, 5.0, 5.0, 5.0, 5.0, 4.97062349319458, 4.9043169021606445]"
3.7034964561462402,0.8374534249305725,-0.4019518792629242,0.19157227873802185,0.10058364272117615,-0.6154053807258606,0.9846206903457642,0.16933508217334747,-0.042983051389455795,26.646400451660156,-1.146403193473816,"[5.0, 5.0, 5.0, 5.0, 5.0, 5.0, 5.0, 5.0, 5.0, 5.0, 5.0, 5.0, 5.0, 5.0, 2.323259115219116, 2.165088653564453, 2.029170513153076, 2.044874668121338, 2.0740299224853516, 2.10581111907959, 2.1403915882110596, 2.1779680252075195, 2.2187764644622803, 5.0, 5.0, 5.0, 5.0, 5.0, 5.0, 5.0, 5.0, 5.0, 5.0, 5.0, 5.0, 5.0, 5.0, 5.0, 5.0, 5.0, 5.0, 5.0, 5.0, 5.0, 5.0, 5.0, 5.0, 5.0, 5.0, 5.0, 5.0, 5.0, 5.0, 5.0, 5.0, 5.0, 5.0, 5.0, 5.0, 4.893174648284912]"
3.6988227367401123,0.825497567653656,-0.3764232099056244,0.13806062936782837,0.137557253241539,-0.5725824236869812,0.9827165603637695,0.1805596798658371,-0.04081949591636658,26.573026657104492,-1.0856024026870728,"[5.0, 5.0, 5.0, 5.0, 5.0, 5.0, 5.0, 5.0, 5.0, 5.0, 5.0, 5.0, 5.0, 5.0, 2.193955659866333, 2.0401089191436768, 1.969042181968689, 1.994262933731079, 2.021846055984497, 2.051928997039795, 2.0846760272979736, 2.1202847957611084, 2.158961534500122, 5.0, 5.0, 5.0, 5.0, 5.0, 5.0, 5.0, 5.0, 5.0, 5.0, 5.0, 5.0, 5.0, 5.0, 5.0, 5.0, 5.0, 5.0, 5.0, 5.0, 5.0, 5.0, 5.0, 5.0, 5.0, 5.0, 5.0, 5.0, 5.0, 5.0, 5.0, 5.0, 5.0, 5.0, 5.0, 5.0, 5.0]"
3.6955041885375977,0.8096477389335632,-0.36002838611602783,0.09960908442735672,0.08036547899246216,-0.5215050578117371,0.980829119682312,0.1908843219280243,-0.03920506313443184,26.499027252197266,-1.0396955013275146,"[5.0, 5.0, 5.0, 5.0, 5.0, 5.0, 5.0, 5.0, 5.0, 5.0, 5.0, 5.0, 5.0, 2.23101544380188, 2.055034637451172, 1.9068901538848877, 1.9205011129379272, 1.944381833076477, 1.9705184698104858, 1.999045491218567, 2.0301289558410645, 2.0639352798461914, 5.0, 5.0, 5.0, 5.0, 5.0, 5.0, 5.0, 5.0, 5.0, 5.0, 5.0, 5.0, 5.0, 5.0, 5.0, 5.0, 5.0, 5.0, 5.0, 5.0, 5.0, 5.0, 5.0, 5.0, 5.0, 5.0, 5.0, 5.0, 5.0, 5.0, 5.0, 5.0, 5.0, 5.0, 5.0, 5.0, 5.0, 5.0]"
3.6956605911254883,0.7891700267791748,-0.29159003496170044,-0.06001247093081474,0.2089962363243103,-0.4391288757324219,0.9791770577430725,0.1998746693134308,-0.03553040325641632,26.427215576171875,-0.9395629167556763,"[5.0, 5.0, 5.0, 5.0, 5.0, 5.0, 5.0, 5.0, 5.0, 5.0, 5.0, 5.0, 5.0, 2.0663082599639893, 1.8993221521377563, 1.8524361848831177, 1.8731123208999634, 1.8958457708358765, 1.9207473993301392, 1.947952389717102, 1.9775993824005127, 2.009859800338745, 5.0, 5.0, 5.0, 5.0, 5.0, 5.0, 5.0, 5.0, 5.0, 5.0, 5.0, 5.0, 5.0, 5.0, 5.0, 5.0, 5.0, 5.0, 5.0, 5.0, 5.0, 5.0, 5.0, 5.0, 5.0, 5.0, 5.0, 5.0, 5.0, 5.0, 5.0, 5.0, 5.0, 5.0, 5.0, 5.0, 5.0, 5.0]"
3.697629451751709,0.763139545917511,-0.23936797678470612,-0.17754893004894257,0.16763660311698914,-0.3536665737628937,0.977770209312439,0.2073231339454651,-0.03134610503911972,26.355606079101562,-0.8265517950057983,"[5.0, 5.0, 5.0, 5.0, 5.0, 5.0, 5.0, 5.0, 5.0, 5.0, 5.0, 5.0, 2.0741212368011475, 1.8852465152740479, 1.7889002561569214, 1.8067981004714966, 1.826576590538025, 1.8483401536941528, 1.8721985816955566, 1.8982715606689453, 1.926702618598938, 1.9576516151428223, 5.0, 5.0, 5.0, 5.0, 5.0, 5.0, 5.0, 5.0, 5.0, 5.0, 5.0, 5.0, 5.0, 5.0, 5.0, 5.0, 5.0, 5.0, 5.0, 5.0, 5.0, 5.0, 5.0, 5.0, 5.0, 5.0, 5.0, 5.0, 5.0, 5.0, 5.0, 5.0, 5.0, 5.0, 5.0, 5.0, 5.0, 5.0]"
3.7019364833831787,0.7359499931335449,-0.2576487958431244,-0.4107455909252167,0.19263143837451935,-0.31268030405044556,0.976507842540741,0.2138943076133728,-0.026105353608727455,26.284385681152344,-0.686397135257721,"[5.0, 5.0, 5.0, 5.0, 5.0, 5.0, 5.0, 5.0, 5.0, 5.0, 5.0, 2.0792555809020996, 1.8640825748443604, 1.7291151285171509, 1.744558572769165, 1.7617441415786743, 1.780763864517212, 1.801697850227356, 1.8246649503707886, 1.8497742414474487, 1.877158284187317, 5.0, 5.0, 5.0, 5.0, 5.0, 5.0, 5.0, 5.0, 5.0, 5.0, 5.0, 5.0, 5.0, 5.0, 5.0, 5.0, 5.0, 5.0, 5.0, 5.0, 5.0, 5.0, 5.0, 5.0, 5.0, 5.0, 5.0, 5.0, 5.0, 5.0, 5.0, 5.0, 5.0, 5.0, 5.0, 5.0, 5.0, 5.0, 5.0]"
3.706219434738159,0.7183650135993958,-0.3036680817604065,-0.6920689940452576,0.14909814298152924,-0.41167593002319336,0.9748740196228027,0.2218460738658905,-0.020116537809371948,26.21291160583496,-0.5274198055267334,"[5.0, 5.0, 5.0, 5.0, 5.0, 5.0, 5.0, 5.0, 5.0, 5.0, 5.0, 1.8501219749450684, 1.6716159582138062, 1.6847739219665527, 1.6995580196380615, 1.716026782989502, 1.7342662811279297, 1.754373550415039, 1.7764341831207275, 1.8005695343017578, 1.8269063234329224, 5.0, 5.0, 5.0, 5.0, 5.0, 5.0, 5.0, 5.0, 5.0, 5.0, 5.0, 5.0, 5.0, 5.0, 5.0, 5.0, 5.0, 5.0, 5.0, 5.0, 5.0, 5.0, 5.0, 5.0, 5.0, 5.0, 5.0, 5.0, 5.0, 5.0, 5.0, 5.0, 5.0, 5.0, 5.0, 5.0, 5.0, 5.0, 5.0]"
3.7110273838043213,0.7107833027839661,-0.33127686381340027,-0.9037312865257263,0.1811855286359787,-0.48395660519599915,0.9727853536605835,0.2313603311777115,-0.012684975750744343,26.141077041625977,-0.33162564039230347,"[5.0, 5.0, 5.0, 5.0, 5.0, 5.0, 5.0, 5.0, 5.0, 5.0, 1.8469573259353638, 1.6175947189331055, 1.6273159980773926, 1.6398390531539917, 1.6539252996444702, 1.6696513891220093, 1.6870919466018677, 1.7063239812850952, 1.727454662322998, 1.7505793571472168, 4.88568639755249, 4.999397277832031, 5.0, 5.0, 5.0, 5.0, 5.0, 5.0, 5.0, 5.0, 5.0, 5.0, 5.0, 5.0, 5.0, 5.0, 5.0, 5.0, 5.0, 5.0, 5.0, 5.0, 5.0, 5.0, 5.0, 5.0, 5.0, 5.0, 5.0, 5.0, 5.0, 5.0, 5.0, 5.0, 5.0, 5.0, 5.0, 5.0, 5.0, 5.0]"
3.715088129043579,0.7056803703308105,-0.34566235542297363,-1.0637980699539185,-0.0396234467625618,-0.43630456924438477,0.970628559589386,0.24047152698040009,-0.007316558621823788,26.067304611206055,-0.1907280832529068,"[5.0, 5.0, 5.0, 5.0, 5.0, 5.0, 5.0, 5.0, 5.0, 1.8507896661758423, 1.5742312669754028, 1.572594165802002, 1.583045482635498, 1.5949602127075195, 1.6084039211273193, 1.6234315633773804, 1.640105128288269, 1.6585283279418945, 1.6787716150283813, 4.882516860961914, 4.8272905349731445, 4.938640117645264, 5.0, 5.0, 5.0, 5.0, 5.0, 5.0, 5.0, 5.0, 5.0, 5.0, 5.0, 5.0, 5.0, 5.0, 5.0, 5.0, 5.0, 5.0, 5.0, 5.0, 5.0, 5.0, 5.0, 5.0, 5.0, 5.0, 5.0, 5.0, 5.0, 5.0, 5.0, 5.0, 5.0, 5.0, 5.0, 5.0, 5.0, 5.0]"
3.7246811389923096,0.6692208051681519,-0.3305263817310333,-1.0483914613723755,-0.14972248673439026,0.10095613449811935,0.9703971147537231,0.24147535860538483,-0.004356641788035631,25.992401123046875,-0.11324065923690796,"[5.0, 5.0, 5.0, 5.0, 5.0, 5.0, 5.0, 5.0, 1.758793592453003, 1.5148077011108398, 1.5223548412322998, 1.531249761581421, 1.5415315628051758, 1.5532511472702026, 1.5664550065994263, 1.5812081098556519, 1.5975841283798218, 1.6156628131866455, 4.890095233917236, 4.787575721740723, 4.797626972198486, 4.909091949462891, 5.0, 5.0, 5.0, 5.0, 5.0, 5.0, 5.0, 5.0, 5.0, 5.0, 5.0, 5.0, 5.0, 5.0, 5.0, 5.0, 5.0, 5.0, 5.0, 5.0, 5.0, 5.0, 5.0, 5.0, 5.0, 5.0, 5.0, 5.0, 5.0, 5.0, 5.0, 5.0, 5.0, 5.0, 5.0, 5.0, 5.0, 5.0]"
3.7363593578338623,0.6228255033493042,-0.31541043519973755,-0.6710842251777649,-0.15059861540794373,0.16897590458393097,0.9710535407066345,0.2388382852077484,-0.003359751543030143,25.91699981689453,-0.08707517385482788,"[5.0, 5.0, 5.0, 5.0, 5.0, 5.0, 5.0, 1.5761499404907227, 1.4673340320587158, 1.4735982418060303, 1.4811452627182007, 1.4900034666061401, 1.5002261400222778, 1.5118578672409058, 1.5249433517456055, 1.5395467281341553, 1.555741548538208, 5.0, 4.782639503479004, 4.683042526245117, 4.77733039855957, 4.889647960662842, 5.0, 5.0, 5.0, 5.0, 5.0, 5.0, 5.0, 5.0, 5.0, 5.0, 5.0, 5.0, 5.0, 5.0, 5.0, 5.0, 5.0, 5.0, 5.0, 5.0, 5.0, 5.0, 5.0, 5.0, 5.0, 5.0, 5.0, 5.0, 5.0, 5.0, 5.0, 5.0, 5.0, 5.0, 5.0, 5.0, 5.0, 5.0]"
3.7460341453552246,0.5814425945281982,-0.360129714012146,-0.4693213403224945,-0.23045971989631653,0.11059872806072235,0.9715680480003357,0.23671291768550873,-0.004720791708678007,25.84115982055664,-0.12199210375547409,"[5.0, 5.0, 5.0, 5.0, 5.0, 5.0, 1.416451096534729, 1.42024827003479, 1.4252413511276245, 1.4314643144607544, 1.438926339149475, 1.4476834535598755, 1.4577616453170776, 1.4692116975784302, 1.4820865392684937, 1.496440052986145, 5.0, 4.7859673500061035, 4.680514335632324, 4.647606372833252, 4.751324653625488, 5.0, 5.0, 5.0, 5.0, 5.0, 5.0, 5.0, 5.0, 5.0, 5.0, 5.0, 5.0, 5.0, 5.0, 5.0, 5.0, 5.0, 5.0, 5.0, 5.0, 5.0, 5.0, 5.0, 5.0, 5.0, 5.0, 5.0, 5.0, 5.0, 5.0, 5.0, 5.0, 5.0, 5.0, 5.0, 5.0, 5.0, 5.0, 5.0]"
3.748818874359131,0.5421546101570129,-0.43718886375427246,-0.44229742884635925,-0.7742288112640381,0.1279335767030716,0.971960723400116,0.2346819043159485,-0.014718455262482166,25.762338638305664,-0.37922292947769165,"[5.0, 5.0, 5.0, 5.0, 5.0, 1.3718938827514648, 1.374504804611206, 1.378272294998169, 1.3832027912139893, 1.389328956604004, 1.3966777324676514, 1.4052754640579224, 1.4151654243469238, 1.426387906074524, 1.4389961957931519, 5.0, 5.0, 4.692018032073975, 4.588937282562256, 4.618062973022461, 4.721798419952393, 5.0, 5.0, 5.0, 5.0, 5.0, 5.0, 5.0, 5.0, 5.0, 5.0, 5.0, 5.0, 5.0, 5.0, 5.0, 5.0, 5.0, 5.0, 5.0, 5.0, 5.0, 5.0, 5.0, 5.0, 5.0, 5.0, 5.0, 5.0, 5.0, 5.0, 5.0, 5.0, 5.0, 5.0, 5.0, 5.0, 5.0, 5.0, 5.0]"
3.760676860809326,0.5052087306976318,-0.36213991045951843,-0.2824474573135376,0.28114232420921326,0.0888669490814209,0.9723543524742126,0.2331690788269043,-0.012611660175025463,25.68764877319336,-0.3239896893501282,"[5.0, 5.0, 5.0, 1.3260793685913086, 1.3265016078948975, 1.3280305862426758, 1.330649733543396, 1.3343998193740845, 1.3392754793167114, 1.3452996015548706, 1.3525164127349854, 1.360941767692566, 1.3706177473068237, 1.3815923929214478, 5.0, 5.0, 4.695102691650391, 4.585999011993408, 4.4919867515563965, 4.587484836578369, 4.69119930267334, 5.0, 5.0, 5.0, 5.0, 5.0, 5.0, 5.0, 5.0, 5.0, 5.0, 5.0, 5.0, 5.0, 5.0, 5.0, 5.0, 5.0, 5.0, 5.0, 5.0, 5.0, 5.0, 5.0, 5.0, 5.0, 5.0, 5.0, 5.0, 5.0, 5.0, 5.0, 5.0, 5.0, 5.0, 5.0, 5.0, 5.0, 5.0, 5.0]"
3.774437665939331,0.46545153856277466,-0.3533027172088623,-0.5111601948738098,0.5816124677658081,0.1965930461883545,0.9731294512748718,0.23025792837142944,-0.0003834783856291324,25.614961624145508,-0.0098227858543396,"[5.0, 1.282975196838379, 1.2814445495605469, 1.2809834480285645, 1.2815765142440796, 1.2832322120666504, 1.285955786705017, 1.2897562980651855, 1.2946584224700928, 1.3006718158721924, 1.3078340291976929, 1.3161678314208984, 1.325722575187683, 5.0, 5.0, 5.0, 4.569326877593994, 4.464175224304199, 4.468273639678955, 4.56437873840332, 5.0, 5.0, 5.0, 5.0, 5.0, 5.0, 5.0, 5.0, 5.0, 5.0, 5.0, 5.0, 5.0, 5.0, 5.0, 5.0, 5.0, 5.0, 5.0, 5.0, 5.0, 5.0, 5.0, 5.0, 5.0, 5.0, 5.0, 5.0, 5.0, 5.0, 5.0, 5.0, 5.0, 5.0, 5.0, 5.0, 5.0, 5.0, 5.0, 5.0]"
3.780742645263672,0.43629634380340576,-0.4012802243232727,-0.23086002469062805,-0.15803062915802002,-0.009411320090293884,0.9732422232627869,0.22977380454540253,0.001829897635616362,25.539474487304688,0.046734705567359924,"[1.2403717041015625, 1.2379268407821655, 1.2365038394927979, 1.2361042499542236, 1.236733317375183, 1.2383778095245361, 1.2410516738891602, 1.244773268699646, 1.2495460510253906, 1.2553991079330444, 1.262355923652649, 5.0, 5.0, 5.0, 5.0, 4.577054977416992, 4.465493679046631, 4.362978458404541, 4.43273401260376, 4.528449058532715, 5.0, 5.0, 5.0, 5.0, 5.0, 5.0, 5.0, 5.0, 5.0, 5.0, 5.0, 5.0, 5.0, 5.0, 5.0, 5.0, 5.0, 5.0, 5.0, 5.0, 5.0, 5.0, 5.0, 5.0, 5.0, 5.0, 5.0, 5.0, 5.0, 5.0, 5.0, 5.0, 5.0, 5.0, 5.0, 5.0, 5.0, 5.0, 5.0, 5.0]"
3.7894351482391357,0.3911672830581665,-0.31352588534355164,0.4428040683269501,-0.1567298322916031,0.19636240601539612,0.9738233685493469,0.2272949516773224,-0.0022200660314410925,25.463539123535156,-0.05653087794780731,"[1.1937636137008667, 1.1914840936660767, 1.1902011632919312, 1.189880609512329, 1.1905491352081299, 1.192204236984253, 1.1948484182357788, 1.1984879970550537, 1.2031447887420654, 1.2088373899459839, 5.0, 5.0, 5.0, 5.0, 5.0, 4.470483303070068, 4.362057685852051, 4.307555675506592, 4.395266056060791, 4.490518569946289, 5.0, 5.0, 5.0, 5.0, 5.0, 5.0, 5.0, 5.0, 5.0, 5.0, 5.0, 5.0, 5.0, 5.0, 5.0, 5.0, 5.0, 5.0, 5.0, 5.0, 5.0, 5.0, 5.0, 5.0, 5.0, 5.0, 5.0, 5.0, 5.0, 5.0, 5.0, 5.0, 5.0, 5.0, 5.0, 5.0, 5.0, 5.0, 5.0, 5.0]"
3.7996106147766113,0.3398710787296295,-0.25560858845710754,0.860999584197998,0.04261185973882675,0.21135948598384857,0.9746800065040588,0.22353437542915344,-0.005573075730353594,25.3873233795166,-0.14148768782615662,"[1.145403265953064, 1.1433088779449463, 1.1421597003936768, 1.1419439315795898, 1.1426645517349243, 1.1443281173706055, 1.1469371318817139, 1.1505062580108643, 5.0, 5.0, 5.0, 5.0, 5.0, 5.0, 5.0, 4.359221935272217, 4.2543110847473145, 4.268370628356934, 4.355565071105957, 5.0, 5.0, 5.0, 5.0, 5.0, 5.0, 5.0, 5.0, 5.0, 5.0, 5.0, 5.0, 5.0, 5.0, 5.0, 5.0, 5.0, 5.0, 5.0, 5.0, 5.0, 5.0, 5.0, 5.0, 5.0, 5.0, 5.0, 5.0, 5.0, 5.0, 5.0, 5.0, 5.0, 5.0, 5.0, 5.0, 5.0, 5.0, 5.0, 5.0, 5.0]"
3.8061575889587402,0.2776467204093933,-0.22940479218959808,0.8645035624504089,-0.3941004276275635,0.3565255105495453,0.9759481549263,0.21749980747699738,-0.014791932888329029,25.308670043945312,-0.3744051456451416,"[1.0966695547103882, 1.0948015451431274, 1.0938152074813843, 1.0937328338623047, 1.0945461988449097, 1.0962507724761963, 4.79121208190918, 5.0, 5.0, 5.0, 5.0, 5.0, 5.0, 5.0, 4.357081413269043, 4.247011184692383, 4.152376651763916, 4.232490539550781, 4.319470405578613, 5.0, 5.0, 5.0, 5.0, 5.0, 5.0, 5.0, 5.0, 5.0, 5.0, 5.0, 5.0, 5.0, 5.0, 5.0, 5.0, 5.0, 5.0, 5.0, 5.0, 5.0, 5.0, 5.0, 5.0, 5.0, 5.0, 5.0, 5.0, 5.0, 5.0, 5.0, 5.0, 5.0, 5.0, 5.0, 5.0, 5.0, 5.0, 5.0, 5.0, 5.0]"
3.8149397373199463,0.23345327377319336,-0.1747111976146698,0.9415819644927979,0.11207642406225204,0.0020935393404215574,0.9762519598007202,0.2158060073852539,-0.01896500587463379,25.23102378845215,-0.4785926640033722,"[1.047220230102539, 1.0454293489456177, 1.044488787651062, 1.0444073677062988, 1.0451643466949463, 4.75464391708374, 4.960177421569824, 5.0, 5.0, 5.0, 5.0, 5.0, 5.0, 5.0, 4.252728462219238, 4.145656108856201, 4.104741096496582, 4.183660984039307, 4.26933479309082, 5.0, 5.0, 5.0, 5.0, 5.0, 5.0, 5.0, 5.0, 5.0, 5.0, 5.0, 5.0, 5.0, 5.0, 5.0, 5.0, 5.0, 5.0, 5.0, 5.0, 5.0, 5.0, 5.0, 5.0, 5.0, 5.0, 5.0, 5.0, 5.0, 5.0, 5.0, 5.0, 5.0, 5.0, 5.0, 5.0, 5.0, 5.0, 5.0, 5.0, 5.0]"
3.8147165775299072,0.2148706018924713,-0.24927592277526855,0.5885573625564575,-0.6655833721160889,-0.34593209624290466,0.9747847318649292,0.2209862321615219,-0.030977951362729073,25.147111892700195,-0.7793801426887512,"[0.9988256692886353, 0.996904194355011, 0.9957981109619141, 4.777093887329102, 4.734580993652344, 4.69678258895874, 4.968034267425537, 5.0, 5.0, 5.0, 5.0, 5.0, 5.0, 5.0, 4.18414831161499, 4.077462196350098, 4.038589000701904, 4.114786148071289, 4.197501182556152, 5.0, 5.0, 5.0, 5.0, 5.0, 5.0, 5.0, 5.0, 5.0, 5.0, 5.0, 5.0, 5.0, 5.0, 5.0, 5.0, 5.0, 5.0, 5.0, 5.0, 5.0, 5.0, 5.0, 5.0, 5.0, 5.0, 5.0, 5.0, 5.0, 5.0, 5.0, 5.0, 5.0, 5.0, 5.0, 5.0, 5.0, 5.0, 5.0, 5.0, 5.0]"
3.813781499862671,0.21536292135715485,-0.30661138892173767,-0.05545425042510033,-0.6065919399261475,-0.5574485659599304,0.9719264507293701,0.23124349117279053,-0.043419208377599716,25.059206008911133,-1.0890780687332153,"[0.9511444568634033, 1.1185849905014038, 5.0, 4.729150772094727, 4.68535852432251, 4.646307468414307, 4.877192497253418, 5.0, 5.0, 5.0, 5.0, 5.0, 5.0, 5.0, 4.1349921226501465, 4.027097702026367, 3.9646530151367188, 4.037555694580078, 4.1167097091674805, 5.0, 5.0, 5.0, 5.0, 5.0, 5.0, 5.0, 5.0, 5.0, 5.0, 5.0, 5.0, 5.0, 5.0, 5.0, 5.0, 5.0, 5.0, 5.0, 5.0, 5.0, 5.0, 5.0, 5.0, 5.0, 5.0, 5.0, 5.0, 5.0, 5.0, 5.0, 5.0, 5.0, 5.0, 5.0, 5.0, 5.0, 5.0, 5.0, 5.0, 5.0]"
3.8148856163024902,0.21775522828102112,-0.3112536370754242,-0.8298526406288147,-0.12754808366298676,-0.46885812282562256,0.9692457318305969,0.24192741513252258,-0.045095860958099365,24.981985092163086,-1.1277315616607666,"[1.2635937929153442, 5.0, 5.0, 4.677967071533203, 4.633277416229248, 4.593316078186035, 4.844401836395264, 5.0, 5.0, 5.0, 5.0, 5.0, 5.0, 5.0, 4.071980953216553, 3.9634788036346436, 3.9000141620635986, 3.9704654216766357, 4.0469889640808105, 5.0, 5.0, 5.0, 5.0, 5.0, 5.0, 5.0, 5.0, 5.0, 5.0, 5.0, 5.0, 5.0, 5.0, 5.0, 5.0, 5.0, 5.0, 5.0, 5.0, 5.0, 5.0, 5.0, 5.0, 5.0, 5.0, 5.0, 5.0, 5.0, 5.0, 5.0, 5.0, 5.0, 5.0, 5.0, 5.0, 5.0, 5.0, 5.0, 5.0, 5.0]"
3.8187949657440186,0.17869879305362701,-0.308159738779068,-1.3918020725250244,0.10923828929662704,0.24756206572055817,0.9694627523422241,0.24228961765766144,-0.03791527822613716,24.914827346801758,-0.945332407951355,"[5.0, 5.0, 4.655573844909668, 4.607134819030762, 4.563558578491211, 4.549686431884766, 5.0, 5.0, 5.0, 5.0, 5.0, 5.0, 5.0, 5.0, 3.9557912349700928, 3.850684881210327, 3.867422103881836, 3.9381747245788574, 5.0, 5.0, 5.0, 5.0, 5.0, 5.0, 5.0, 5.0, 5.0, 5.0, 5.0, 5.0, 5.0, 5.0, 5.0, 5.0, 5.0, 5.0, 5.0, 5.0, 5.0, 5.0, 5.0, 5.0, 5.0, 5.0, 5.0, 5.0, 5.0, 5.0, 5.0, 5.0, 5.0, 5.0, 5.0, 5.0, 5.0, 5.0, 5.0, 5.0, 5.0, 5.0]"
3.824420928955078,0.11264179646968842,-0.2952057719230652,-1.3891698122024536,0.2273366004228592,0.5906751155853271,0.9718358516693115,0.2340741604566574,-0.02727951668202877,24.849199295043945,-0.6781265735626221,"[5.0, 5.0, 4.568361759185791, 4.522585391998291, 4.481512546539307, 5.0, 5.0, 5.0, 5.0, 5.0, 5.0, 5.0, 5.0, 3.913059711456299, 3.8051180839538574, 3.7896368503570557, 3.856700897216797, 3.9295902252197266, 5.0, 5.0, 5.0, 5.0, 5.0, 5.0, 5.0, 5.0, 5.0, 5.0, 5.0, 5.0, 5.0, 5.0, 5.0, 5.0, 5.0, 5.0, 5.0, 5.0, 5.0, 5.0, 5.0, 5.0, 5.0, 5.0, 5.0, 5.0, 5.0, 5.0, 5.0, 5.0, 5.0, 5.0, 5.0, 5.0, 5.0, 5.0, 5.0, 5.0, 5.0, 5.0]"
3.8304805755615234,0.03188295662403107,-0.26451194286346436,-1.3335121870040894,0.3119025230407715,0.8195664882659912,0.9752674698829651,0.22049733996391296,-0.015304593369364738,24.78143882751465,-0.3793143033981323,"[4.573183059692383, 4.521052360534668, 4.473901748657227, 4.43149471282959, 5.0, 5.0, 5.0, 5.0, 5.0, 5.0, 5.0, 5.0, 3.848512649536133, 3.739549160003662, 3.724358558654785, 3.788759708404541, 3.8587911128997803, 5.0, 5.0, 5.0, 5.0, 5.0, 5.0, 5.0, 5.0, 5.0, 5.0, 5.0, 5.0, 5.0, 5.0, 5.0, 5.0, 5.0, 5.0, 5.0, 5.0, 5.0, 5.0, 5.0, 5.0, 5.0, 5.0, 5.0, 5.0, 5.0, 5.0, 5.0, 5.0, 5.0, 5.0, 5.0, 5.0, 5.0, 5.0, 5.0, 5.0, 5.0, 5.0, 5.0]"
3.8369553089141846,-0.04308591037988663,-0.2568719685077667,-1.118374228477478,0.4401017725467682,0.738326370716095,0.9784265160560608,0.20658399164676666,-0.0021201763302087784,24.71030044555664,-0.052390314638614655,"[4.472503185272217, 4.423988342285156, 4.395895957946777, 5.0, 5.0, 5.0, 5.0, 5.0, 5.0, 5.0, 5.0, 3.781914472579956, 3.6721129417419434, 3.6582696437835693, 3.7199480533599854, 3.7870471477508545, 5.0, 5.0, 5.0, 5.0, 5.0, 5.0, 5.0, 5.0, 5.0, 5.0, 5.0, 5.0, 5.0, 5.0, 5.0, 5.0, 5.0, 5.0, 5.0, 5.0, 5.0, 5.0, 5.0, 5.0, 5.0, 5.0, 5.0, 5.0, 5.0, 5.0, 5.0, 5.0, 5.0, 5.0, 5.0, 5.0, 5.0, 5.0, 5.0, 5.0, 5.0, 5.0, 5.0, 5.0]"
3.8424861431121826,-0.09339359402656555,-0.2888641953468323,-1.0468565225601196,0.27467286586761475,0.4473150074481964,0.9803564548492432,0.19704559445381165,0.008602537214756012,24.63528823852539,0.21193385124206543,"[4.382880210876465, 4.337004661560059, 4.709141254425049, 5.0, 5.0, 5.0, 5.0, 5.0, 5.0, 5.0, 3.7358086109161377, 3.623518705368042, 3.5834150314331055, 3.641554355621338, 3.704843282699585, 5.0, 5.0, 5.0, 5.0, 5.0, 5.0, 5.0, 5.0, 4.983458042144775, 4.990932464599609, 5.0, 5.0, 5.0, 5.0, 5.0, 5.0, 5.0, 5.0, 5.0, 5.0, 5.0, 5.0, 5.0, 5.0, 5.0, 5.0, 5.0, 5.0, 5.0, 5.0, 5.0, 5.0, 5.0, 5.0, 5.0, 5.0, 5.0, 5.0, 5.0, 5.0, 5.0, 5.0, 5.0, 5.0, 5.0]"
3.849309206008911,-0.11961821466684341,-0.28869569301605225,-1.2995941638946533,0.24015162885189056,0.23170626163482666,0.9812480807304382,0.19185324013233185,0.01855603978037834,24.557703018188477,0.4557722210884094,"[4.303712368011475, 4.552870273590088, 5.0, 5.0, 5.0, 5.0, 5.0, 5.0, 5.0, 3.7085580825805664, 3.5921308994293213, 3.5046136379241943, 3.558666467666626, 3.6175732612609863, 4.979269027709961, 4.950675010681152, 4.926632881164551, 5.0, 5.0, 5.0, 5.0, 5.0, 5.0, 4.8832926750183105, 4.939367294311523, 5.0, 5.0, 5.0, 5.0, 5.0, 5.0, 5.0, 5.0, 5.0, 5.0, 5.0, 5.0, 5.0, 5.0, 5.0, 5.0, 5.0, 5.0, 5.0, 5.0, 5.0, 5.0, 5.0, 5.0, 5.0, 5.0, 5.0, 5.0, 5.0, 5.0, 5.0, 5.0, 5.0, 5.0, 5.0]"
3.855611801147461,-0.13536463677883148,-0.33860087394714355,-1.7095739841461182,0.06440615653991699,0.24629859626293182,0.981962263584137,0.1871246099472046,0.027101246640086174,24.478515625,0.6636420488357544,"[4.421435356140137, 5.0, 5.0, 5.0, 5.0, 5.0, 5.0, 5.0, 3.685267210006714, 3.5642991065979004, 3.453958749771118, 3.482821464538574, 3.537581205368042, 3.5972518920898438, 4.900084972381592, 4.8728413581848145, 5.0, 5.0, 5.0, 5.0, 5.0, 5.0, 4.848562240600586, 4.834354400634766, 4.8910603523254395, 5.0, 5.0, 5.0, 5.0, 5.0, 5.0, 5.0, 5.0, 5.0, 5.0, 5.0, 5.0, 5.0, 5.0, 5.0, 5.0, 5.0, 5.0, 5.0, 5.0, 5.0, 5.0, 5.0, 5.0, 5.0, 5.0, 5.0, 5.0, 5.0, 5.0, 5.0, 5.0, 5.0, 5.0, 5.0]"
3.8639214038848877,-0.1354464292526245,-0.3558695614337921,-1.8225651979446411,0.1661912351846695,0.11917902529239655,0.9822713136672974,0.1837969273328781,0.03690028563141823,24.396446228027344,0.900849461555481,"[5.0, 5.0, 5.0, 5.0, 5.0, 5.0, 5.0, 5.0, 3.5416977405548096, 3.4267842769622803, 3.410656213760376, 3.4612293243408203, 3.5164296627044678, 4.854129791259766, 4.823411464691162, 4.816196918487549, 5.0, 5.0, 5.0, 5.0, 5.0, 4.883491039276123, 4.731933116912842, 4.783514499664307, 4.840476036071777, 5.0, 5.0, 5.0, 5.0, 5.0, 5.0, 5.0, 5.0, 5.0, 5.0, 5.0, 5.0, 5.0, 5.0, 5.0, 5.0, 5.0, 5.0, 5.0, 5.0, 5.0, 5.0, 5.0, 5.0, 5.0, 5.0, 5.0, 5.0, 5.0, 5.0, 5.0, 5.0, 5.0, 5.0, 5.0]"
3.8707897663116455,-0.11941340565681458,-0.3939191699028015,-1.7843157052993774,-0.048198405653238297,0.008827496320009232,0.982240617275238,0.18239250779151917,0.04400273784995079,24.314748764038086,1.0709528923034668,"[5.0, 5.0, 5.0, 5.0, 5.0, 5.0, 5.0, 3.5309529304504395, 3.4103260040283203, 3.3413944244384766, 3.387662172317505, 3.4382834434509277, 4.816140174865723, 4.781515121459961, 4.751466751098633, 4.884307384490967, 5.0, 5.0, 5.0, 5.0, 4.940411567687988, 4.741203308105469, 4.67910623550415, 4.73048734664917, 5.0, 5.0, 5.0, 5.0, 5.0, 5.0, 5.0, 5.0, 5.0, 5.0, 5.0, 5.0, 5.0, 5.0, 5.0, 5.0, 5.0, 5.0, 5.0, 5.0, 5.0, 5.0, 5.0, 5.0, 5.0, 5.0, 5.0, 5.0, 5.0, 5.0, 5.0, 5.0, 5.0, 5.0, 5.0, 5.0]"
3.8762192726135254,-0.10987065732479095,-0.375307559967041,-1.7656382322311401,-0.20475654304027557,0.22626760601997375,0.982852578163147,0.17814382910728455,0.047594763338565826,24.235647201538086,1.1547987461090088,"[5.0, 5.0, 5.0, 5.0, 5.0, 5.0, 3.5120761394500732, 3.3863089084625244, 3.2833313941955566, 3.3258955478668213, 3.3725874423980713, 3.4236695766448975, 4.7429609298706055, 4.709388256072998, 4.715996265411377, 4.988662242889404, 5.0, 5.0, 5.0, 5.0, 4.774885177612305, 4.58717155456543, 4.633700847625732, 4.685316562652588, 5.0, 5.0, 5.0, 5.0, 5.0, 5.0, 5.0, 5.0, 5.0, 5.0, 5.0, 5.0, 5.0, 5.0, 5.0, 5.0, 5.0, 5.0, 5.0, 5.0, 5.0, 5.0, 5.0, 5.0, 5.0, 5.0, 5.0, 5.0, 5.0, 5.0, 5.0, 5.0, 5.0, 5.0, 5.0, 5.0]"
3.8792619705200195,-0.10767699033021927,-0.36920836567878723,-1.5998350381851196,-0.3864608108997345,0.3715636134147644,0.9841938614845276,0.1707230806350708,0.04707372933626175,24.160654067993164,1.138594388961792,"[5.0, 5.0, 5.0, 5.0, 5.0, 3.4826443195343018, 3.352569103240967, 3.2352466583251953, 3.27471661567688, 3.318147897720337, 3.3657524585723877, 4.706513404846191, 4.669788360595703, 4.637632846832275, 4.847249984741211, 5.0, 5.0, 5.0, 5.0, 4.792510032653809, 4.595489501953125, 4.549284934997559, 4.596559047698975, 5.0, 5.0, 5.0, 5.0, 5.0, 5.0, 5.0, 5.0, 5.0, 5.0, 5.0, 5.0, 5.0, 5.0, 5.0, 5.0, 5.0, 5.0, 5.0, 5.0, 5.0, 5.0, 5.0, 5.0, 5.0, 5.0, 5.0, 5.0, 5.0, 5.0, 5.0, 5.0, 5.0, 5.0, 5.0, 5.0, 5.0]"
3.8867721557617188,-0.11170098185539246,-0.279875248670578,-1.0044059753417969,0.17272573709487915,0.4325164556503296,0.9854114651679993,0.1620536744594574,0.05198653042316437,24.07930564880371,1.2534946203231812,"[5.0, 5.0, 5.0, 5.0, 3.442460536956787, 3.3088161945343018, 3.187866449356079, 3.218069553375244, 3.2583045959472656, 3.3025295734405518, 4.661385536193848, 4.62184476852417, 4.586935520172119, 4.704740047454834, 5.0, 5.0, 5.0, 5.0, 5.0, 4.602646350860596, 4.459229469299316, 4.502368927001953, 4.550393581390381, 5.0, 5.0, 5.0, 5.0, 5.0, 5.0, 5.0, 5.0, 5.0, 5.0, 5.0, 5.0, 5.0, 5.0, 5.0, 5.0, 5.0, 5.0, 5.0, 5.0, 5.0, 5.0, 5.0, 5.0, 5.0, 5.0, 5.0, 5.0, 5.0, 5.0, 5.0, 5.0, 5.0, 5.0, 5.0, 5.0, 5.0]"
3.8944380283355713,-0.10246297717094421,-0.24048399925231934,-0.8048665523529053,0.2758900225162506,0.2653520107269287,0.9859829545021057,0.15567506849765778,0.060021933168172836,23.992998123168945,1.4427074193954468,"[5.0, 5.0, 5.0, 3.410360336303711, 3.272077798843384, 3.147249937057495, 3.1544857025146484, 3.1912431716918945, 3.2317709922790527, 5.0, 4.573033332824707, 4.5351104736328125, 4.539073944091797, 4.784424304962158, 5.0, 5.0, 5.0, 5.0, 4.631199836730957, 4.4378132820129395, 4.4012041091918945, 4.444588661193848, 5.0, 5.0, 5.0, 5.0, 5.0, 5.0, 5.0, 5.0, 5.0, 5.0, 5.0, 5.0, 5.0, 5.0, 5.0, 5.0, 5.0, 5.0, 5.0, 5.0, 5.0, 5.0, 5.0, 5.0, 5.0, 5.0, 5.0, 5.0, 5.0, 5.0, 5.0, 5.0, 5.0, 5.0, 5.0, 5.0, 5.0, 5.0]"
3.9007139205932617,-0.08180331438779831,-0.1978224664926529,-0.5939302444458008,-0.031549468636512756,0.14170868694782257,0.9863430261611938,0.1520652323961258,0.06327244639396667,23.91214942932129,1.516018033027649,"[5.0, 5.0, 5.0, 3.251779794692993, 3.1213064193725586, 3.0908026695251465, 3.123990058898926, 3.160748243331909, 3.2012670040130615, 4.532756328582764, 4.49138069152832, 4.454595565795898, 4.588310718536377, 5.0, 5.0, 5.0, 5.0, 5.0, 4.482888221740723, 4.302672863006592, 4.34132194519043, 4.384570121765137, 5.0, 5.0, 5.0, 5.0, 5.0, 5.0, 5.0, 5.0, 5.0, 5.0, 5.0, 5.0, 5.0, 5.0, 5.0, 5.0, 5.0, 5.0, 5.0, 5.0, 5.0, 5.0, 5.0, 5.0, 5.0, 5.0, 5.0, 5.0, 5.0, 5.0, 5.0, 5.0, 5.0, 5.0, 5.0, 5.0, 5.0, 5.0]"
3.9064128398895264,-0.056302785873413086,-0.18794803321361542,-0.33304929733276367,-0.2795403003692627,0.1024165153503418,0.9868436455726624,0.1499137431383133,0.06054113805294037,23.839468002319336,1.4459208250045776,"[5.0, 5.0, 3.2444536685943604, 3.106743335723877, 3.0290846824645996, 3.0588512420654297, 3.0919837951660156, 3.128669023513794, 5.0, 4.455355167388916, 4.414948463439941, 4.399273872375488, 4.62574577331543, 5.0, 5.0, 5.0, 5.0, 5.0, 4.350805759429932, 4.2440104484558105, 4.282462120056152, 4.325466632843018, 5.0, 5.0, 5.0, 5.0, 5.0, 5.0, 5.0, 5.0, 5.0, 5.0, 5.0, 5.0, 5.0, 5.0, 5.0, 5.0, 5.0, 5.0, 5.0, 5.0, 5.0, 5.0, 5.0, 5.0, 5.0, 5.0, 5.0, 5.0, 5.0, 5.0, 5.0, 5.0, 5.0, 5.0, 5.0, 5.0, 5.0, 5.0]"
3.9105138778686523,-0.04154806584119797,-0.1877332627773285,-0.2326635718345642,-0.4934020936489105,0.2924644351005554,0.9879669547080994,0.14531557261943817,0.05295707285404205,23.772403717041016,1.2606860399246216,"[5.0, 3.2305309772491455, 3.0858490467071533, 2.9738593101501465, 3.000736713409424, 3.0308420658111572, 3.0643131732940674, 5.0, 4.421530723571777, 4.377832412719727, 4.338742256164551, 4.453837871551514, 5.0, 5.0, 5.0, 5.0, 5.0, 4.396478176116943, 4.207437992095947, 4.191802978515625, 4.230535507202148, 4.273799419403076, 5.0, 5.0, 5.0, 5.0, 5.0, 5.0, 5.0, 5.0, 5.0, 5.0, 5.0, 5.0, 5.0, 5.0, 5.0, 5.0, 5.0, 5.0, 5.0, 5.0, 5.0, 5.0, 5.0, 5.0, 5.0, 5.0, 5.0, 5.0, 5.0, 5.0, 5.0, 5.0, 5.0, 5.0, 5.0, 5.0, 5.0, 5.0]"
3.9131503105163574,-0.018730901181697845,-0.17826230823993683,0.3265552222728729,-0.5930790305137634,0.09660523384809494,0.9888395071029663,0.14309121668338776,0.04148794710636139,23.707382202148438,0.9844182729721069,"[5.0, 3.081310749053955, 2.9437034130096436, 2.938039541244507, 2.9650537967681885, 2.995272159576416, 3.0288479328155518, 5.0, 4.34567403793335, 4.303086280822754, 4.266961097717285, 4.477487087249756, 5.0, 5.0, 5.0, 5.0, 5.0, 4.271109104156494, 4.1006083488464355, 4.135068893432617, 4.173830509185791, 5.0, 5.0, 5.0, 5.0, 5.0, 5.0, 5.0, 5.0, 5.0, 5.0, 5.0, 5.0, 5.0, 5.0, 5.0, 5.0, 5.0, 5.0, 5.0, 5.0, 5.0, 5.0, 5.0, 5.0, 5.0, 5.0, 5.0, 5.0, 5.0, 5.0, 5.0, 5.0, 5.0, 5.0, 5.0, 5.0, 5.0, 5.0, 5.0]"
3.912952423095703,0.02044321410357952,-0.19629274308681488,0.5753254890441895,-0.7234525084495544,-0.13000449538230896,0.9890254735946655,0.1453283578157425,0.026609644293785095,23.641014099121094,0.629301905632019,"[3.1071722507476807, 2.957834482192993, 2.871277332305908, 2.894970417022705, 2.9216842651367188, 2.951547384262085, 5.0, 5.0, 4.276729106903076, 4.2346296310424805, 4.247056484222412, 4.456296443939209, 5.0, 5.0, 5.0, 5.0, 5.0, 4.183078289031982, 4.038133144378662, 4.072098731994629, 4.110304832458496, 5.0, 5.0, 5.0, 5.0, 5.0, 5.0, 5.0, 5.0, 5.0, 5.0, 5.0, 5.0, 5.0, 5.0, 5.0, 5.0, 5.0, 5.0, 5.0, 5.0, 5.0, 5.0, 5.0, 5.0, 5.0, 5.0, 5.0, 5.0, 5.0, 5.0, 5.0, 5.0, 5.0, 5.0, 5.0, 5.0, 5.0, 5.0, 5.0]"
3.9119138717651367,0.07683498412370682,-0.21386943757534027,0.47465455532073975,-0.4261690378189087,-0.3616211414337158,0.988267183303833,0.15194764733314514,0.015482732094824314,23.568279266357422,0.36494511365890503,"[2.9963467121124268, 2.8498003482818604, 2.823842763900757, 2.8467447757720947, 2.8725931644439697, 2.901533365249634, 5.0, 4.2578654289245605, 4.210969924926758, 4.1687164306640625, 4.194483757019043, 4.398291110992432, 5.0, 5.0, 5.0, 5.0, 5.0, 4.121522903442383, 3.967456102371216, 4.000223636627197, 4.037138938903809, 5.0, 5.0, 5.0, 5.0, 5.0, 5.0, 5.0, 5.0, 5.0, 5.0, 5.0, 5.0, 5.0, 5.0, 5.0, 5.0, 5.0, 5.0, 5.0, 5.0, 5.0, 5.0, 5.0, 5.0, 5.0, 5.0, 5.0, 5.0, 5.0, 5.0, 5.0, 5.0, 5.0, 5.0, 5.0, 5.0, 5.0, 5.0, 5.0]"
3.906947135925293,0.15084725618362427,-0.24211843311786652,0.07745368778705597,-0.4079081118106842,-0.575538694858551,0.9866498112678528,0.16270412504673004,0.007023118436336517,23.49236297607422,0.16499373316764832,"[2.9008071422576904, 2.7597174644470215, 2.778656244277954, 2.8003628253936768, 2.8249475955963135, 2.852522134780884, 5.0, 4.200425624847412, 4.152673721313477, 4.109570503234863, 4.128912925720215, 4.325085163116455, 5.0, 5.0, 5.0, 5.0, 5.0, 4.078461647033691, 3.8951313495635986, 3.9261035919189453, 3.9611082077026367, 5.0, 5.0, 5.0, 5.0, 5.0, 5.0, 5.0, 5.0, 5.0, 5.0, 5.0, 5.0, 5.0, 5.0, 5.0, 5.0, 5.0, 5.0, 5.0, 5.0, 5.0, 5.0, 5.0, 5.0, 5.0, 5.0, 5.0, 5.0, 5.0, 5.0, 5.0, 5.0, 5.0, 5.0, 5.0, 5.0, 5.0, 5.0, 5.0]"
3.8996050357818604,0.23432324826717377,-0.2520149350166321,-0.245171919465065,-0.2855777442455292,-0.6678975820541382,0.9844247698783875,0.1757992058992386,0.001573257497511804,23.41492462158203,0.036837752908468246,"[2.8097903728485107, 2.7199580669403076, 2.7375752925872803, 2.757889747619629, 2.7810049057006836, 5.0, 5.0, 4.148282051086426, 4.099236488342285, 4.054868221282959, 4.064696311950684, 4.252829074859619, 5.0, 5.0, 5.0, 5.0, 5.0, 4.040958881378174, 3.8538973331451416, 3.852559804916382, 3.8853304386138916, 3.9221715927124023, 5.0, 5.0, 5.0, 5.0, 5.0, 5.0, 5.0, 5.0, 5.0, 5.0, 5.0, 5.0, 5.0, 5.0, 5.0, 5.0, 5.0, 5.0, 5.0, 5.0, 5.0, 5.0, 5.0, 5.0, 5.0, 5.0, 5.0, 5.0, 5.0, 5.0, 5.0, 5.0, 5.0, 5.0, 5.0, 5.0, 5.0, 5.0]"
3.884211540222168,0.31880003213882446,-0.3296886682510376,-0.4861390292644501,-0.820247232913971,-0.6352260708808899,0.9819468855857849,0.18888413906097412,-0.010135438293218613,23.335338592529297,-0.23652605712413788,"[2.721775531768799, 2.6900720596313477, 2.7065398693084717, 2.7256686687469482, 2.747532606124878, 5.0, 5.0, 4.107223987579346, 4.056650161743164, 4.0108160972595215, 4.023221015930176, 4.205536365509033, 5.0, 5.0, 5.0, 5.0, 5.0, 4.000470161437988, 3.8101863861083984, 3.791707754135132, 3.8224644660949707, 3.857184648513794, 5.0, 5.0, 5.0, 5.0, 5.0, 5.0, 5.0, 5.0, 5.0, 5.0, 5.0, 5.0, 5.0, 5.0, 5.0, 5.0, 5.0, 5.0, 5.0, 5.0, 5.0, 5.0, 5.0, 5.0, 5.0, 5.0, 5.0, 5.0, 5.0, 5.0, 5.0, 5.0, 5.0, 5.0, 5.0, 5.0, 5.0, 5.0]"
3.8677566051483154,0.39471182227134705,-0.3599267303943634,-0.5064375400543213,-0.6417961716651917,-0.4891183376312256,0.9796170592308044,0.19972878694534302,-0.021412542089819908,23.25284767150879,-0.4980168044567108,"[2.6512179374694824, 2.664259672164917, 2.6798229217529297, 2.698007822036743, 2.7188916206359863, 5.0, 5.0, 4.0638427734375, 4.012091636657715, 3.965106248855591, 4.002434253692627, 4.1811203956604, 5.0, 5.0, 5.0, 5.0, 5.0, 3.940458297729492, 3.74888277053833, 3.735877275466919, 3.7649786472320557, 3.7979471683502197, 5.0, 5.0, 5.0, 5.0, 5.0, 5.0, 5.0, 5.0, 5.0, 5.0, 5.0, 4.958709716796875, 5.0, 5.0, 5.0, 5.0, 5.0, 5.0, 5.0, 5.0, 5.0, 5.0, 5.0, 5.0, 5.0, 5.0, 5.0, 5.0, 5.0, 5.0, 5.0, 5.0, 5.0, 5.0, 5.0, 5.0, 5.0, 5.0]"
3.85026216506958,0.4621082842350006,-0.37117594480514526,-0.43372461199760437,-0.4150315821170807,-0.3681575059890747,0.9776915907859802,0.20809246599674225,-0.028576180338859558,23.17072868347168,-0.6624014973640442,"[2.6252119541168213, 2.6375491619110107, 2.652390480041504, 2.6698007583618164, 5.0, 5.0, 5.0, 4.011024475097656, 3.9586150646209717, 3.9109795093536377, 3.9923081398010254, 4.1685991287231445, 5.0, 5.0, 5.0, 5.0, 5.0, 3.858976364135742, 3.668332815170288, 3.678225517272949, 3.7059435844421387, 3.7374448776245117, 5.0, 5.0, 5.0, 5.0, 5.0, 5.0, 5.0, 5.0, 5.0, 5.0, 5.0, 4.875619888305664, 4.954606533050537, 5.0, 5.0, 5.0, 5.0, 5.0, 5.0, 5.0, 5.0, 5.0, 5.0, 5.0, 5.0, 5.0, 5.0, 5.0, 5.0, 5.0, 5.0, 5.0, 5.0, 5.0, 5.0, 5.0, 5.0, 5.0]"
3.831928253173828,0.5214906334877014,-0.35696154832839966,-0.35481178760528564,-0.31585854291915894,-0.2544448971748352,0.976227343082428,0.21415232121944427,-0.033447522670030594,23.08957862854004,-0.7727216482162476,"[2.598231077194214, 2.6100313663482666, 2.6243033409118652, 2.6411187648773193, 5.0, 5.0, 5.0, 3.9503448009490967, 3.8977625370025635, 3.849935293197632, 3.9912970066070557, 5.0, 5.0, 5.0, 5.0, 5.0, 5.0, 3.7592930793762207, 3.5965802669525146, 3.6196019649505615, 3.6462037563323975, 3.676516532897949, 5.0, 5.0, 5.0, 5.0, 5.0, 5.0, 5.0, 5.0, 5.0, 5.0, 4.991037845611572, 4.794798851013184, 4.871423244476318, 4.955060958862305, 5.0, 5.0, 5.0, 5.0, 5.0, 5.0, 5.0, 5.0, 5.0, 5.0, 5.0, 5.0, 5.0, 5.0, 5.0, 5.0, 5.0, 5.0, 5.0, 5.0, 5.0, 5.0, 5.0, 5.0]"
3.8156661987304688,0.57074373960495,-0.31228840351104736,-0.20010697841644287,-0.05275016650557518,-0.12260827422142029,0.9754239916801453,0.21760794520378113,-0.034562721848487854,23.0114803314209,-0.7958149909973145,"[2.5679545402526855, 2.5793731212615967, 2.5932223796844482, 5.0, 5.0, 5.0, 3.9354422092437744, 3.8782854080200195, 3.8261313438415527, 3.8384294509887695, 3.9953038692474365, 5.0, 5.0, 5.0, 5.0, 5.0, 3.8474607467651367, 3.640554189682007, 3.5347297191619873, 3.5569677352905273, 3.5827150344848633, 5.0, 5.0, 5.0, 5.0, 5.0, 5.0, 5.0, 5.0, 5.0, 5.0, 5.0, 4.927884578704834, 4.712756156921387, 4.787449836730957, 4.8689961433410645, 5.0, 5.0, 5.0, 5.0, 5.0, 5.0, 5.0, 5.0, 5.0, 5.0, 5.0, 5.0, 5.0, 5.0, 5.0, 5.0, 5.0, 5.0, 5.0, 5.0, 5.0, 5.0, 5.0, 5.0]"
3.799955129623413,0.6196419596672058,-0.3011006712913513,-0.32446420192718506,0.08263834565877914,-0.10578611493110657,0.9749296307563782,0.22017471492290497,-0.032172318547964096,22.936471939086914,-0.7383017539978027,"[2.537687301635742, 2.5487313270568848, 2.887425422668457, 5.0, 5.0, 5.0, 3.85766339302063, 3.8012189865112305, 3.749708890914917, 3.847419261932373, 4.004113674163818, 5.0, 5.0, 5.0, 5.0, 5.0, 3.711012125015259, 3.5109524726867676, 3.470806121826172, 3.4922947883605957, 3.517224073410034, 5.0, 5.0, 5.0, 5.0, 5.0, 5.0, 5.0, 5.0, 5.0, 5.0, 5.0, 4.855324745178223, 4.628249645233154, 4.701057434082031, 4.7805585861206055, 5.0, 5.0, 5.0, 5.0, 5.0, 5.0, 5.0, 5.0, 5.0, 5.0, 5.0, 5.0, 5.0, 5.0, 5.0, 5.0, 5.0, 5.0, 5.0, 5.0, 5.0, 5.0, 5.0, 5.0]"
3.785351276397705,0.6671600937843323,-0.27735498547554016,-0.3344709873199463,0.20173031091690063,-0.07530368119478226,0.9746262431144714,0.22217978537082672,-0.02719906158745289,22.863313674926758,-0.6220908761024475,"[2.507517099380493, 2.6901700496673584, 5.0, 5.0, 5.0, 3.8372278213500977, 3.776498794555664, 3.7209246158599854, 3.7177321910858154, 3.85921573638916, 5.0, 5.0, 5.0, 5.0, 5.0, 5.0, 3.567033052444458, 3.3879473209381104, 3.405451774597168, 3.4262166023254395, 3.4503462314605713, 5.0, 5.0, 5.0, 5.0, 5.0, 5.0, 5.0, 5.0, 5.0, 5.0, 5.0, 4.777220249176025, 4.541899681091309, 4.612837791442871, 4.690310001373291, 5.0, 5.0, 5.0, 5.0, 5.0, 5.0, 5.0, 5.0, 5.0, 5.0, 5.0, 5.0, 5.0, 5.0, 5.0, 5.0, 5.0, 5.0, 5.0, 5.0, 5.0, 5.0, 5.0, 5.0]"
3.7767584323883057,0.7045157551765442,-0.21481449902057648,-0.29335740208625793,0.6960920095443726,0.08638896048069,0.9750376343727112,0.22156284749507904,-0.01454134937375784,22.79343032836914,-0.33148229122161865,"[2.62353515625, 5.0, 5.0, 5.0, 5.0, 3.740064859390259, 3.680985450744629, 3.6269371509552, 3.7324070930480957, 3.874171733856201, 5.0, 5.0, 5.0, 5.0, 5.0, 3.6091933250427246, 3.4016385078430176, 3.3159685134887695, 3.332974433898926, 3.3531715869903564, 3.3766491413116455, 5.0, 5.0, 5.0, 5.0, 5.0, 5.0, 5.0, 5.0, 5.0, 5.0, 5.0, 4.68367862701416, 4.449147701263428, 4.518423080444336, 4.594078063964844, 5.0, 5.0, 5.0, 5.0, 5.0, 5.0, 5.0, 5.0, 5.0, 5.0, 5.0, 5.0, 5.0, 5.0, 5.0, 5.0, 5.0, 5.0, 5.0, 5.0, 5.0, 5.0, 5.0, 5.0]"
3.770167350769043,0.7189804315567017,-0.2360805720090866,-0.06511171162128448,0.31686046719551086,0.40422293543815613,0.9765197038650513,0.21534974873065948,-0.005789757240563631,22.71930694580078,-0.13154149055480957,"[5.0, 5.0, 5.0, 5.0, 3.6964175701141357, 3.6347880363464355, 3.5783214569091797, 3.639273166656494, 3.7703633308410645, 5.0, 5.0, 5.0, 5.0, 5.0, 5.0, 3.4012503623962402, 3.2353873252868652, 3.2495412826538086, 3.2667438983917236, 3.287076950073242, 5.0, 5.0, 5.0, 5.0, 5.0, 5.0, 5.0, 5.0, 5.0, 5.0, 5.0, 5.0, 4.544375419616699, 4.374317169189453, 4.443314075469971, 4.51863431930542, 5.0, 5.0, 5.0, 5.0, 5.0, 5.0, 5.0, 5.0, 5.0, 5.0, 5.0, 5.0, 5.0, 5.0, 5.0, 5.0, 5.0, 5.0, 5.0, 5.0, 5.0, 5.0, 5.0, 5.0]"
3.768632173538208,0.7198989987373352,-0.2315237671136856,0.5855732560157776,0.32225486636161804,0.49583396315574646,0.9785264730453491,0.20611774921417236,-0.0010981743689626455,22.643260955810547,-0.024866264313459396,"[5.0, 5.0, 5.0, 3.644533157348633, 3.5810883045196533, 3.5229098796844482, 3.548382043838501, 3.6701760292053223, 5.0, 5.0, 5.0, 5.0, 5.0, 5.0, 3.3962132930755615, 3.1942927837371826, 3.1671969890594482, 3.182003974914551, 3.199816942214966, 3.222031831741333, 5.0, 5.0, 5.0, 5.0, 5.0, 5.0, 5.0, 5.0, 5.0, 5.0, 5.0, 4.653745651245117, 4.3977227210998535, 4.306733131408691, 4.376242637634277, 4.452080249786377, 5.0, 5.0, 5.0, 5.0, 5.0, 5.0, 5.0, 5.0, 5.0, 5.0, 5.0, 5.0, 5.0, 5.0, 5.0, 5.0, 5.0, 5.0, 5.0, 5.0, 5.0, 5.0, 5.0, 5.0]"
3.769008159637451,0.7078566551208496,-0.1925416886806488,1.1321358680725098,0.16222679615020752,0.624697744846344,0.9809083938598633,0.19446751475334167,-0.0009519443265162408,22.566539764404297,-0.021482102572917938,"[5.0, 5.0, 3.585500955581665, 3.5209105014801025, 3.461632490158081, 3.457172393798828, 3.5706627368927, 5.0, 5.0, 5.0, 5.0, 5.0, 5.0, 3.390049934387207, 3.177557945251465, 3.085292100906372, 3.098191499710083, 3.113978147506714, 3.1327178478240967, 5.0, 5.0, 5.0, 5.0, 5.0, 5.0, 5.0, 5.0, 5.0, 5.0, 5.0, 5.0, 4.492079734802246, 4.249135494232178, 4.245595455169678, 4.31627082824707, 4.393327236175537, 5.0, 5.0, 5.0, 5.0, 5.0, 5.0, 5.0, 5.0, 5.0, 5.0, 5.0, 5.0, 5.0, 5.0, 5.0, 5.0, 5.0, 5.0, 5.0, 5.0, 5.0, 5.0, 5.0, 5.0]"
3.770822763442993,0.6885902881622314,-0.11250581592321396,1.5037524700164795,0.05117916315793991,0.6672623157501221,0.9833956956863403,0.1814158409833908,-0.004602954722940922,22.489343643188477,-0.1035185307264328,"[5.0, 3.523188829421997, 3.45780348777771, 3.3977675437927246, 3.3681116104125977, 3.4740829467773438, 3.5903637409210205, 5.0, 5.0, 5.0, 5.0, 5.0, 5.0, 3.1611244678497314, 3.00468373298645, 3.0159623622894287, 3.0300111770629883, 3.046905279159546, 5.0, 5.0, 5.0, 5.0, 5.0, 5.0, 5.0, 5.0, 5.0, 5.0, 5.0, 5.0, 5.0, 4.333919048309326, 4.1228861808776855, 4.189070224761963, 4.261268615722656, 5.0, 5.0, 5.0, 5.0, 5.0, 5.0, 5.0, 5.0, 5.0, 5.0, 5.0, 5.0, 5.0, 5.0, 5.0, 5.0, 5.0, 5.0, 5.0, 5.0, 5.0, 5.0, 5.0, 5.0, 5.0]"
3.7723658084869385,0.6630550026893616,-0.05048491060733795,2.0861895084381104,-0.1756240427494049,0.6770070195198059,0.9857505559921265,0.16765376925468445,-0.01370574627071619,22.410171508789062,-0.30717700719833374,"[3.4599640369415283, 3.3939735889434814, 3.333357572555542, 3.277721643447876, 3.3757925033569336, 3.483980417251587, 5.0, 5.0, 5.0, 5.0, 5.0, 5.0, 3.154618978500366, 2.9500041007995605, 2.9347074031829834, 2.9472129344940186, 2.9624440670013428, 2.980471611022949, 5.0, 5.0, 5.0, 5.0, 5.0, 5.0, 5.0, 5.0, 5.0, 5.0, 5.0, 5.0, 5.0, 4.1912431716918945, 4.06772518157959, 4.135523796081543, 4.209423065185547, 5.0, 5.0, 5.0, 5.0, 5.0, 5.0, 5.0, 5.0, 5.0, 5.0, 5.0, 5.0, 5.0, 5.0, 5.0, 5.0, 5.0, 5.0, 5.0, 5.0, 5.0, 5.0, 5.0, 5.0, 5.0]"
3.7712700366973877,0.6493486166000366,-0.0879998654127121,2.556460380554199,-0.11624609678983688,0.35603436827659607,0.9871540069580078,0.15792444348335266,-0.024221956729888916,22.328378677368164,-0.5409957766532898,"[3.337275505065918, 3.275425434112549, 3.21860933303833, 3.2616329193115234, 3.360525131225586, 5.0, 5.0, 5.0, 5.0, 5.0, 5.0, 5.0, 2.970951795578003, 2.850268840789795, 2.860866069793701, 2.874063014984131, 2.889935255050659, 3.1067256927490234, 5.0, 5.0, 5.0, 5.0, 5.0, 5.0, 5.0, 5.0, 5.0, 5.0, 5.0, 5.0, 4.348181247711182, 4.104021072387695, 3.9988033771514893, 4.067130088806152, 4.141561508178711, 5.0, 5.0, 5.0, 5.0, 5.0, 5.0, 5.0, 5.0, 5.0, 5.0, 5.0, 5.0, 5.0, 5.0, 5.0, 5.0, 5.0, 5.0, 5.0, 5.0, 5.0, 5.0, 5.0, 5.0, 5.0]"
3.7616870403289795,0.6568763256072998,-0.1661902517080307,2.6045570373535156,-0.4368497133255005,-0.09401600062847137,0.9870178699493408,0.15572021901607513,-0.03932911157608032,22.240123748779297,-0.8753616213798523,"[3.2391107082366943, 3.179600954055786, 3.137254238128662, 3.2257184982299805, 3.3223564624786377, 5.0, 5.0, 5.0, 5.0, 5.0, 5.0, 3.063917875289917, 2.8466968536376953, 2.777169942855835, 2.7877109050750732, 2.800783157348633, 2.8164541721343994, 3.132625102996826, 5.0, 5.0, 5.0, 5.0, 5.0, 5.0, 5.0, 5.0, 5.0, 5.0, 5.0, 5.0, 5.0, 4.0895843505859375, 3.9149460792541504, 3.9821207523345947, 4.055283546447754, 5.0, 5.0, 5.0, 5.0, 5.0, 5.0, 5.0, 5.0, 5.0, 5.0, 5.0, 5.0, 5.0, 5.0, 5.0, 5.0, 5.0, 5.0, 5.0, 5.0, 5.0, 5.0, 5.0, 5.0, 5.0]"
3.7422473430633545,0.690180778503418,-0.2830084264278412,2.334052085876465,-0.6340311765670776,-0.6255311369895935,0.9849173426628113,0.16288253664970398,-0.058369651436805725,22.14181137084961,-1.2946171760559082,"[3.16892147064209, 3.1097941398620605, 3.0861740112304688, 3.1704599857330322, 3.262432813644409, 5.0, 5.0, 5.0, 5.0, 5.0, 5.0, 3.008190155029297, 2.785653829574585, 2.706979751586914, 2.716569662094116, 2.7286128997802734, 2.743157386779785, 2.8663077354431152, 5.0, 5.0, 5.0, 5.0, 5.0, 5.0, 5.0, 5.0, 5.0, 5.0, 5.0, 5.0, 5.0, 4.16001558303833, 3.928957223892212, 3.8796677589416504, 3.9495561122894287, 4.025623321533203, 5.0, 5.0, 5.0, 5.0, 5.0, 5.0, 5.0, 5.0, 5.0, 5.0, 5.0, 5.0, 5.0, 5.0, 5.0, 5.0, 5.0, 5.0, 5.0, 5.0, 5.0, 5.0, 5.0, 5.0]"
3.7121148109436035,0.7521131634712219,-0.3835870921611786,1.8285273313522339,-0.5989343523979187,-1.1515909433364868,0.9806475639343262,0.1800718754529953,-0.07683971524238586,22.036802291870117,-1.6983228921890259,"[3.1248068809509277, 3.0641109943389893, 3.0210444927215576, 3.099381923675537, 3.1847259998321533, 5.0, 5.0, 5.0, 5.0, 5.0, 5.0, 5.0, 2.787339925765991, 2.6393051147460938, 2.647120237350464, 2.657287836074829, 2.669861078262329, 2.6848936080932617, 5.0, 5.0, 5.0, 5.0, 5.0, 5.0, 5.0, 5.0, 5.0, 5.0, 5.0, 5.0, 5.0, 5.0, 4.066512584686279, 3.8423912525177, 3.8249523639678955, 3.895484447479248, 3.972233533859253, 5.0, 5.0, 5.0, 5.0, 5.0, 5.0, 5.0, 5.0, 5.0, 5.0, 5.0, 5.0, 5.0, 5.0, 5.0, 5.0, 5.0, 5.0, 5.0, 5.0, 5.0, 5.0, 5.0]"
3.6770853996276855,0.8350430727005005,-0.402495414018631,1.075014352798462,-0.1330951452255249,-1.4545482397079468,0.9749821424484253,0.20477956533432007,-0.08645782619714737,21.9431095123291,-1.9042842388153076,"[3.0960693359375, 3.032494306564331, 2.974053382873535, 3.026611089706421, 3.104884386062622, 3.190143346786499, 5.0, 5.0, 5.0, 5.0, 5.0, 5.0, 2.823322057723999, 2.599268674850464, 2.579113483428955, 2.586918354034424, 2.5970284938812256, 2.6094837188720703, 2.712935447692871, 5.0, 5.0, 5.0, 5.0, 5.0, 5.0, 5.0, 5.0, 5.0, 5.0, 5.0, 5.0, 5.0, 5.0, 4.001560688018799, 3.780301332473755, 3.7520864009857178, 3.8216419219970703, 3.8973209857940674, 5.0, 5.0, 5.0, 5.0, 5.0, 5.0, 5.0, 5.0, 5.0, 5.0, 5.0, 5.0, 5.0, 5.0, 5.0, 5.0, 5.0, 5.0, 5.0, 5.0, 5.0, 5.0]"
3.643465757369995,0.9235113263130188,-0.34651070833206177,0.42406684160232544,0.5386183857917786,-1.500491738319397,0.9691243767738342,0.232622429728508,-0.08176025003194809,21.876895904541016,-1.7946690320968628,"[3.068382501602173, 3.001542091369629, 2.9400906562805176, 2.9645802974700928, 3.036628246307373, 3.1150012016296387, 5.0, 5.0, 5.0, 5.0, 5.0, 5.0, 5.0, 2.6020443439483643, 2.511831045150757, 2.517209529876709, 2.5248003005981445, 2.53462815284729, 2.546743154525757, 5.0, 5.0, 5.0, 5.0, 5.0, 5.0, 5.0, 5.0, 5.0, 5.0, 5.0, 5.0, 5.0, 5.0, 5.0, 3.912212371826172, 3.69583797454834, 3.667505979537964, 3.735326051712036, 3.8091092109680176, 5.0, 5.0, 5.0, 5.0, 5.0, 5.0, 5.0, 5.0, 5.0, 5.0, 5.0, 5.0, 5.0, 5.0, 5.0, 5.0, 5.0, 5.0, 5.0, 5.0, 5.0]"
3.6141788959503174,0.9814928770065308,-0.19432173669338226,0.2076733112335205,0.6054720878601074,-1.0312389135360718,0.9644410610198975,0.2543874680995941,-0.07169564068317413,21.81975746154785,-1.5684179067611694,"[3.0246851444244385, 2.955827474594116, 2.892528533935547, 2.926025152206421, 2.993905544281006, 3.0677103996276855, 5.0, 5.0, 5.0, 5.0, 5.0, 5.0, 5.0, 2.541398048400879, 2.4478464126586914, 2.4514334201812744, 2.4571456909179688, 2.4650135040283203, 2.475069999694824, 2.751272201538086, 5.0, 5.0, 5.0, 5.0, 5.0, 5.0, 5.0, 5.0, 5.0, 5.0, 5.0, 5.0, 5.0, 5.0, 5.0, 3.756147623062134, 3.552427291870117, 3.596595525741577, 3.663904905319214, 3.7371151447296143, 5.0, 5.0, 5.0, 5.0, 5.0, 5.0, 5.0, 5.0, 5.0, 5.0, 5.0, 5.0, 5.0, 5.0, 5.0, 5.0, 5.0, 5.0, 5.0, 5.0]"
3.5915517807006836,1.017085075378418,-0.09032921493053436,0.10015920549631119,0.6526757478713989,-0.7643143534660339,0.9609254598617554,0.2701980769634247,-0.06012613698840141,21.76276397705078,-1.3108826875686646,"[2.9659883975982666, 2.8963661193847656, 2.8442440032958984, 2.9042809009552, 2.9695019721984863, 3.040386199951172, 5.0, 5.0, 5.0, 5.0, 5.0, 5.0, 2.6838552951812744, 2.4207634925842285, 2.3862204551696777, 2.3885529041290283, 2.3929507732391357, 2.3994295597076416, 2.4080119132995605, 2.7027196884155273, 5.0, 5.0, 5.0, 5.0, 5.0, 5.0, 5.0, 5.0, 5.0, 5.0, 5.0, 5.0, 5.0, 5.0, 5.0, 3.7698001861572266, 3.5579099655151367, 3.4775400161743164, 3.5400326251983643, 3.6080193519592285, 3.681948661804199, 5.0, 5.0, 5.0, 5.0, 5.0, 5.0, 5.0, 5.0, 5.0, 5.0, 5.0, 5.0, 5.0, 5.0, 5.0, 5.0, 5.0, 5.0, 5.0]"
3.5747900009155273,1.0380257368087769,-0.06256330013275146,0.051883384585380554,0.6757954955101013,-0.5839333534240723,0.958168089389801,0.2821984589099884,-0.04772646725177765,21.703920364379883,-1.0370333194732666,"[2.897130250930786, 2.8276121616363525, 2.8336541652679443, 2.892040967941284, 2.9554545879364014, 5.0, 5.0, 5.0, 5.0, 5.0, 5.0, 5.0, 2.5136618614196777, 2.326321840286255, 2.3257665634155273, 2.3271965980529785, 2.330630302429199, 2.3360776901245117, 2.3438303470611572, 5.0, 5.0, 5.0, 5.0, 5.0, 5.0, 5.0, 5.0, 5.0, 5.0, 5.0, 5.0, 5.0, 5.0, 5.0, 5.0, 5.0, 3.5355684757232666, 3.3704187870025635, 3.4290924072265625, 3.492940902709961, 3.5623695850372314, 5.0, 5.0, 5.0, 5.0, 5.0, 5.0, 5.0, 5.0, 5.0, 5.0, 5.0, 5.0, 5.0, 5.0, 5.0, 5.0, 5.0, 5.0, 5.0]"
3.5686328411102295,1.0249464511871338,-0.004459025338292122,-0.19947141408920288,0.5567020773887634,-0.04706219956278801,0.957616925239563,0.285807341337204,-0.03583135828375816,21.641387939453125,-0.7759386301040649,"[2.808056354522705, 2.787519931793213, 2.8411664962768555, 2.899432897567749, 2.962728500366211, 5.0, 5.0, 5.0, 5.0, 5.0, 5.0, 2.544311046600342, 2.270723819732666, 2.268019199371338, 2.2672650814056396, 2.2684476375579834, 2.2715630531311035, 2.2766456604003906, 2.479536294937134, 5.0, 5.0, 5.0, 5.0, 5.0, 5.0, 5.0, 5.0, 5.0, 5.0, 5.0, 5.0, 5.0, 5.0, 5.0, 5.0, 3.6606438159942627, 3.44878888130188, 3.2845325469970703, 3.3411200046539307, 3.40269136428833, 3.469648599624634, 5.0, 5.0, 5.0, 5.0, 5.0, 5.0, 5.0, 5.0, 5.0, 5.0, 5.0, 5.0, 5.0, 5.0, 5.0, 5.0, 5.0, 5.0, 5.0]"
3.566931962966919,1.0036016702651978,-0.009005041792988777,-0.036603521555662155,0.3054783046245575,-0.0191855076700449,0.9576866030693054,0.2864053249359131,-0.02843046933412552,21.57301139831543,-0.6135788559913635,"[2.7492835521698, 2.7988779544830322, 2.8527815341949463, 2.911341905593872, 5.0, 5.0, 5.0, 5.0, 5.0, 5.0, 5.0, 2.23041033744812, 2.2134673595428467, 2.210819721221924, 2.2100658416748047, 2.211195468902588, 2.2142136096954346, 2.319540500640869, 5.0, 5.0, 5.0, 5.0, 5.0, 5.0, 5.0, 5.0, 5.0, 5.0, 5.0, 5.0, 5.0, 5.0, 5.0, 5.0, 5.0, 3.5555756092071533, 3.3502602577209473, 3.207317352294922, 3.2624292373657227, 3.322397470474243, 3.3876070976257324, 5.0, 5.0, 5.0, 5.0, 5.0, 5.0, 5.0, 5.0, 5.0, 5.0, 5.0, 5.0, 5.0, 5.0, 5.0, 5.0, 5.0, 5.0, 5.0]"
3.5666773319244385,0.9820258021354675,0.00011190026998519897,0.06944766640663147,0.08221769332885742,-0.013738059438765049,0.9576537609100342,0.286734402179718,-0.026122741401195526,21.500593185424805,-0.5618462562561035,"[2.7588274478912354, 2.808590888977051, 2.8626766204833984, 5.0, 5.0, 5.0, 5.0, 5.0, 5.0, 5.0, 2.2187905311584473, 2.1616318225860596, 2.1571919918060303, 2.1546008586883545, 2.153846502304077, 2.154935121536255, 2.18696928024292, 2.4485819339752197, 5.0, 5.0, 5.0, 5.0, 5.0, 5.0, 5.0, 5.0, 5.0, 5.0, 5.0, 5.0, 5.0, 5.0, 5.0, 5.0, 5.0, 3.460554599761963, 3.260791063308716, 3.132668972015381, 3.1864125728607178, 3.2448923587799072, 3.3084805011749268, 5.0, 5.0, 5.0, 5.0, 5.0, 5.0, 5.0, 5.0, 5.0, 5.0, 5.0, 5.0, 5.0, 5.0, 5.0, 5.0, 5.0, 5.0, 5.0]"
3.566338300704956,0.962578296661377,-0.004418809898197651,0.1673753410577774,-0.11064258217811584,-0.05321982875466347,0.9573442339897156,0.28756746649742126,-0.028230322524905205,21.42540168762207,-0.605087161064148,"[2.7656729221343994, 2.815412759780884, 5.0, 5.0, 5.0, 5.0, 5.0, 5.0, 5.0, 2.2298264503479004, 2.1123030185699463, 2.106093168258667, 2.1017043590545654, 2.0991158485412598, 2.0983245372772217, 2.099307060241699, 2.2881085872650146, 5.0, 5.0, 5.0, 5.0, 5.0, 5.0, 5.0, 5.0, 5.0, 5.0, 5.0, 5.0, 5.0, 5.0, 5.0, 5.0, 5.0, 5.0, 3.3791401386260986, 3.183453321456909, 3.058673143386841, 3.111016035079956, 3.1679739952087402, 3.2299082279205322, 5.0, 5.0, 5.0, 5.0, 5.0, 5.0, 5.0, 5.0, 5.0, 5.0, 5.0, 5.0, 5.0, 5.0, 5.0, 5.0, 5.0, 5.0, 5.0]"
3.5676541328430176,0.9360405206680298,-0.06584702432155609,0.32894524931907654,-0.11165366321802139,0.04888606816530228,0.9573817253112793,0.28703758120536804,-0.03208296373486519,21.348913192749023,-0.6852893233299255,"[2.7731106281280518, 2.8229520320892334, 5.0, 5.0, 5.0, 5.0, 5.0, 5.0, 2.2365641593933105, 2.0638997554779053, 2.056074380874634, 2.0500431060791016, 2.0457763671875, 2.043264627456665, 2.0425009727478027, 2.1656763553619385, 5.0, 5.0, 5.0, 5.0, 5.0, 5.0, 5.0, 5.0, 5.0, 5.0, 5.0, 5.0, 5.0, 5.0, 5.0, 5.0, 5.0, 5.0, 5.0, 3.294813871383667, 3.1037979125976562, 2.9866855144500732, 3.037810802459717, 3.093445301055908, 3.1539390087127686, 5.0, 5.0, 5.0, 5.0, 5.0, 5.0, 5.0, 5.0, 5.0, 5.0, 5.0, 5.0, 5.0, 5.0, 5.0, 5.0, 5.0, 5.0, 5.0]"
3.564899444580078,0.9205198884010315,-0.1253165602684021,0.4418000280857086,-0.24966704845428467,-0.1738402396440506,0.9565162062644958,0.2891131341457367,-0.038603734225034714,21.269912719726562,-0.8217105865478516,"[2.774552583694458, 5.0, 5.0, 5.0, 5.0, 5.0, 5.0, 2.3316397666931152, 2.0180060863494873, 2.008441209793091, 2.000656843185425, 1.9946180582046509, 1.9903059005737305, 1.9877058267593384, 2.0450754165649414, 2.2342417240142822, 5.0, 5.0, 5.0, 5.0, 5.0, 5.0, 5.0, 5.0, 5.0, 5.0, 5.0, 5.0, 5.0, 5.0, 5.0, 5.0, 5.0, 5.0, 5.0, 3.2370541095733643, 3.047529935836792, 2.9105725288391113, 2.9600863456726074, 3.0139684677124023, 3.0725607872009277, 3.1362569332122803, 5.0, 5.0, 5.0, 5.0, 5.0, 5.0, 5.0, 5.0, 5.0, 5.0, 5.0, 5.0, 5.0, 5.0, 5.0, 5.0, 5.0, 5.0]"
3.558884859085083,0.902683436870575,-0.2282823920249939,0.5290549397468567,-0.512326717376709,-0.14335106313228607,0.955204427242279,0.2916819751262665,-0.05005922168493271,21.184831619262695,-1.061827540397644,"[5.0, 5.0, 5.0, 5.0, 5.0, 5.0, 5.0, 1.9749009609222412, 1.963594913482666, 1.9540659189224243, 1.9462825059890747, 1.9401979446411133, 1.9357914924621582, 1.9383872747421265, 2.097429037094116, 5.0, 5.0, 5.0, 5.0, 5.0, 5.0, 5.0, 5.0, 5.0, 5.0, 5.0, 5.0, 5.0, 5.0, 5.0, 5.0, 5.0, 5.0, 5.0, 5.0, 3.193751096725464, 3.004077672958374, 2.8383493423461914, 2.883502244949341, 2.9356281757354736, 2.9923183917999268, 3.053948402404785, 5.0, 5.0, 5.0, 5.0, 5.0, 5.0, 5.0, 5.0, 5.0, 5.0, 5.0, 5.0, 5.0, 5.0, 5.0, 5.0, 5.0, 5.0]"
3.5541629791259766,0.8862525820732117,-0.2320471554994583,0.8425071835517883,-0.035555582493543625,-0.24739661812782288,0.9537020921707153,0.2952095568180084,-0.05747568607330322,21.102602005004883,-1.2148950099945068,"[5.0, 5.0, 5.0, 5.0, 5.0, 5.0, 1.9314097166061401, 1.9183491468429565, 1.9070782661437988, 1.8975485563278198, 1.8897048234939575, 1.8835166692733765, 1.8789633512496948, 1.9804661273956299, 2.139408826828003, 5.0, 5.0, 5.0, 5.0, 5.0, 5.0, 5.0, 5.0, 5.0, 5.0, 5.0, 5.0, 5.0, 5.0, 5.0, 5.0, 5.0, 5.0, 5.0, 5.0, 5.0, 2.969771385192871, 2.8032732009887695, 2.80062198638916, 2.850654125213623, 2.9050753116607666, 2.964240550994873, 5.0, 5.0, 5.0, 5.0, 5.0, 5.0, 5.0, 5.0, 5.0, 5.0, 5.0, 5.0, 5.0, 5.0, 5.0, 5.0, 5.0, 5.0]"
3.5491554737091064,0.8661088347434998,-0.23619188368320465,0.6091532111167908,0.06569983065128326,-0.17751455307006836,0.9525439739227295,0.2982967793941498,-0.06065189465880394,21.025407791137695,-1.2775830030441284,"[5.0, 5.0, 5.0, 5.0, 5.0, 1.8881651163101196, 1.8734666109085083, 1.8605694770812988, 1.8494048118591309, 1.8399227857589722, 1.8320854902267456, 1.825855016708374, 1.8912277221679688, 2.0276079177856445, 5.0, 5.0, 5.0, 5.0, 5.0, 5.0, 5.0, 5.0, 5.0, 5.0, 5.0, 5.0, 5.0, 5.0, 5.0, 5.0, 5.0, 5.0, 5.0, 5.0, 5.0, 5.0, 2.9243597984313965, 2.7583396434783936, 2.7173824310302734, 2.7653865814208984, 2.817601203918457, 2.8743717670440674, 5.0, 5.0, 5.0, 5.0, 5.0, 5.0, 5.0, 5.0, 5.0, 5.0, 5.0, 5.0, 5.0, 5.0, 5.0, 5.0, 5.0, 5.0]"
3.5474743843078613,0.8344437479972839,-0.2700992524623871,0.57688307762146,0.21770566701889038,-0.05358724296092987,0.9521986246109009,0.2993902266025543,-0.060688167810440063,20.95255470275879,-1.2739204168319702,"[5.0, 5.0, 5.0, 5.0, 1.8442834615707397, 1.828155517578125, 1.8138240575790405, 1.8012397289276123, 1.790330410003662, 1.7810556888580322, 1.7733688354492188, 1.8277883529663086, 1.948144555091858, 2.0876665115356445, 5.0, 5.0, 5.0, 5.0, 5.0, 5.0, 5.0, 5.0, 5.0, 5.0, 5.0, 5.0, 5.0, 5.0, 5.0, 5.0, 5.0, 5.0, 5.0, 5.0, 5.0, 5.0, 2.859236001968384, 2.696089506149292, 2.6368651390075684, 2.683138847351074, 2.733473539352417, 2.788191318511963, 2.847670078277588, 5.0, 5.0, 5.0, 5.0, 5.0, 5.0, 5.0, 5.0, 5.0, 5.0, 5.0, 5.0, 5.0, 5.0, 5.0, 5.0, 5.0]"
3.548229932785034,0.7909591197967529,-0.32289761304855347,0.7503389120101929,0.22621673345565796,0.04606242850422859,0.9525319933891296,0.2983534634113312,-0.06056273728609085,20.880102157592773,-1.2668818235397339,"[5.0, 5.0, 5.0, 1.7996013164520264, 1.7822133302688599, 1.766645908355713, 1.7528204917907715, 1.7406625747680664, 1.7301342487335205, 1.7211730480194092, 1.7801250219345093, 1.8882976770401, 2.012540340423584, 5.0, 5.0, 5.0, 5.0, 5.0, 5.0, 5.0, 5.0, 5.0, 5.0, 5.0, 5.0, 5.0, 5.0, 5.0, 5.0, 5.0, 5.0, 5.0, 5.0, 5.0, 5.0, 5.0, 2.784470558166504, 2.6256260871887207, 2.558762788772583, 2.6035516262054443, 2.65226674079895, 2.7052245140075684, 2.762782096862793, 5.0, 5.0, 5.0, 5.0, 5.0, 5.0, 5.0, 5.0, 5.0, 5.0, 5.0, 5.0, 5.0, 5.0, 5.0, 5.0, 5.0]"
3.5502796173095703,0.7279433012008667,-0.38215819001197815,1.2934097051620483,0.0340232253074646,0.2087804079055786,0.9535639882087708,0.2939295172691345,-0.06573380529880524,20.800477981567383,-1.3702583312988281,"[5.0, 5.0, 1.7539503574371338, 1.7354966402053833, 1.7188600301742554, 1.7039759159088135, 1.6907646656036377, 1.6791526079177856, 1.6691031455993652, 1.742867112159729, 1.8413095474243164, 1.953485131263733, 5.0, 5.0, 5.0, 5.0, 5.0, 5.0, 5.0, 5.0, 5.0, 5.0, 5.0, 5.0, 5.0, 5.0, 5.0, 5.0, 5.0, 5.0, 5.0, 5.0, 5.0, 5.0, 5.0, 5.0, 2.71187686920166, 2.55777907371521, 2.484250545501709, 2.5278525352478027, 2.5752716064453125, 2.6268177032470703, 2.682839870452881, 5.0, 5.0, 5.0, 5.0, 5.0, 5.0, 5.0, 5.0, 5.0, 5.0, 5.0, 5.0, 5.0, 5.0, 5.0, 5.0, 5.0]"
3.549853801727295,0.6660215854644775,-0.3856903314590454,1.9689805507659912,-0.07207141816616058,-0.009934235364198685,0.953693687915802,0.2907536029815674,-0.07700955867767334,20.71078872680664,-1.5996793508529663,"[1.732224941253662, 1.7105869054794312, 1.690891981124878, 1.6730332374572754, 1.6569331884384155, 1.6425174474716187, 1.6297053098678589, 1.6197490692138672, 1.6984689235687256, 1.786944031715393, 1.8869621753692627, 5.0, 5.0, 5.0, 5.0, 5.0, 5.0, 5.0, 5.0, 5.0, 5.0, 5.0, 5.0, 5.0, 5.0, 5.0, 5.0, 5.0, 5.0, 5.0, 5.0, 5.0, 5.0, 5.0, 5.0, 5.0, 2.6786909103393555, 2.5254852771759033, 2.404411792755127, 2.4463815689086914, 2.49202561378479, 2.5416393280029297, 2.595552921295166, 2.654146909713745, 5.0, 5.0, 5.0, 5.0, 5.0, 5.0, 5.0, 5.0, 5.0, 5.0, 5.0, 5.0, 5.0, 5.0, 5.0, 5.0]"
3.548926830291748,0.6046684980392456,-0.36655193567276,2.334063768386841,0.06241682544350624,-0.12966389954090118,0.9530919194221497,0.2891741693019867,-0.08940926194190979,20.616764068603516,-1.850741982460022,"[1.6698582172393799, 1.6487141847610474, 1.629459023475647, 1.611985683441162, 1.5962133407592773, 1.5820560455322266, 1.5830391645431519, 1.653932809829712, 1.7330769300460815, 1.821874976158142, 5.0, 5.0, 5.0, 5.0, 5.0, 5.0, 5.0, 5.0, 5.0, 5.0, 5.0, 5.0, 5.0, 5.0, 5.0, 5.0, 5.0, 5.0, 5.0, 5.0, 5.0, 5.0, 5.0, 5.0, 5.0, 5.0, 2.675734758377075, 2.520552635192871, 2.3847920894622803, 2.35817551612854, 2.4015259742736816, 2.448639154434204, 2.4998373985290527, 2.5554709434509277, 5.0, 5.0, 5.0, 5.0, 5.0, 5.0, 5.0, 5.0, 5.0, 5.0, 5.0, 5.0, 5.0, 5.0, 5.0, 5.0]"
3.546654224395752,0.5438225865364075,-0.3680233657360077,2.4785895347595215,0.06434347480535507,-0.2675458788871765,0.9517769813537598,0.2892325818538666,-0.10229808837175369,20.519001007080078,-2.1101250648498535,"[1.609975814819336, 1.589128851890564, 1.5701082944869995, 1.552816390991211, 1.537171483039856, 1.5489475727081299, 1.6127113103866577, 1.6834691762924194, 1.7623186111450195, 5.0, 5.0, 5.0, 5.0, 5.0, 5.0, 5.0, 5.0, 5.0, 5.0, 5.0, 5.0, 5.0, 5.0, 5.0, 5.0, 5.0, 5.0, 5.0, 5.0, 5.0, 5.0, 5.0, 5.0, 5.0, 5.0, 5.0, 5.0, 2.538058280944824, 2.398745059967041, 2.2762527465820312, 2.3063085079193115, 2.350532054901123, 2.3985848426818848, 2.4507930278778076, 2.5075294971466064, 5.0, 5.0, 5.0, 5.0, 5.0, 5.0, 5.0, 5.0, 5.0, 5.0, 5.0, 5.0, 5.0, 5.0, 5.0]"
3.539232015609741,0.4923632740974426,-0.4266566336154938,2.254091501235962,-0.28526580333709717,-0.5346859693527222,0.9484973549842834,0.29339706897735596,-0.11945980787277222,20.407638549804688,-2.4554762840270996,"[1.554795503616333, 1.5338956117630005, 1.5147908926010132, 1.4973914623260498, 1.5105102062225342, 1.5671210289001465, 1.6295522451400757, 1.6986737251281738, 1.7754758596420288, 5.0, 5.0, 5.0, 5.0, 5.0, 5.0, 5.0, 5.0, 5.0, 5.0, 5.0, 5.0, 5.0, 5.0, 5.0, 5.0, 5.0, 5.0, 5.0, 5.0, 5.0, 5.0, 5.0, 5.0, 5.0, 5.0, 5.0, 5.0, 5.0, 2.447389841079712, 2.3181707859039307, 2.2078440189361572, 2.2488059997558594, 2.2933154106140137, 2.3416731357574463, 2.394209623336792, 2.4513189792633057, 5.0, 5.0, 5.0, 5.0, 5.0, 5.0, 5.0, 5.0, 5.0, 5.0, 5.0, 5.0, 5.0, 5.0]"
3.5261788368225098,0.45052990317344666,-0.5272877812385559,1.6669594049453735,-0.6464440822601318,-0.7427772879600525,0.9427975416183472,0.30222976207733154,-0.14067594707012177,20.278818130493164,-2.8813958168029785,"[1.5032044649124146, 1.4819990396499634, 1.4625900983810425, 1.466895580291748, 1.516417145729065, 1.5707337856292725, 1.6304731369018555, 1.6964201927185059, 5.0, 5.0, 5.0, 5.0, 5.0, 5.0, 5.0, 5.0, 5.0, 5.0, 5.0, 5.0, 5.0, 5.0, 5.0, 5.0, 5.0, 5.0, 5.0, 5.0, 5.0, 5.0, 5.0, 5.0, 5.0, 5.0, 5.0, 5.0, 5.0, 5.0, 5.0, 2.3893887996673584, 2.2658753395080566, 2.156755208969116, 2.1883466243743896, 2.232771635055542, 2.281038999557495, 2.3334872722625732, 2.3905162811279297, 5.0, 5.0, 5.0, 5.0, 5.0, 5.0, 5.0, 5.0, 5.0, 5.0, 5.0, 5.0, 5.0]"
3.5124032497406006,0.40412235260009766,-0.6309388875961304,1.1318961381912231,-0.6129614114761353,-0.6958105564117432,0.9364084601402283,0.3122963011264801,-0.1600312441587448,20.147632598876953,-3.266347885131836,"[1.4504724740982056, 1.4290812015533447, 1.4276909828186035, 1.4711796045303345, 1.5186848640441895, 1.5706731081008911, 1.6277223825454712, 5.0, 5.0, 5.0, 5.0, 5.0, 5.0, 5.0, 5.0, 5.0, 5.0, 5.0, 5.0, 5.0, 5.0, 5.0, 5.0, 5.0, 5.0, 5.0, 5.0, 5.0, 5.0, 5.0, 5.0, 5.0, 5.0, 5.0, 4.959686279296875, 5.0, 5.0, 5.0, 5.0, 2.4603073596954346, 2.3261301517486572, 2.2081830501556396, 2.1038341522216797, 2.1296064853668213, 2.1740634441375732, 2.2223732471466064, 2.274878740310669, 2.331990957260132, 2.394169330596924, 5.0, 5.0, 5.0, 5.0, 5.0, 5.0, 5.0, 5.0, 5.0, 5.0, 5.0]"
3.502755641937256,0.359896183013916,-0.6537262797355652,0.7789012789726257,-0.23341089487075806,-0.7614346742630005,0.9303690791130066,0.32398632168769836,-0.17159852385520935,20.038249969482422,-3.4903063774108887,"[1.395592212677002, 1.394923210144043, 1.4335248470306396, 1.4755405187606812, 1.5213708877563477, 1.5714383125305176, 1.6262787580490112, 5.0, 5.0, 5.0, 5.0, 5.0, 5.0, 5.0, 5.0, 5.0, 5.0, 5.0, 5.0, 5.0, 5.0, 5.0, 5.0, 5.0, 5.0, 5.0, 5.0, 5.0, 5.0, 5.0, 5.0, 5.0, 5.0, 5.0, 4.877756595611572, 4.910693645477295, 4.955009937286377, 5.0, 5.0, 5.0, 2.3711047172546387, 2.2450666427612305, 2.134035348892212, 2.0356204509735107, 2.068864345550537, 2.1132538318634033, 2.1614911556243896, 2.2139410972595215, 2.2710139751434326, 2.333181381225586, 5.0, 5.0, 5.0, 5.0, 5.0, 5.0, 5.0, 5.0, 5.0, 5.0]"
3.4935827255249023,0.31733787059783936,-0.6803443431854248,0.5809177756309509,-0.22110575437545776,-0.792660117149353,0.9241268634796143,0.3371037542819977,-0.17986249923706055,19.93950080871582,-3.6458256244659424,"[1.3649932146072388, 1.3993607759475708, 1.4366799592971802, 1.477248191833496, 1.521441102027893, 1.5696529150009155, 5.0, 5.0, 5.0, 5.0, 5.0, 5.0, 5.0, 5.0, 5.0, 5.0, 5.0, 5.0, 5.0, 5.0, 5.0, 5.0, 5.0, 5.0, 5.0, 5.0, 5.0, 5.0, 5.0, 5.0, 5.0, 5.0, 5.0, 5.0, 4.964900970458984, 4.8194260597229, 4.860415458679199, 4.906373023986816, 5.0, 5.0, 5.0, 2.2795424461364746, 2.1615350246429443, 2.057351589202881, 1.9654819965362549, 2.0061452388763428, 2.0503334999084473, 2.098363161087036, 2.150599479675293, 2.2074694633483887, 2.269455909729004, 5.0, 5.0, 5.0, 5.0, 5.0, 5.0, 5.0, 5.0, 5.0]"
3.492321014404297,0.2771395742893219,-0.6449593901634216,0.19308531284332275,0.23226147890090942,-0.7720702886581421,0.918890118598938,0.3512481153011322,-0.1796262562274933,19.87290382385254,-3.6287169456481934,"[1.3707818984985352, 1.4043278694152832, 1.4407387971878052, 1.480284571647644, 1.523325800895691, 5.0, 5.0, 5.0, 5.0, 5.0, 5.0, 5.0, 5.0, 5.0, 5.0, 5.0, 5.0, 5.0, 5.0, 5.0, 5.0, 5.0, 5.0, 5.0, 5.0, 5.0, 5.0, 5.0, 5.0, 5.0, 5.0, 5.0, 5.0, 5.0, 5.0, 4.767505168914795, 4.764345169067383, 4.8069329261779785, 4.871050834655762, 5.0, 5.0, 5.0, 2.1658501625061035, 2.0577800273895264, 1.9620838165283203, 1.9011280536651611, 1.9415370225906372, 1.9854525327682495, 2.033198356628418, 2.0851457118988037, 2.141725778579712, 2.203437328338623, 5.0, 5.0, 5.0, 5.0, 5.0, 5.0, 5.0, 5.0]"
3.4897148609161377,0.232804074883461,-0.663886308670044,-0.10041611641645432,-0.052363913506269455,-0.6543315649032593,0.9136857390403748,0.3648621737957001,-0.1790357083082199,19.8082332611084,-3.6046228408813477,"[1.3737789392471313, 1.4065406322479248, 1.442088007926941, 1.4806809425354004, 5.0, 5.0, 5.0, 5.0, 5.0, 5.0, 5.0, 5.0, 5.0, 5.0, 5.0, 5.0, 5.0, 5.0, 5.0, 5.0, 5.0, 5.0, 5.0, 5.0, 5.0, 5.0, 5.0, 5.0, 5.0, 5.0, 5.0, 5.0, 5.0, 5.0, 5.0, 4.7856669425964355, 4.67473030090332, 4.714471340179443, 4.759030342102051, 5.0, 5.0, 5.0, 2.1603586673736572, 2.049043893814087, 1.9507464170455933, 1.8634361028671265, 1.8396795988082886, 1.8800723552703857, 1.9239764213562012, 1.971726894378662, 2.0237109661102295, 2.080369472503662, 2.1422157287597656, 5.0, 5.0, 5.0, 5.0, 5.0, 5.0, 5.0]"
3.4876503944396973,0.1855706125497818,-0.6717965006828308,-0.4560335576534271,-0.18276168406009674,-0.539775013923645,0.9084984064102173,0.37761935591697693,-0.17898061871528625,19.742191314697266,-3.5914626121520996,"[1.37343168258667, 1.4054416418075562, 1.4401522874832153, 5.0, 5.0, 5.0, 5.0, 5.0, 5.0, 5.0, 5.0, 5.0, 5.0, 5.0, 5.0, 5.0, 5.0, 5.0, 5.0, 5.0, 5.0, 5.0, 5.0, 5.0, 5.0, 5.0, 5.0, 5.0, 5.0, 5.0, 5.0, 5.0, 5.0, 5.0, 5.0, 4.79209041595459, 4.592148780822754, 4.629603385925293, 4.671739101409912, 5.0, 5.0, 5.0, 5.0, 2.0314836502075195, 1.9311813116073608, 1.842293620109558, 1.7630995512008667, 1.78202223777771, 1.822705864906311, 1.866944670677185, 1.9150899648666382, 1.9675419330596924, 2.024770975112915, 2.087310552597046, 5.0, 5.0, 5.0, 5.0, 5.0, 5.0]"
3.483245849609375,0.13753457367420197,-0.7403376698493958,-0.8837763071060181,-0.4145781993865967,-0.4092327058315277,0.9033464193344116,0.38960742950439453,-0.1793629676103592,19.675067901611328,-3.5871520042419434,"[1.3700079917907715, 1.4012997150421143, 5.0, 5.0, 5.0, 5.0, 5.0, 5.0, 5.0, 5.0, 5.0, 5.0, 5.0, 5.0, 5.0, 5.0, 5.0, 5.0, 5.0, 5.0, 5.0, 5.0, 5.0, 5.0, 5.0, 5.0, 5.0, 5.0, 5.0, 5.0, 5.0, 5.0, 5.0, 5.0, 5.0, 4.7831130027771, 4.550393104553223, 4.552518844604492, 4.59281587600708, 4.637874603271484, 5.0, 5.0, 5.0, 2.0022029876708984, 1.900747537612915, 1.8110291957855225, 1.7312374114990234, 1.690896987915039, 1.728916049003601, 1.770257592201233, 1.8152414560317993, 1.8642412424087524, 1.91769278049469, 1.9760843515396118, 5.0, 5.0, 5.0, 5.0, 5.0, 5.0]"
3.4799399375915527,0.08541709184646606,-0.7925351858139038,-1.2887423038482666,-0.3334442377090454,-0.19222503900527954,0.8996074199676514,0.3995845913887024,-0.1761772632598877,19.62160873413086,-3.5118117332458496,"[1.367761492729187, 5.0, 5.0, 5.0, 5.0, 5.0, 5.0, 5.0, 5.0, 5.0, 5.0, 5.0, 5.0, 5.0, 5.0, 5.0, 5.0, 5.0, 5.0, 5.0, 5.0, 5.0, 5.0, 5.0, 5.0, 5.0, 5.0, 5.0, 5.0, 5.0, 5.0, 5.0, 5.0, 5.0, 5.0, 4.722747325897217, 4.48830509185791, 4.481339931488037, 4.52048397064209, 4.564298152923584, 5.0, 5.0, 5.0, 1.947265863418579, 1.8472461700439453, 1.7588911056518555, 1.680388331413269, 1.6102851629257202, 1.6417829990386963, 1.6808067560195923, 1.7232754230499268, 1.7695329189300537, 1.8199926614761353, 1.8751157522201538, 1.935451865196228, 5.0, 5.0, 5.0, 5.0, 5.0]"
3.481165885925293,0.008656226098537445,-0.8088219165802002,-1.2687982320785522,-0.019786955788731575,0.26265400648117065,0.8998969793319702,0.40267208218574524,-0.1674526035785675,19.587873458862305,-3.3270177841186523,"[5.0, 5.0, 5.0, 5.0, 5.0, 5.0, 5.0, 5.0, 5.0, 5.0, 5.0, 5.0, 5.0, 5.0, 5.0, 5.0, 5.0, 5.0, 5.0, 5.0, 5.0, 5.0, 5.0, 5.0, 5.0, 5.0, 5.0, 5.0, 5.0, 5.0, 5.0, 5.0, 5.0, 5.0, 5.0, 4.5703325271606445, 4.3815155029296875, 4.4162092208862305, 4.455339431762695, 5.0, 5.0, 5.0, 5.0, 1.856868863105774, 1.7627159357070923, 1.679448127746582, 1.6053868532180786, 1.5391889810562134, 1.5625325441360474, 1.6000117063522339, 1.6408051252365112, 1.685256004333496, 1.733756184577942, 1.7867555618286133, 1.8448001146316528, 5.0, 5.0, 5.0, 5.0, 5.0]"
3.4862921237945557,-0.0887695774435997,-0.811991274356842,-1.235167145729065,0.292076051235199,0.6056365966796875,0.9041657447814941,0.39873191714286804,-0.15328732132911682,19.57036590576172,-3.035766839981079,"[5.0, 5.0, 5.0, 5.0, 5.0, 5.0, 5.0, 5.0, 5.0, 5.0, 5.0, 5.0, 5.0, 5.0, 5.0, 5.0, 5.0, 5.0, 5.0, 5.0, 5.0, 5.0, 5.0, 5.0, 5.0, 5.0, 5.0, 5.0, 5.0, 5.0, 5.0, 5.0, 5.0, 5.0, 4.5794477462768555, 4.34389591217041, 4.3199992179870605, 4.355714321136475, 4.395857810974121, 5.0, 5.0, 5.0, 5.0, 1.7421104907989502, 1.6570085287094116, 1.5815088748931885, 1.5141760110855103, 1.4554176330566406, 1.4889975786209106, 1.5255283117294312, 1.565310001373291, 1.6086781024932861, 1.656027913093567, 1.707821011543274, 1.7645847797393799, 5.0, 5.0, 5.0, 5.0, 5.0]"
3.493452310562134,-0.2011362612247467,-0.8035311698913574,-1.1097559928894043,0.5256206393241882,0.8371705412864685,0.9110670685768127,0.38938379287719727,-0.13541381061077118,19.55942153930664,-2.673238754272461,"[5.0, 5.0, 5.0, 5.0, 5.0, 5.0, 5.0, 5.0, 5.0, 5.0, 5.0, 5.0, 5.0, 5.0, 5.0, 5.0, 5.0, 5.0, 5.0, 5.0, 5.0, 5.0, 5.0, 5.0, 5.0, 5.0, 5.0, 5.0, 5.0, 5.0, 5.0, 5.0, 5.0, 5.0, 4.29747200012207, 4.228313446044922, 4.261465072631836, 4.298882007598877, 5.0, 5.0, 5.0, 5.0, 1.7064485549926758, 1.6216298341751099, 1.546479344367981, 1.4795355796813965, 1.4196146726608276, 1.385355830192566, 1.418360948562622, 1.4542872905731201, 1.493424654006958, 1.5361329317092896, 1.5827983617782593, 1.6339024305343628, 1.6899852752685547, 5.0, 5.0, 5.0, 5.0, 5.0]"
3.497598171234131,-0.32640230655670166,-0.8177393674850464,-0.9856894016265869,0.4846620261669159,1.0479907989501953,0.9193482995033264,0.3752962350845337,-0.11811573058366776,19.540771484375,-2.32434344291687,"[5.0, 5.0, 5.0, 5.0, 5.0, 5.0, 5.0, 5.0, 5.0, 5.0, 5.0, 5.0, 5.0, 5.0, 5.0, 5.0, 5.0, 5.0, 5.0, 5.0, 5.0, 5.0, 5.0, 5.0, 5.0, 5.0, 5.0, 5.0, 5.0, 5.0, 5.0, 5.0, 5.0, 4.228605270385742, 4.142381191253662, 4.173678398132324, 4.209107398986816, 5.0, 5.0, 5.0, 5.0, 5.0, 1.5814563035964966, 1.5075963735580444, 1.4418329000473022, 1.3829983472824097, 1.3301334381103516, 1.318074345588684, 1.350765585899353, 1.3863729238510132, 1.4252053499221802, 1.467622995376587, 1.5140354633331299, 1.5649381875991821, 1.6209043264389038, 5.0, 5.0, 5.0, 5.0, 5.0]"
3.497614622116089,-0.4606114327907562,-0.8385607004165649,-0.8218206763267517,0.43189701437950134,1.181092381477356,0.9281651973724365,0.35761940479278564,-0.10304126888513565,19.511659622192383,-2.0212655067443848,"[5.0, 5.0, 5.0, 5.0, 5.0, 5.0, 5.0, 5.0, 5.0, 5.0, 5.0, 5.0, 5.0, 5.0, 5.0, 5.0, 5.0, 5.0, 5.0, 5.0, 5.0, 5.0, 5.0, 5.0, 5.0, 5.0, 5.0, 5.0, 5.0, 5.0, 5.0, 5.0, 4.152458190917969, 4.060911655426025, 4.090836048126221, 4.12477970123291, 5.0, 5.0, 5.0, 5.0, 5.0, 1.5419832468032837, 1.4697459936141968, 1.4054423570632935, 1.3479211330413818, 1.2962439060211182, 1.2496464252471924, 1.2521508932113647, 1.2846620082855225, 1.320112705230713, 1.35881769657135, 1.4011591672897339, 1.4475727081298828, 1.4985699653625488, 1.5547689199447632, 5.0, 5.0, 5.0, 5.0, 5.0]"
3.4899024963378906,-0.6003068089485168,-0.8907263875007629,-0.6170241236686707,0.20117084681987762,1.2526718378067017,0.9366917014122009,0.3375876843929291,-0.09296858310699463,19.468948364257812,-1.8178737163543701,"[5.0, 5.0, 5.0, 5.0, 5.0, 5.0, 5.0, 5.0, 5.0, 5.0, 5.0, 5.0, 5.0, 5.0, 5.0, 5.0, 5.0, 5.0, 5.0, 5.0, 5.0, 5.0, 5.0, 5.0, 5.0, 5.0, 5.0, 5.0, 5.0, 5.0, 5.0, 4.0873942375183105, 3.9833943843841553, 4.012223720550537, 4.044975280761719, 5.0, 5.0, 5.0, 5.0, 5.0, 1.5093756914138794, 1.438415288925171, 1.3752641677856445, 1.318782925605774, 1.2680563926696777, 1.2223190069198608, 1.1809492111206055, 1.186388611793518, 1.2187379598617554, 1.254052996635437, 1.2926764488220215, 1.3349984884262085, 1.3814988136291504, 1.432718276977539, 1.489317536354065, 5.0, 5.0, 5.0, 5.0, 5.0]"
3.4751169681549072,-0.7406080961227417,-0.950863778591156,-0.412415087223053,0.04185347259044647,1.2424501180648804,0.9444350004196167,0.3167751729488373,-0.0877261534333229,19.41606903076172,-1.70988929271698,"[5.0, 5.0, 5.0, 5.0, 5.0, 5.0, 5.0, 5.0, 5.0, 5.0, 5.0, 5.0, 5.0, 5.0, 5.0, 5.0, 5.0, 5.0, 5.0, 5.0, 5.0, 5.0, 5.0, 5.0, 5.0, 5.0, 5.0, 5.0, 5.0, 5.0, 4.042314529418945, 3.9076945781707764, 3.9354727268218994, 3.9670827388763428, 4.305635929107666, 5.0, 5.0, 5.0, 5.0, 5.0, 1.416208028793335, 1.3535948991775513, 1.2976253032684326, 1.2473779916763306, 1.2020885944366455, 1.1611348390579224, 1.12399423122406, 1.1185506582260132, 1.15056312084198, 1.1855707168579102, 1.2239257097244263, 1.2660456895828247, 1.3124364614486694, 1.3636798858642578, 1.420478105545044, 5.0, 5.0, 5.0, 5.0, 5.0]"
3.4544613361358643,-0.8787865042686462,-1.006091594696045,-0.21411843597888947,-0.0541490837931633,1.1846600770950317,0.9512065649032593,0.29634466767311096,-0.08594018965959549,19.357025146484375,-1.6697241067886353,"[5.0, 5.0, 5.0, 5.0, 5.0, 5.0, 5.0, 5.0, 5.0, 5.0, 5.0, 5.0, 5.0, 5.0, 5.0, 5.0, 5.0, 5.0, 5.0, 5.0, 5.0, 5.0, 5.0, 5.0, 5.0, 5.0, 5.0, 5.0, 5.0, 4.019448280334473, 3.8319613933563232, 3.858574628829956, 3.8889293670654297, 3.923163890838623, 5.0, 5.0, 5.0, 5.0, 5.0, 5.0, 1.3407022953033447, 1.2846276760101318, 1.2343201637268066, 1.189011573791504, 1.1480618715286255, 1.1109408140182495, 1.0772007703781128, 1.0467864274978638, 1.0781396627426147, 1.1124802827835083, 1.1501895189285278, 1.1916955709457397, 1.2375203371047974, 1.288299560546875, 1.3447779417037964, 1.4078707695007324, 5.0, 5.0, 5.0, 5.0]"
3.426471710205078,-1.0182501077651978,-1.0530855655670166,-0.030738677829504013,-0.18725380301475525,1.1789964437484741,0.9571929574012756,0.27586129307746887,-0.08764756470918655,19.29220962524414,-1.6974478960037231,"[5.0, 5.0, 5.0, 5.0, 5.0, 5.0, 5.0, 5.0, 5.0, 5.0, 5.0, 5.0, 5.0, 5.0, 5.0, 5.0, 5.0, 5.0, 5.0, 5.0, 5.0, 5.0, 5.0, 5.0, 5.0, 5.0, 5.0, 5.0, 4.014878273010254, 3.804111957550049, 3.7821619510650635, 3.8112242221832275, 3.8440685272216797, 5.0, 5.0, 5.0, 5.0, 5.0, 5.0, 5.0, 1.278833031654358, 1.2280174493789673, 1.1822898387908936, 1.1409926414489746, 1.103582501411438, 1.0696024894714355, 1.0386688709259033, 1.0104480981826782, 1.001721739768982, 1.0350682735443115, 1.0717583894729614, 1.1122573614120483, 1.1571033000946045, 1.206954002380371, 1.2626005411148071, 1.3250317573547363, 5.0, 5.0, 5.0, 5.0]"
3.3906173706054688,-1.157638430595398,-1.1009135246276855,0.059328172355890274,-0.3108906149864197,1.1613526344299316,0.9624117016792297,0.25539928674697876,-0.09238394349813461,19.222219467163086,-1.7834515571594238,"[5.0, 5.0, 5.0, 5.0, 5.0, 5.0, 5.0, 5.0, 5.0, 5.0, 5.0, 5.0, 5.0, 5.0, 5.0, 5.0, 5.0, 5.0, 5.0, 5.0, 5.0, 5.0, 5.0, 5.0, 5.0, 5.0, 5.0, 5.0, 3.8109164237976074, 3.7066152095794678, 3.7343809604644775, 3.765829086303711, 3.9887402057647705, 5.0, 5.0, 5.0, 5.0, 5.0, 5.0, 5.0, 1.2273569107055664, 1.1808542013168335, 1.1388994455337524, 1.100927710533142, 1.0664606094360352, 1.0351043939590454, 1.0065127611160278, 0.9804033041000366, 0.9565218687057495, 0.9533235430717468, 0.9886248707771301, 1.0276979207992554, 1.0710992813110352, 1.1195236444473267, 1.1738018989562988, 1.2349693775177002, 1.3043336868286133, 5.0, 5.0, 5.0]"
3.349874496459961,-1.2897682189941406,-1.1355528831481934,0.026478033512830734,-0.3470670282840729,1.0636265277862549,0.966676652431488,0.2364097386598587,-0.09821734577417374,19.15016746520996,-1.890017032623291,"[5.0, 5.0, 5.0, 5.0, 5.0, 5.0, 5.0, 5.0, 5.0, 5.0, 5.0, 5.0, 5.0, 5.0, 5.0, 5.0, 5.0, 5.0, 5.0, 5.0, 5.0, 5.0, 5.0, 5.0, 5.0, 5.0, 5.0, 3.8350143432617188, 3.6391642093658447, 3.6569066047668457, 3.6868135929107666, 3.720447301864624, 5.0, 5.0, 5.0, 5.0, 5.0, 5.0, 5.0, 5.0, 1.1845719814300537, 1.14157235622406, 1.1026955842971802, 1.067446231842041, 1.0353968143463135, 1.0062024593353271, 0.9795520901679993, 0.9551889300346375, 0.9328947067260742, 0.912477970123291, 0.8987799286842346, 0.9357740879058838, 0.9770164489746094, 1.023197889328003, 1.0751888751983643, 1.1340619325637817, 1.201189398765564, 1.2783167362213135, 5.0, 5.0]"
3.309164047241211,-1.4074174165725708,-1.153001070022583,-0.21219564974308014,-0.24410080909729004,0.9347362518310547,0.9701323509216309,0.22014537453651428,-0.10187796503305435,19.082529067993164,-1.9542574882507324,"[5.0, 5.0, 5.0, 5.0, 5.0, 5.0, 5.0, 5.0, 5.0, 5.0, 5.0, 5.0, 5.0, 5.0, 5.0, 5.0, 5.0, 5.0, 5.0, 5.0, 5.0, 5.0, 5.0, 5.0, 5.0, 5.0, 3.871875047683716, 3.668391227722168, 3.5776073932647705, 3.605741024017334, 3.637481212615967, 3.6729862689971924, 5.0, 5.0, 5.0, 5.0, 5.0, 5.0, 5.0, 5.0, 5.0, 1.106626033782959, 1.0703506469726562, 1.03740656375885, 1.007420301437378, 0.9800666570663452, 0.9550808668136597, 0.9322208166122437, 0.911286473274231, 0.8921085000038147, 0.8745366930961609, 0.8584274053573608, 0.8732150197029114, 0.9160869717597961, 0.964564323425293, 1.0197285413742065, 1.0829797983169556, 1.1561106443405151, 1.2415306568145752, 5.0]"
3.263817071914673,-1.5224765539169312,-1.1628062725067139,-0.47173425555229187,-0.19414594769477844,1.0455079078674316,0.9736238718032837,0.20344005525112152,-0.10328897088766098,19.019927978515625,-1.9751129150390625,"[5.0, 5.0, 5.0, 5.0, 5.0, 5.0, 5.0, 5.0, 5.0, 5.0, 5.0, 5.0, 5.0, 5.0, 5.0, 5.0, 5.0, 5.0, 5.0, 5.0, 5.0, 5.0, 5.0, 5.0, 5.0, 5.0, 3.686094284057617, 3.5008082389831543, 3.5266590118408203, 3.5567173957824707, 3.590420722961426, 5.0, 5.0, 5.0, 5.0, 5.0, 5.0, 5.0, 5.0, 5.0, 5.0, 1.070712924003601, 1.0370376110076904, 1.0064098834991455, 0.9784853458404541, 0.9529932737350464, 0.9296793937683105, 0.9083370566368103, 0.8887836337089539, 0.8708655834197998, 0.8544419407844543, 0.8393989205360413, 0.8256186246871948, 0.8130195140838623, 0.8476053476333618, 0.8983331322669983, 0.9568909406661987, 1.0251351594924927, 1.1055445671081543, 1.2015517950057983]"
3.2177679538726807,-1.630927324295044,-1.1775997877120972,-0.7849395871162415,0.05708814412355423,1.0957515239715576,0.9774592518806458,0.18607649207115173,-0.09974317997694016,18.967960357666016,-1.9014068841934204,"[5.0, 5.0, 5.0, 5.0, 5.0, 5.0, 5.0, 5.0, 5.0, 5.0, 5.0, 5.0, 5.0, 5.0, 5.0, 5.0, 5.0, 5.0, 5.0, 5.0, 5.0, 5.0, 5.0, 5.0, 5.0, 3.680574655532837, 3.491870641708374, 3.4483284950256348, 3.47690749168396, 3.5090248584747314, 5.0, 5.0, 5.0, 5.0, 5.0, 5.0, 5.0, 5.0, 5.0, 5.0, 5.0, 5.0, 1.0009857416152954, 0.9727708101272583, 0.9470216631889343, 0.9234764575958252, 0.9019318222999573, 0.8821902871131897, 0.8641023635864258, 0.8475179672241211, 0.8323199152946472, 0.8183943033218384, 0.8056572079658508, 0.794015645980835, 0.7834044098854065, 0.7737535834312439, 0.8200095295906067, 0.8819143176078796, 0.9556747674942017, 1.0448745489120483]"
3.1722004413604736,-1.731029987335205,-1.1753195524215698,-1.2716493606567383,0.3690890073776245,1.2171040773391724,0.9818595051765442,0.1674060970544815,-0.0890330895781517,18.929466247558594,-1.6920688152313232,"[5.0, 5.0, 5.0, 5.0, 5.0, 5.0, 5.0, 5.0, 5.0, 5.0, 5.0, 5.0, 5.0, 5.0, 5.0, 5.0, 5.0, 5.0, 5.0, 5.0, 5.0, 5.0, 5.0, 5.0, 3.6385154724121094, 3.4498534202575684, 3.370946168899536, 3.3983259201049805, 3.429140567779541, 3.463543653488159, 5.0, 5.0, 5.0, 5.0, 5.0, 5.0, 5.0, 5.0, 5.0, 5.0, 5.0, 5.0, 0.9602582454681396, 0.9346542358398438, 0.9112417101860046, 0.8898156881332397, 0.8701855540275574, 0.8521902561187744, 0.8356914520263672, 0.8205673098564148, 0.8067106008529663, 0.7940235137939453, 0.782420814037323, 0.7718372941017151, 0.7622096538543701, 0.7534762024879456, 0.745581328868866, 0.7384949326515198, 0.7888398766517639, 0.8685909509658813]"
3.124451160430908,-1.8231377601623535,-1.184465765953064,-1.6384711265563965,0.5309068560600281,1.330829381942749,0.986439049243927,0.14674432575702667,-0.07351187616586685,18.89651107788086,-1.392886757850647,"[5.0, 5.0, 5.0, 5.0, 5.0, 5.0, 5.0, 5.0, 5.0, 5.0, 5.0, 5.0, 5.0, 5.0, 5.0, 5.0, 5.0, 5.0, 5.0, 5.0, 5.0, 5.0, 5.0, 3.5673553943634033, 3.3817780017852783, 3.295653820037842, 3.3221335411071777, 3.3519628047943115, 3.385288715362549, 5.0, 5.0, 5.0, 5.0, 5.0, 5.0, 5.0, 5.0, 5.0, 5.0, 5.0, 5.0, 5.0, 5.0, 0.8948543667793274, 0.8738132119178772, 0.854527473449707, 0.8368395566940308, 0.8206198215484619, 0.8057491183280945, 0.7921171188354492, 0.7796262502670288, 0.768211305141449, 0.757783055305481, 0.7482890486717224, 0.7396672368049622, 0.7318803668022156, 0.7248653769493103, 0.7186098098754883, 0.7130591869354248, 0.7081920504570007]"
3.0811684131622314,-1.9021668434143066,-1.1718579530715942,-1.9987207651138306,0.8854033946990967,1.372045636177063,0.9908543229103088,0.12472046911716461,-0.05150110647082329,18.866554260253906,-0.972939670085907,"[5.0, 5.0, 5.0, 5.0, 5.0, 5.0, 5.0, 5.0, 5.0, 5.0, 5.0, 5.0, 5.0, 5.0, 5.0, 5.0, 5.0, 5.0, 5.0, 5.0, 5.0, 5.0, 3.473757266998291, 3.293684482574463, 3.2202818393707275, 3.2460012435913086, 3.2749884128570557, 3.307384490966797, 5.0, 5.0, 5.0, 5.0, 5.0, 5.0, 5.0, 5.0, 5.0, 5.0, 5.0, 5.0, 5.0, 5.0, 5.0, 5.0, 0.8363965749740601, 0.8191781044006348, 0.8033768534660339, 0.7888792753219604, 0.77558434009552, 0.763409435749054, 0.7522651553153992, 0.7420909404754639, 0.7328115701675415, 0.7243942618370056, 0.7167668342590332, 0.7099148035049438, 0.7037773728370667, 0.6983320116996765, 0.6935592889785767, 0.6894152760505676]"
3.0461974143981934,-1.9612300395965576,-1.15751314163208,-2.275569200515747,1.120759129524231,1.277390480041504,0.9943768382072449,0.10308654606342316,-0.024241119623184204,18.83074188232422,-0.4566124975681305,"[5.0, 5.0, 5.0, 5.0, 5.0, 5.0, 5.0, 5.0, 5.0, 5.0, 5.0, 5.0, 5.0, 5.0, 5.0, 5.0, 5.0, 5.0, 5.0, 5.0, 5.0, 3.380066156387329, 3.20560884475708, 3.143387794494629, 3.1682369709014893, 3.1962647438049316, 3.227607250213623, 5.0, 5.0, 5.0, 5.0, 5.0, 5.0, 5.0, 5.0, 5.0, 5.0, 5.0, 5.0, 5.0, 5.0, 5.0, 5.0, 5.0, 5.0, 0.7864811420440674, 0.7723519802093506, 0.7593857645988464, 0.7475005984306335, 0.7366185784339905, 0.7266748547554016, 0.7176124453544617, 0.7093651294708252, 0.7019107937812805, 0.6951862573623657, 0.6891639828681946, 0.6838204860687256, 0.6791183948516846, 0.6750342845916748, 0.671559751033783]"
3.0236353874206543,-1.9993865489959717,-1.122275471687317,-2.3594095706939697,1.3111896514892578,1.0997470617294312,0.9965076446533203,0.08324714004993439,0.006499408278614283,18.781143188476562,0.12206890434026718,"[5.0, 5.0, 5.0, 5.0, 5.0, 5.0, 5.0, 5.0, 5.0, 5.0, 5.0, 5.0, 5.0, 5.0, 5.0, 5.0, 5.0, 5.0, 5.0, 5.0, 3.305391788482666, 3.134794235229492, 3.063601493835449, 3.087277412414551, 3.114032506942749, 3.143995523452759, 5.0, 5.0, 5.0, 5.0, 5.0, 5.0, 5.0, 5.0, 5.0, 5.0, 5.0, 5.0, 5.0, 5.0, 5.0, 5.0, 5.0, 5.0, 5.0, 5.0, 5.0, 0.734330952167511, 0.7236009240150452, 0.713786780834198, 0.704831600189209, 0.696678876876831, 0.6893004775047302, 0.6826340556144714, 0.676651120185852, 0.6713306307792664, 0.6666339039802551, 0.6625505685806274, 0.6590504050254822, 0.6561157703399658]"
3.007495164871216,-2.0260848999023438,-1.0691667795181274,-2.1684694290161133,1.2104171514511108,0.9741458892822266,0.9972632527351379,0.06474059820175171,0.03569859266281128,18.714975357055664,0.668524444103241,"[5.0, 5.0, 5.0, 5.0, 5.0, 5.0, 5.0, 5.0, 5.0, 5.0, 5.0, 5.0, 5.0, 5.0, 5.0, 5.0, 5.0, 5.0, 5.0, 3.257382869720459, 3.088303565979004, 2.982461929321289, 3.0047364234924316, 3.0299789905548096, 3.0583133697509766, 5.0, 5.0, 5.0, 5.0, 5.0, 5.0, 5.0, 5.0, 5.0, 5.0, 5.0, 5.0, 5.0, 5.0, 5.0, 5.0, 5.0, 5.0, 5.0, 5.0, 5.0, 5.0, 5.0, 5.0, 0.6959483623504639, 0.6877857446670532, 0.6803768277168274, 0.6736707091331482, 0.6676493287086487, 0.662270724773407, 0.6575069427490234, 0.653346836566925, 0.6497488617897034, 0.6467189192771912, 0.6442350745201111]"
3.013751745223999,-2.025254487991333,-0.9817252159118652,-2.290367841720581,1.6065548658370972,0.6183441281318665,0.9962812662124634,0.050765085965394974,0.06961477547883987,18.627355575561523,1.2998929023742676,"[5.0, 5.0, 5.0, 5.0, 5.0, 5.0, 5.0, 5.0, 5.0, 5.0, 5.0, 5.0, 5.0, 5.0, 5.0, 5.0, 5.0, 5.0, 5.0, 3.073361873626709, 2.921861410140991, 2.916609048843384, 2.9397993087768555, 2.9659385681152344, 2.9951531887054443, 5.0, 5.0, 5.0, 5.0, 5.0, 5.0, 5.0, 5.0, 5.0, 5.0, 5.0, 5.0, 5.0, 5.0, 5.0, 5.0, 5.0, 5.0, 5.0, 5.0, 5.0, 5.0, 5.0, 5.0, 5.0, 5.0, 5.0, 0.6610185503959656, 0.6554600596427917, 0.6505162715911865, 0.6461637020111084, 0.6423690319061279, 0.6391416788101196, 0.6364427804946899, 0.6342629790306091]"
3.037532091140747,-1.9942853450775146,-0.8952164649963379,-2.631381034851074,1.641068696975708,0.3069571852684021,0.9935511350631714,0.041113145649433136,0.10566747933626175,18.51418685913086,1.9673619270324707,"[5.0, 5.0, 5.0, 5.0, 5.0, 5.0, 5.0, 5.0, 5.0, 5.0, 5.0, 5.0, 5.0, 5.0, 5.0, 5.0, 5.0, 5.0, 3.092308521270752, 2.9356939792633057, 2.8263638019561768, 2.8470547199249268, 2.8705387115478516, 2.8969297409057617, 5.0, 5.0, 5.0, 5.0, 5.0, 5.0, 5.0, 5.0, 5.0, 5.0, 5.0, 5.0, 5.0, 5.0, 5.0, 5.0, 5.0, 5.0, 5.0, 5.0, 5.0, 5.0, 5.0, 5.0, 5.0, 5.0, 5.0, 5.0, 5.0, 5.0, 5.0, 0.6367636322975159, 0.63321852684021, 0.630205512046814, 0.627711296081543, 0.6257161498069763]"
3.077460765838623,-1.9326614141464233,-0.7851263880729675,-2.65498685836792,1.4531161785125732,-0.13299128413200378,0.9896256327629089,0.037505608052015305,0.1386878937482834,18.384170532226562,2.5745420455932617,"[5.0, 5.0, 5.0, 5.0, 5.0, 5.0, 5.0, 5.0, 5.0, 5.0, 5.0, 5.0, 5.0, 5.0, 5.0, 5.0, 5.0, 5.0, 2.9956443309783936, 2.8476057052612305, 2.7528488636016846, 2.77313494682312, 2.7961483001708984, 2.8219947814941406, 5.0, 5.0, 5.0, 5.0, 5.0, 5.0, 5.0, 5.0, 5.0, 5.0, 5.0, 5.0, 5.0, 5.0, 5.0, 5.0, 5.0, 5.0, 5.0, 5.0, 5.0, 5.0, 5.0, 5.0, 5.0, 5.0, 5.0, 5.0, 5.0, 5.0, 5.0, 5.0, 5.0, 5.0, 5.0, 0.6192324757575989]"
3.164565324783325,-1.7749954462051392,-0.7597923874855042,-4.155339241027832,1.9549614191055298,-1.238901138305664,0.982716977596283,0.046874914318323135,0.17908087372779846,18.209535598754883,3.3145618438720703,"[5.0, 5.0, 5.0, 5.0, 5.0, 5.0, 5.0, 5.0, 5.0, 5.0, 5.0, 5.0, 5.0, 5.0, 5.0, 5.0, 5.0, 5.0, 2.9768080711364746, 2.8293380737304688, 2.698007106781006, 2.6888492107391357, 2.7097723484039307, 2.733394145965576, 2.7598323822021484, 5.0, 5.0, 5.0, 5.0, 5.0, 5.0, 5.0, 5.0, 5.0, 5.0, 5.0, 5.0, 5.0, 5.0, 5.0, 5.0, 5.0, 5.0, 5.0, 5.0, 5.0, 5.0, 5.0, 5.0, 5.0, 5.0, 5.0, 5.0, 5.0, 5.0, 5.0, 5.0, 5.0, 5.0, 5.0]"
3.2487523555755615,-1.5999984741210938,-0.6693679094314575,-4.029428482055664,1.096351146697998,-1.2472659349441528,0.9759323596954346,0.057646624743938446,0.21031554043293,18.039718627929688,3.8808341026306152,"[5.0, 5.0, 5.0, 5.0, 5.0, 5.0, 5.0, 5.0, 5.0, 5.0, 5.0, 5.0, 5.0, 5.0, 5.0, 5.0, 5.0, 5.0, 5.0, 2.8265531063079834, 2.6948370933532715, 2.606894016265869, 2.6253597736358643, 2.646390199661255, 2.670083522796631, 2.6965556144714355, 5.0, 5.0, 5.0, 5.0, 5.0, 5.0, 5.0, 5.0, 5.0, 5.0, 5.0, 5.0, 5.0, 5.0, 5.0, 5.0, 5.0, 5.0, 5.0, 5.0, 5.0, 5.0, 5.0, 5.0, 4.911007881164551, 4.74775505065918, 4.604744911193848, 4.479421615600586, 4.369705677032471, 4.2738871574401855, 4.190584659576416, 4.118620872497559, 4.057064056396484, 4.005148887634277]"
3.300145149230957,-1.4565261602401733,-0.633641242980957,-3.3294425010681152,-0.17787516117095947,-0.6523613929748535,0.9739433526992798,0.06022360175848007,0.21864840388298035,17.948360443115234,4.021690845489502,"[5.0, 5.0, 5.0, 5.0, 5.0, 5.0, 5.0, 5.0, 5.0, 5.0, 5.0, 5.0, 5.0, 5.0, 5.0, 5.0, 5.0, 5.0, 5.0, 2.7710585594177246, 2.644360065460205, 2.5386061668395996, 2.555429697036743, 2.5747225284576416, 2.5965800285339355, 2.6211040019989014, 5.0, 5.0, 5.0, 5.0, 5.0, 5.0, 5.0, 5.0, 5.0, 5.0, 5.0, 5.0, 5.0, 5.0, 4.991054058074951, 4.98380184173584, 4.980686187744141, 4.97615385055542, 4.654571533203125, 4.381130218505859, 4.146363258361816, 3.9431662559509277, 3.766105890274048, 3.6109554767608643, 3.4743902683258057, 3.3537580966949463, 3.2469003200531006, 3.1520586013793945, 3.0678186416625977, 2.99298095703125, 2.9265456199645996, 2.8677010536193848, 2.8157570362091064, 2.7701241970062256]"
3.3155102729797363,-1.3525190353393555,-0.6713790893554688,-1.8533300161361694,-1.6237329244613647,-0.1664760410785675,0.9784240126609802,0.058343954384326935,0.19819720089435577,17.96770477294922,3.6332244873046875,"[5.0, 5.0, 5.0, 5.0, 5.0, 5.0, 5.0, 5.0, 5.0, 5.0, 5.0, 5.0, 5.0, 5.0, 5.0, 5.0, 5.0, 5.0, 5.0, 2.6686818599700928, 2.550477981567383, 2.485821008682251, 2.501904249191284, 2.5204107761383057, 2.541430950164795, 2.5650687217712402, 5.0, 5.0, 5.0, 5.0, 5.0, 5.0, 5.0, 5.0, 5.0, 5.0, 5.0, 5.0, 5.0, 5.0, 4.939059257507324, 4.933039665222168, 4.931125164031982, 5.0, 4.688040733337402, 4.35061502456665, 4.066686630249023, 3.824971914291382, 3.617173671722412, 3.437067985534668, 3.279890537261963, 3.1419191360473633, 3.0202343463897705, 2.912487745285034, 2.816776752471924, 2.7315807342529297, 2.655606269836426, 2.5878264904022217, 2.5273308753967285, 2.473407506942749]"
3.315018892288208,-1.2817511558532715,-0.6423786282539368,-0.5904245376586914,-1.730157732963562,0.19424273073673248,0.9844111800193787,0.05463952571153641,0.1671796292066574,18.010408401489258,3.0539536476135254,"[5.0, 5.0, 5.0, 5.0, 5.0, 5.0, 5.0, 5.0, 5.0, 5.0, 5.0, 5.0, 5.0, 5.0, 5.0, 5.0, 5.0, 5.0, 2.680901288986206, 2.5581116676330566, 2.4480135440826416, 2.4385287761688232, 2.454566240310669, 2.4730045795440674, 2.4939329624176025, 2.5174546241760254, 5.0, 5.0, 5.0, 5.0, 5.0, 5.0, 5.0, 5.0, 5.0, 5.0, 5.0, 5.0, 5.0, 5.0, 4.88037109375, 4.875730037689209, 4.875156879425049, 5.0, 5.0, 5.0, 4.6892290115356445, 4.332320213317871, 4.034073352813721, 3.7816145420074463, 3.56561017036438, 3.3791253566741943, 3.216898202896118, 3.0748801231384277, 2.9498705863952637, 2.8393614292144775, 2.741299867630005, 2.654057741165161, 2.576263904571533, 2.506819009780884]"
3.3140788078308105,-1.2269761562347412,-0.5472252368927002,-0.32340219616889954,-0.9772658944129944,0.4140668213367462,0.9881577491760254,0.047913264483213425,0.1457679271697998,18.0089111328125,2.6534640789031982,"[5.0, 5.0, 5.0, 5.0, 5.0, 5.0, 5.0, 5.0, 5.0, 5.0, 5.0, 5.0, 5.0, 5.0, 5.0, 5.0, 5.0, 2.6939172744750977, 2.5660488605499268, 2.4517178535461426, 2.371561288833618, 2.3855819702148438, 2.4019041061401367, 2.420600414276123, 2.4417665004730225, 2.4655070304870605, 5.0, 5.0, 5.0, 5.0, 5.0, 5.0, 5.0, 5.0, 5.0, 5.0, 5.0, 5.0, 5.0, 5.0, 4.82442569732666, 4.821295261383057, 4.822204113006592, 5.0, 5.0, 5.0, 5.0, 4.804474353790283, 4.41807746887207, 4.097637176513672, 3.828124523162842, 3.5987396240234375, 3.401578664779663, 3.2306976318359375, 3.0815541744232178, 2.950629234313965, 2.8351027965545654, 2.7327845096588135, 2.6418471336364746, 2.5608298778533936]"
3.310577154159546,-1.1812925338745117,-0.46275585889816284,-0.4107495844364166,-0.6413961052894592,0.5732287764549255,0.9904265403747559,0.03777507692575455,0.13277050852775574,17.978424072265625,2.4083261489868164,"[5.0, 5.0, 5.0, 5.0, 5.0, 5.0, 5.0, 5.0, 5.0, 5.0, 5.0, 5.0, 5.0, 5.0, 5.0, 5.0, 5.0, 2.5648348331451416, 2.4470252990722656, 2.3414340019226074, 2.314518690109253, 2.3290083408355713, 2.345769166946411, 2.3648829460144043, 2.386443853378296, 5.0, 5.0, 5.0, 5.0, 5.0, 5.0, 5.0, 5.0, 5.0, 5.0, 5.0, 5.0, 5.0, 5.0, 4.775053024291992, 4.769759178161621, 4.768464088439941, 4.771164894104004, 5.0, 5.0, 5.0, 5.0, 4.972503185272217, 4.543911933898926, 4.192153453826904, 3.8987720012664795, 3.6508419513702393, 3.4389824867248535, 3.256265640258789, 3.097447633743286, 2.9584789276123047, 2.836233615875244, 2.7281603813171387, 2.6323020458221436, 2.5469908714294434]"
3.3105645179748535,-1.1322250366210938,-0.36542630195617676,-0.5087302923202515,-0.24472135305404663,0.5160909295082092,0.991503119468689,0.02743198722600937,0.12715639173984528,17.92784881591797,2.2982966899871826,"[5.0, 5.0, 5.0, 5.0, 5.0, 5.0, 5.0, 5.0, 5.0, 5.0, 5.0, 5.0, 5.0, 5.0, 5.0, 5.0, 2.564194440841675, 2.442667245864868, 2.3340039253234863, 2.2404282093048096, 2.2530858516693115, 2.267909049987793, 2.284966230392456, 2.3043413162231445, 2.326134443283081, 5.0, 5.0, 5.0, 5.0, 5.0, 5.0, 5.0, 5.0, 5.0, 5.0, 5.0, 5.0, 5.0, 5.0, 4.719242095947266, 4.715744972229004, 4.716202259063721, 4.720615386962891, 5.0, 5.0, 5.0, 5.0, 4.804521083831787, 4.392257213592529, 4.053526401519775, 3.770750045776367, 3.531571626663208, 3.327056884765625, 3.1505537033081055, 2.997049331665039, 2.8626554012298584, 2.7443466186523438, 2.639707088470459, 2.546816110610962, 2.464113235473633]"
3.311204433441162,-1.0802756547927856,-0.3017584979534149,-0.5866997241973877,-0.22119559347629547,0.498928964138031,0.992167592048645,0.017361093312501907,0.12370076775550842,17.87144660949707,2.2278225421905518,"[5.0, 5.0, 5.0, 5.0, 5.0, 5.0, 5.0, 5.0, 5.0, 5.0, 5.0, 5.0, 5.0, 5.0, 5.0, 5.0, 2.4365618228912354, 2.3247504234313965, 2.224534034729004, 2.177887439727783, 2.190809488296509, 2.2058558464050293, 2.2230987548828125, 2.242619752883911, 2.2645180225372314, 5.0, 5.0, 5.0, 5.0, 5.0, 5.0, 5.0, 5.0, 5.0, 5.0, 5.0, 5.0, 5.0, 5.0, 4.663389682769775, 4.661609172821045, 4.663729667663574, 5.0, 5.0, 5.0, 5.0, 5.0, 4.540633678436279, 4.161340713500977, 3.8482580184936523, 3.5858795642852783, 3.363229274749756, 3.1723175048828125, 3.0071473121643066, 2.8631908893585205, 2.7369272708892822, 2.6255922317504883, 2.5269792079925537, 2.4393060207366943, 2.3611602783203125]"
3.3121886253356934,-1.026145100593567,-0.2564261257648468,-0.5408602952957153,-0.31982776522636414,0.47624343633651733,0.9928987622261047,0.0076986257918179035,0.11871220171451569,17.817556381225586,2.1302249431610107,"[5.0, 5.0, 5.0, 5.0, 5.0, 5.0, 5.0, 5.0, 5.0, 5.0, 5.0, 5.0, 5.0, 5.0, 5.0, 2.4279983043670654, 2.3129210472106934, 2.2100327014923096, 2.1176109313964844, 2.1167237758636475, 2.1298675537109375, 2.145092248916626, 2.162475347518921, 2.1820995807647705, 2.204068422317505, 5.0, 5.0, 5.0, 5.0, 5.0, 5.0, 5.0, 5.0, 5.0, 5.0, 5.0, 5.0, 5.0, 5.0, 4.60719108581543, 4.60701847076416, 4.610711574554443, 5.0, 5.0, 5.0, 5.0, 4.801738262176514, 4.359554767608643, 4.000153064727783, 3.7027664184570312, 3.4530446529388428, 3.2407665252685547, 3.058459997177124, 2.900543212890625, 2.762734889984131, 2.641732692718506, 2.5349245071411133, 2.4402406215667725, 2.3559937477111816, 2.28082013130188]"
3.3101871013641357,-0.9655969142913818,-0.29624855518341064,-0.2966197729110718,-0.9245927333831787,0.36666205525398254,0.99456787109375,0.00019208509183954448,0.1040894091129303,17.781009674072266,1.8609235286712646,"[5.0, 5.0, 5.0, 5.0, 5.0, 5.0, 5.0, 5.0, 5.0, 5.0, 5.0, 5.0, 5.0, 5.0, 5.0, 2.3030283451080322, 2.1967060565948486, 2.1014649868011475, 2.0500011444091797, 2.0613796710968018, 2.0747408866882324, 2.0901525020599365, 2.1076910495758057, 2.1274397373199463, 5.0, 5.0, 5.0, 5.0, 5.0, 5.0, 5.0, 5.0, 5.0, 5.0, 5.0, 5.0, 5.0, 5.0, 5.0, 4.5505499839782715, 4.551693439483643, 4.556677341461182, 5.0, 5.0, 5.0, 5.0, 5.0, 4.592906475067139, 4.1839423179626465, 3.8495829105377197, 3.571580410003662, 3.3371992111206055, 3.1372859477996826, 2.965118169784546, 2.815596342086792, 2.6848578453063965, 2.5698511600494385, 2.4681713581085205, 2.3779146671295166, 2.29750657081604]"
3.3127617835998535,-0.8908405900001526,-0.3057836592197418,-0.36879098415374756,-0.6858470439910889,0.1804717481136322,0.995941162109375,-0.003965210635215044,0.08991783857345581,17.73942756652832,1.6015790700912476,"[5.0, 5.0, 5.0, 5.0, 5.0, 5.0, 5.0, 5.0, 5.0, 5.0, 5.0, 5.0, 5.0, 5.0, 2.305145025253296, 2.1937408447265625, 2.0943098068237305, 2.005131483078003, 1.9934324026107788, 2.004823684692383, 2.0181546211242676, 2.0334959030151367, 2.0509212017059326, 2.0705182552337646, 5.0, 5.0, 5.0, 5.0, 5.0, 5.0, 5.0, 5.0, 5.0, 5.0, 5.0, 5.0, 5.0, 5.0, 5.0, 4.494244575500488, 4.49622917175293, 4.501996994018555, 5.0, 5.0, 5.0, 5.0, 5.0, 4.886807441711426, 4.412497520446777, 4.030423164367676, 3.716581106185913, 3.4546000957489014, 3.232994794845581, 3.043470621109009, 2.879847764968872, 2.7374696731567383, 2.6127474308013916, 2.502873182296753, 2.4055984020233154, 2.319148540496826]"
3.3160226345062256,-0.8080490827560425,-0.2828388214111328,-0.2557674050331116,-0.5896949172019958,0.06869742274284363,0.9969159960746765,-0.005430545657873154,0.07828689366579056,17.690515518188477,1.3891992568969727,"[5.0, 5.0, 5.0, 5.0, 5.0, 5.0, 5.0, 5.0, 5.0, 5.0, 5.0, 5.0, 5.0, 5.0, 2.202012300491333, 2.096792697906494, 2.0028088092803955, 1.9247716665267944, 1.9341374635696411, 1.9453400373458862, 1.9584369659423828, 1.9734904766082764, 1.9905740022659302, 2.0097763538360596, 5.0, 5.0, 5.0, 5.0, 5.0, 5.0, 5.0, 5.0, 5.0, 5.0, 5.0, 5.0, 5.0, 5.0, 5.0, 4.4376983642578125, 4.440096855163574, 4.446254730224609, 5.0, 5.0, 5.0, 5.0, 5.0, 5.0, 4.650692462921143, 4.217308044433594, 3.865612506866455, 3.574942111968994, 3.331087112426758, 3.1239569187164307, 2.946169376373291, 2.792221784591675, 2.6579227447509766, 2.5400078296661377, 2.435927152633667, 2.3436391353607178]"
3.3198201656341553,-0.7169919013977051,-0.26151713728904724,-0.2748578190803528,-0.4914494752883911,-0.0352926105260849,0.9976372718811035,-0.004800140392035246,0.06853185594081879,17.636749267578125,1.211527705192566,"[5.0, 5.0, 5.0, 5.0, 5.0, 5.0, 5.0, 5.0, 5.0, 5.0, 5.0, 5.0, 5.0, 5.0, 2.1070191860198975, 2.006953716278076, 1.9175407886505127, 1.8641639947891235, 1.8732399940490723, 1.8840998411178589, 1.8967969417572021, 1.9113917350769043, 1.9279570579528809, 1.9465793371200562, 5.0, 5.0, 5.0, 5.0, 5.0, 5.0, 5.0, 5.0, 5.0, 5.0, 5.0, 5.0, 5.0, 5.0, 5.0, 4.380549907684326, 4.383066177368164, 4.389294147491455, 5.0, 5.0, 5.0, 5.0, 5.0, 5.0, 4.888774871826172, 4.401247978210449, 4.010401248931885, 3.690558671951294, 3.4243929386138916, 3.199831962585449, 3.008164167404175, 2.8429925441741943, 2.699465274810791, 2.5738823413848877, 2.4633471965789795, 2.3655638694763184]"
3.3232100009918213,-0.6188661456108093,-0.2445051372051239,-0.3278746008872986,-0.44494032859802246,-0.1204482689499855,0.9982007145881653,-0.002478903392329812,0.059908922761678696,17.579952239990234,1.0550912618637085,"[5.0, 5.0, 5.0, 5.0, 5.0, 5.0, 5.0, 5.0, 5.0, 5.0, 5.0, 5.0, 5.0, 2.123518705368042, 2.0160906314849854, 1.9206033945083618, 1.835274577140808, 1.8032512664794922, 1.8119159936904907, 1.8223071098327637, 1.8344746828079224, 1.8484755754470825, 1.8643834590911865, 1.88227379322052, 5.0, 5.0, 5.0, 5.0, 5.0, 5.0, 5.0, 5.0, 5.0, 5.0, 5.0, 5.0, 5.0, 5.0, 5.0, 4.322676658630371, 4.325089931488037, 4.331165790557861, 4.340933322906494, 5.0, 5.0, 5.0, 5.0, 5.0, 5.0, 4.569943904876709, 4.139771461486816, 3.791158676147461, 3.503377676010132, 3.2621641159057617, 3.057429313659668, 2.881801128387451, 2.729773759841919, 2.5972094535827637, 2.4808247089385986, 2.378120183944702]"
3.3284735679626465,-0.5158013701438904,-0.17362673580646515,-0.7351809740066528,-0.0023853308521211147,-0.13010570406913757,0.9983122944831848,7.609731937918696e-07,0.05807192251086235,17.515605926513672,1.018884539604187,"[5.0, 4.9669952392578125, 5.0, 5.0, 5.0, 5.0, 5.0, 5.0, 5.0, 5.0, 5.0, 5.0, 5.0, 2.0224449634552, 1.9207277297973633, 1.8302801847457886, 1.7494258880615234, 1.7401851415634155, 1.7482829093933105, 1.758039951324463, 1.7695051431655884, 1.7827316522598267, 1.7977880239486694, 1.814748764038086, 5.0, 5.0, 5.0, 5.0, 5.0, 5.0, 5.0, 5.0, 5.0, 5.0, 5.0, 5.0, 5.0, 5.0, 5.0, 4.26278829574585, 4.265100955963135, 4.271018028259277, 4.280584812164307, 5.0, 5.0, 5.0, 5.0, 5.0, 4.90254545211792, 4.388445854187012, 3.980093479156494, 3.6483731269836426, 3.3739852905273438, 3.143615245819092, 2.9477922916412354, 2.779589891433716, 2.6338441371917725, 2.5066099166870117, 2.3948287963867188, 2.2960710525512695]"
3.33160400390625,-0.41379839181900024,-0.12326078116893768,-0.7690255641937256,0.009941051714122295,-0.1006304919719696,0.998279869556427,0.0018425710732117295,0.058598268777132034,17.44886589050293,1.024233341217041,"[5.0, 4.974868297576904, 5.0, 5.0, 5.0, 5.0, 5.0, 5.0, 5.0, 5.0, 5.0, 5.0, 2.0233652591705322, 1.9154318571090698, 1.8199548721313477, 1.7349976301193237, 1.671321988105774, 1.6772817373275757, 1.6848002672195435, 1.6939131021499634, 1.7046633958816528, 1.7171050310134888, 1.731300711631775, 1.7473182678222656, 5.0, 5.0, 5.0, 5.0, 5.0, 5.0, 5.0, 5.0, 5.0, 5.0, 5.0, 5.0, 5.0, 5.0, 5.0, 5.0, 4.204046249389648, 4.209899425506592, 4.219332218170166, 4.2324042320251465, 5.0, 5.0, 5.0, 5.0, 4.563934803009033, 4.103937149047852, 3.7355544567108154, 3.4343178272247314, 3.183781623840332, 2.9724748134613037, 2.7921719551086426, 2.636786937713623, 2.501765489578247, 2.383592128753662, 2.279534101486206, 2.187440872192383]"
3.3358442783355713,-0.31081604957580566,-0.09535477310419083,-0.951201319694519,0.2982828915119171,-0.06613877415657043,0.9979774951934814,0.002709512133151293,0.0635092705488205,17.377660751342773,1.1058751344680786,"[4.9386305809021, 4.9951701164245605, 5.0, 5.0, 5.0, 5.0, 5.0, 5.0, 5.0, 5.0, 5.0, 5.0, 1.9032732248306274, 1.8030756711959839, 1.7143425941467285, 1.6353099346160889, 1.6076945066452026, 1.613121509552002, 1.620039701461792, 1.6284857988357544, 1.6384977102279663, 1.6501249074935913, 1.6634267568588257, 1.6784720420837402, 5.0, 5.0, 5.0, 5.0, 5.0, 5.0, 5.0, 5.0, 5.0, 5.0, 5.0, 5.0, 5.0, 5.0, 5.0, 5.0, 4.142021656036377, 4.147912979125977, 4.157344818115234, 4.170339107513428, 5.0, 5.0, 5.0, 4.563639163970947, 4.083671569824219, 3.702333927154541, 3.3924853801727295, 3.136101484298706, 2.920778512954712, 2.73768949508667, 2.5803632736206055, 2.4439802169799805, 2.3248660564422607, 2.220132350921631, 2.1275622844696045, 2.0453457832336426]"
3.33888840675354,-0.2134867012500763,-0.07537034153938293,-0.6911309957504272,0.24953897297382355,0.036722175776958466,0.9976063966751099,0.0018315919442102313,0.06912293285131454,17.305208206176758,1.1990548372268677,"[4.930052757263184, 5.0, 5.0, 5.0, 5.0, 5.0, 5.0, 5.0, 5.0, 5.0, 5.0, 1.8844919204711914, 1.7797297239303589, 1.6874321699142456, 1.6055936813354492, 1.5400257110595703, 1.5436391830444336, 1.5486587285995483, 1.5551059246063232, 1.5630162954330444, 1.5724213123321533, 1.5833741426467896, 1.5959241390228271, 1.6101360321044922, 5.0, 5.0, 5.0, 5.0, 5.0, 5.0, 5.0, 5.0, 5.0, 5.0, 5.0, 5.0, 5.0, 5.0, 5.0, 5.0, 4.079929828643799, 4.086031436920166, 4.0955963134765625, 4.108672142028809, 5.0, 5.0, 4.608040809631348, 4.1011810302734375, 3.7020602226257324, 3.3800582885742188, 3.1151442527770996, 2.893721342086792, 2.706162691116333, 2.545539140701294, 2.4066803455352783, 2.2856593132019043, 2.1794772148132324, 2.08575701713562, 2.0026333332061768, 1.9285800457000732]"
3.3414220809936523,-0.11830966174602509,-0.08635987341403961,-0.36759161949157715,0.0015483382157981396,0.08386534452438354,0.9974926710128784,-3.184384695487097e-05,0.0707680806517601,17.236936569213867,1.222891092300415,"[4.9388017654418945, 5.0, 5.0, 5.0, 5.0, 5.0, 5.0, 5.0, 5.0, 5.0, 5.0, 1.752742052078247, 1.6566274166107178, 1.5718533992767334, 1.4966143369674683, 1.477838158607483, 1.4812662601470947, 1.486041784286499, 1.4921871423721313, 1.499731421470642, 1.5087121725082397, 1.519171118736267, 1.5311609506607056, 1.5447436571121216, 5.0, 5.0, 5.0, 5.0, 5.0, 5.0, 5.0, 5.0, 5.0, 5.0, 5.0, 5.0, 5.0, 5.0, 5.0, 5.0, 4.3260602951049805, 4.024255752563477, 4.034018516540527, 4.047228813171387, 4.063963413238525, 4.9395647048950195, 4.343801021575928, 3.8841662406921387, 3.519237995147705, 3.222874164581299, 2.9777626991271973, 2.771958112716675, 2.5970027446746826, 2.4466803073883057, 2.3163697719573975, 2.202543020248413, 2.1024532318115234, 2.0139713287353516, 1.9353594779968262, 1.8652443885803223]"
3.344158411026001,-0.027717914432287216,-0.10117900371551514,0.005567798390984535,-0.180583193898201,0.1627913862466812,0.9976497292518616,-0.002949886489659548,0.068455770611763,17.173110961914062,1.1783629655838013,"[4.936148166656494, 5.0, 5.0, 5.0, 5.0, 5.0, 5.0, 5.0, 5.0, 5.0, 1.7228164672851562, 1.6224440336227417, 1.5344641208648682, 1.4568066596984863, 1.4146924018859863, 1.4168195724487305, 1.4202237129211426, 1.4249178171157837, 1.4309284687042236, 1.4382798671722412, 1.447009801864624, 1.4571609497070312, 1.4687844514846802, 1.481940507888794, 5.0, 5.0, 5.0, 5.0, 5.0, 5.0, 5.0, 5.0, 5.0, 5.0, 5.0, 5.0, 5.0, 5.0, 5.0, 5.0, 5.0, 3.962345600128174, 3.972324848175049, 3.985719680786133, 4.002581596374512, 4.910608768463135, 4.316797256469727, 3.8589389324188232, 3.495591402053833, 3.2006094455718994, 2.9567198753356934, 2.75199031829834, 2.57798171043396, 2.428499698638916, 2.2989284992218018, 2.185760974884033, 2.0862739086151123, 1.998325228691101, 1.9201875925064087, 1.8504934310913086]"
3.3460934162139893,0.055092912167310715,-0.12755820155143738,0.3151605725288391,-0.43345436453819275,0.27695930004119873,0.998078465461731,-0.007682176306843758,0.06148218736052513,17.113914489746094,1.0541954040527344,"[4.928440093994141, 5.0, 5.0, 5.0, 5.0, 5.0, 5.0, 5.0, 5.0, 1.6862742900848389, 1.5815845727920532, 1.4904749393463135, 1.4105560779571533, 1.3542852401733398, 1.3553986549377441, 1.3577260971069336, 1.3612768650054932, 1.3660694360733032, 1.3721221685409546, 1.3794695138931274, 1.388144850730896, 1.3981934785842896, 1.4096605777740479, 5.0, 5.0, 5.0, 5.0, 5.0, 5.0, 5.0, 5.0, 5.0, 5.0, 5.0, 5.0, 5.0, 5.0, 5.0, 5.0, 5.0, 4.1619062423706055, 3.9007411003112793, 3.9110875129699707, 3.92480206489563, 3.9419431686401367, 5.0, 4.5181074142456055, 4.017379283905029, 3.623696804046631, 3.306452751159668, 3.0457088947296143, 2.8279354572296143, 2.64359974861145, 2.485808849334717, 2.349459171295166, 2.230675220489502, 2.1264801025390625, 2.0345513820648193, 1.9530165195465088, 1.8803895711898804]"
3.3484864234924316,0.1266278326511383,-0.15321213006973267,0.9191757440567017,-0.4489877223968506,0.38519030809402466,0.9984856247901917,-0.014203732833266258,0.05314483121037483,17.054901123046875,0.9076626300811768,"[5.0, 5.0, 5.0, 5.0, 5.0, 5.0, 5.0, 5.0, 1.6493724584579468, 1.5393749475479126, 1.444488525390625, 1.3618885278701782, 1.2927342653274536, 1.2931127548217773, 1.2946434020996094, 1.2973324060440063, 1.3011943101882935, 1.3062440156936646, 1.3125112056732178, 1.3200210332870483, 1.3288114070892334, 1.3389288187026978, 1.3504228591918945, 5.0, 5.0, 5.0, 5.0, 5.0, 5.0, 5.0, 5.0, 5.0, 5.0, 5.0, 5.0, 5.0, 5.0, 5.0, 5.0, 5.0, 3.8320436477661133, 3.8395252227783203, 3.8502864837646484, 3.864389181137085, 3.881875991821289, 5.0, 5.0, 4.4091105461120605, 3.944391965866089, 3.575293779373169, 3.275468349456787, 3.027446746826172, 2.819185256958008, 2.6421263217926025, 2.4899871349334717, 2.358120918273926, 2.242941379547119, 2.1416900157928467, 2.0521905422210693, 1.9727058410644531]"
3.3516666889190674,0.19740520417690277,-0.1662132740020752,1.048977017402649,-0.271552711725235,0.3461390435695648,0.998653769493103,-0.020672185346484184,0.04757010564208031,16.992639541625977,0.809257984161377,"[5.0, 5.0, 5.0, 5.0, 5.0, 5.0, 5.0, 5.0, 1.4976792335510254, 1.3980613946914673, 1.3121545314788818, 1.2373963594436646, 1.22917640209198, 1.2300060987472534, 1.2319308519363403, 1.2349584102630615, 1.239102840423584, 1.244383692741394, 1.2508243322372437, 1.2584612369537354, 1.2673295736312866, 1.2774733304977417, 5.0, 5.0, 5.0, 5.0, 5.0, 5.0, 5.0, 5.0, 5.0, 4.988665580749512, 4.9664764404296875, 5.0, 5.0, 5.0, 5.0, 5.0, 5.0, 5.0, 3.770062208175659, 3.7778987884521484, 3.788987159729004, 3.8033623695373535, 3.8210957050323486, 5.0, 5.0, 4.929983615875244, 4.36743688583374, 3.9283154010772705, 3.5764718055725098, 3.2886500358581543, 3.0491955280303955, 2.8471763134002686, 2.6747593879699707, 2.52614688873291, 2.3969814777374268, 2.2839038372039795, 2.184333562850952, 2.096177816390991]"
3.3533895015716553,0.26152503490448,-0.21150416135787964,1.5063705444335938,-0.37592726945877075,0.3423595130443573,0.9987730383872986,-0.02680063806474209,0.04164024069905281,16.930057525634766,0.7055836915969849,"[5.0, 5.0, 5.0, 5.0, 5.0, 5.0, 5.0, 1.4589934349060059, 1.3529936075210571, 1.2626729011535645, 1.1848846673965454, 1.1647685766220093, 1.1650161743164062, 1.1662921905517578, 1.1686064004898071, 1.171964168548584, 1.1763856410980225, 1.1818885803222656, 1.1885015964508057, 1.1962575912475586, 1.2051931619644165, 1.215356707572937, 5.0, 5.0, 5.0, 5.0, 5.0, 5.0, 5.0, 5.0, 4.949289321899414, 4.923462867736816, 4.902054309844971, 5.0, 5.0, 5.0, 5.0, 5.0, 5.0, 5.0, 3.7083961963653564, 3.7164716720581055, 3.7277567386627197, 3.7422842979431152, 3.760131359100342, 5.0, 5.0, 5.0, 5.0, 4.579500675201416, 4.122550010681152, 3.7561841011047363, 3.4563393592834473, 3.2067933082580566, 2.9962387084960938, 2.81650972366333, 2.6615869998931885, 2.5269694328308105, 2.4091432094573975, 2.3054213523864746]"
3.3538928031921387,0.32386019825935364,-0.271127849817276,1.472562313079834,-0.4571419060230255,0.28912776708602905,0.9988905787467957,-0.032334595918655396,0.03423382714390755,16.867656707763672,0.5777831077575684,"[5.0, 5.0, 5.0, 5.0, 5.0, 5.0, 1.4174503087997437, 1.3039138317108154, 1.2086026668548584, 1.1275440454483032, 1.1021860837936401, 1.10189950466156, 1.102581262588501, 1.1042344570159912, 1.106866717338562, 1.1104906797409058, 1.1151213645935059, 1.1207849979400635, 1.127505898475647, 1.1353164911270142, 1.144260048866272, 1.1543759107589722, 5.0, 5.0, 5.0, 5.0, 5.0, 5.0, 5.0, 5.0, 4.88519287109375, 4.860084056854248, 4.856054306030273, 5.0, 5.0, 5.0, 5.0, 5.0, 5.0, 5.0, 3.647378444671631, 3.655626058578491, 3.6670403480529785, 3.681659460067749, 5.0, 5.0, 5.0, 5.0, 5.0, 5.0, 5.0, 4.51267671585083, 4.099380970001221, 3.7632040977478027, 3.4848406314849854, 3.250969171524048, 3.052086591720581, 2.8812122344970703, 2.733154535293579, 2.6039278507232666]"
3.3513712882995605,0.38774386048316956,-0.3296460509300232,1.2071456909179688,-0.6088970899581909,0.19312721490859985,0.9990364909172058,-0.03661569580435753,0.02419130690395832,16.805316925048828,0.40666162967681885,"[5.0, 5.0, 5.0, 5.0, 5.0, 1.3670933246612549, 1.2454297542572021, 1.1451255083084106, 1.0611084699630737, 1.04353928565979, 1.0427056550979614, 1.0427839756011963, 1.0437748432159424, 1.0456825494766235, 1.0485162734985352, 1.052289366722107, 1.0570213794708252, 1.062731146812439, 1.0694522857666016, 1.0772111415863037, 1.0860539674758911, 5.0, 5.0, 5.0, 5.0, 5.0, 5.0, 5.0, 5.0, 4.872524738311768, 4.823453903198242, 4.798916816711426, 4.846302032470703, 5.0, 5.0, 5.0, 5.0, 5.0, 5.0, 5.0, 3.5871212482452393, 3.5954644680023193, 3.606919765472412, 3.6215405464172363, 5.0, 5.0, 5.0, 5.0, 5.0, 5.0, 5.0, 5.0, 5.0, 4.570486545562744, 4.172280788421631, 3.8460259437561035, 3.5742952823638916, 3.3449301719665527, 3.149120569229126, 2.980384588241577]"
3.3515517711639404,0.4539169669151306,-0.34136754274368286,1.2329427003860474,-0.04851337522268295,0.06088820844888687,0.9990106225013733,-0.03873543068766594,0.021838996559381485,16.739543914794922,0.3656620979309082,"[5.0, 5.0, 5.0, 5.0, 1.3124234676361084, 1.1804606914520264, 1.0742204189300537, 0.986964225769043, 0.9835708737373352, 0.9821507930755615, 0.9815843105316162, 0.9818713068962097, 0.9830144643783569, 0.9850155115127563, 0.9878861308097839, 0.9916403293609619, 0.996293842792511, 1.0018736124038696, 1.0084002017974854, 1.0159103870391846, 1.0244427919387817, 5.0, 5.0, 5.0, 5.0, 5.0, 5.0, 5.0, 5.0, 4.834368705749512, 4.759975910186768, 4.735737323760986, 4.771063804626465, 5.0, 5.0, 5.0, 5.0, 5.0, 5.0, 5.0, 3.523927927017212, 3.532093048095703, 3.5433290004730225, 3.557692766189575, 3.5752270221710205, 5.0, 5.0, 5.0, 5.0, 5.0, 5.0, 5.0, 5.0, 5.0, 4.951530456542969, 4.509736061096191, 4.1496124267578125, 3.8509645462036133, 3.5998172760009766, 3.3861029148101807]"
3.3512120246887207,0.5220630168914795,-0.3940979540348053,1.2311620712280273,0.17129720747470856,-0.04787999391555786,0.9989242553710938,-0.038611602038145065,0.025674112141132355,16.671907424926758,0.4281775951385498,"[5.0, 5.0, 5.0, 1.2508971691131592, 1.1055022478103638, 0.992242693901062, 0.9260232448577881, 0.923200786113739, 0.9211912155151367, 0.919978678226471, 0.9195629358291626, 0.9199375510215759, 0.9211077690124512, 0.9230785965919495, 0.9258579015731812, 0.9294598698616028, 0.9339032173156738, 0.9392051100730896, 0.9453945159912109, 0.9525015950202942, 5.0, 5.0, 5.0, 5.0, 5.0, 5.0, 5.0, 5.0, 5.0, 4.932183742523193, 4.6950531005859375, 4.670823097229004, 4.650809288024902, 4.9565863609313965, 5.0, 5.0, 5.0, 5.0, 5.0, 5.0, 3.457937717437744, 3.465695858001709, 3.476454734802246, 3.490278959274292, 3.5072221755981445, 5.0, 5.0, 5.0, 5.0, 5.0, 5.0, 5.0, 5.0, 5.0, 5.0, 5.0, 4.795400619506836, 4.415057182312012, 4.0998454093933105, 3.8349318504333496]"
3.3505682945251465,0.5757325291633606,-0.42857199907302856,1.595956563949585,0.07568959146738052,0.057638414204120636,0.9987909197807312,-0.03936741128563881,0.029438083991408348,16.604183197021484,0.4890073537826538,"[5.0, 5.0, 1.1654778718948364, 1.0053956508636475, 0.886250913143158, 0.8668497204780579, 0.8636294603347778, 0.8611679077148438, 0.8594503402709961, 0.8584742546081543, 0.8582302331924438, 0.8587210774421692, 0.8599454760551453, 0.8619123101234436, 0.8646273016929626, 0.8681063055992126, 0.8723645210266113, 0.8774237632751465, 0.883306086063385, 0.8900426030158997, 5.0, 5.0, 5.0, 5.0, 5.0, 5.0, 5.0, 5.0, 5.0, 5.0, 4.630096912384033, 4.605981826782227, 4.58604097366333, 4.828088283538818, 5.0, 5.0, 5.0, 5.0, 5.0, 5.0, 3.544661521911621, 3.3999695777893066, 3.4103565216064453, 3.42372989654541, 3.4401612281799316, 5.0, 5.0, 5.0, 5.0, 5.0, 5.0, 5.0, 5.0, 4.999350070953369, 4.980198860168457, 5.0, 5.0, 5.0, 5.0, 4.654116153717041]"
3.3483376502990723,0.618860125541687,-0.4566604495048523,1.9490132331848145,-0.15018047392368317,0.0573582798242569,0.9987394213676453,-0.04046633094549179,0.029697805643081665,16.537906646728516,0.4913563132286072,"[5.0, 1.043397068977356, 0.8680033087730408, 0.8134499192237854, 0.8092232346534729, 0.8057254552841187, 0.8029373288154602, 0.8008407950401306, 0.7994293570518494, 0.7986999750137329, 0.7986421585083008, 0.7992609739303589, 0.8005565404891968, 0.8025364875793457, 0.8052083253860474, 0.8085863590240479, 0.8126872777938843, 0.8175284266471863, 0.8231350183486938, 5.0, 5.0, 5.0, 5.0, 5.0, 5.0, 5.0, 5.0, 5.0, 5.0, 5.0, 4.567822456359863, 4.5438408851623535, 4.5239787101745605, 4.716277599334717, 5.0, 5.0, 5.0, 5.0, 5.0, 5.0, 3.707030773162842, 3.3363969326019287, 3.3464441299438477, 3.359431743621826, 3.3754220008850098, 5.0, 5.0, 5.0, 5.0, 5.0, 5.0, 5.0, 5.0, 4.9763360023498535, 4.912717342376709, 4.963272571563721, 5.0, 5.0, 5.0, 5.0]"
3.3471388816833496,0.6574254631996155,-0.3840911388397217,2.147636890411377,-0.03766889125108719,0.020679257810115814,0.9986898899078369,-0.040945135056972504,0.03068927489221096,16.47136688232422,0.505732536315918,"[0.8341702818870544, 0.7622631788253784, 0.7571778893470764, 0.7527853846549988, 0.7490763664245605, 0.7460216879844666, 0.7436132431030273, 0.7418391704559326, 0.7406911253929138, 0.7401599884033203, 0.7402507066726685, 0.7409549951553345, 0.7422831058502197, 0.7442358732223511, 0.7468267679214478, 0.7500665783882141, 0.7539701461791992, 0.7585568428039551, 5.0, 5.0, 5.0, 5.0, 5.0, 5.0, 5.0, 5.0, 5.0, 5.0, 5.0, 5.0, 4.506171226501465, 4.482258319854736, 4.462430477142334, 4.59101676940918, 5.0, 5.0, 5.0, 5.0, 5.0, 5.0, 5.0, 3.272919178009033, 3.282587766647339, 3.2951526641845703, 3.3106672763824463, 3.3291921615600586, 5.0, 5.0, 5.0, 5.0, 5.0, 5.0, 5.0, 4.964095115661621, 4.8458638191223145, 4.895331859588623, 4.9500932693481445, 5.0, 5.0, 5.0]"
3.3460922241210938,0.6916447877883911,-0.3377631902694702,2.2630410194396973,0.061136431992053986,-0.011285312473773956,0.9986022710800171,-0.040639910846948624,0.033788155764341354,16.403907775878906,0.5545744895935059,"[0.7073652148246765, 0.702204167842865, 0.6976930499076843, 0.6938169598579407, 0.6905543804168701, 0.6878839731216431, 0.6857998967170715, 0.6842907071113586, 0.6833460927009583, 0.6829679608345032, 0.6831486821174622, 0.6838908791542053, 0.6851983666419983, 0.6870770454406738, 0.6895368099212646, 0.692586362361908, 0.6962430477142334, 1.0338997840881348, 5.0, 5.0, 5.0, 5.0, 5.0, 5.0, 5.0, 5.0, 5.0, 5.0, 5.0, 5.0, 4.443985462188721, 4.420106887817383, 4.400258541107178, 4.4496917724609375, 5.0, 5.0, 5.0, 5.0, 5.0, 5.0, 5.0, 3.208789348602295, 3.218057632446289, 3.230159282684326, 3.2451565265655518, 3.2631099224090576, 5.0, 5.0, 5.0, 5.0, 5.0, 5.0, 5.0, 4.96882438659668, 4.779146194458008, 4.827496528625488, 4.8810601234436035, 5.0, 5.0, 5.0]"
3.3432695865631104,0.7198786735534668,-0.3213779926300049,2.4086318016052246,-0.06468035280704498,-0.048193614929914474,0.9985886812210083,-0.039454616606235504,0.03555131331086159,16.33704376220703,0.5811707973480225,"[0.6492931246757507, 0.6447134613990784, 0.6407167315483093, 0.6372900605201721, 0.6344146728515625, 0.6320759654045105, 0.6302632689476013, 0.6289668679237366, 0.6281825304031372, 0.62790846824646, 0.6281379461288452, 0.6288785934448242, 0.6301273107528687, 0.6318947076797485, 0.6341885328292847, 0.6370154619216919, 0.8584510087966919, 5.0, 5.0, 5.0, 5.0, 5.0, 5.0, 5.0, 5.0, 5.0, 5.0, 5.0, 5.0, 5.0, 4.585153579711914, 4.35964298248291, 4.339722633361816, 4.323712348937988, 4.620818614959717, 5.0, 5.0, 5.0, 5.0, 5.0, 5.0, 3.3924927711486816, 3.1544883251190186, 3.166123151779175, 3.1805927753448486, 3.1979570388793945, 5.0, 5.0, 5.0, 5.0, 5.0, 5.0, 5.0, 4.987425804138184, 4.792057514190674, 4.76204776763916, 4.814445495605469, 5.0, 5.0, 5.0]"
3.338550567626953,0.7518660426139832,-0.32259756326675415,2.502102851867676,0.016370680183172226,-0.27339595556259155,0.9986841082572937,-0.03458612412214279,0.03786279261112213,16.269899368286133,0.6164659261703491,"[0.5937097072601318, 0.5895956754684448, 0.5860111117362976, 0.5829326510429382, 0.5803459882736206, 0.5782394409179688, 0.5766093730926514, 0.575441837310791, 0.5747299790382385, 0.5744742751121521, 0.5746724009513855, 0.5753255486488342, 0.5764393210411072, 0.5780140161514282, 0.6430594325065613, 0.797687828540802, 5.0, 5.0, 5.0, 5.0, 5.0, 5.0, 5.0, 5.0, 5.0, 5.0, 5.0, 5.0, 5.0, 5.0, 5.0, 4.301676273345947, 4.281285762786865, 4.26476526260376, 4.422184467315674, 5.0, 5.0, 5.0, 5.0, 5.0, 5.0, 5.0, 3.0901846885681152, 3.1010804176330566, 3.1147351264953613, 3.131237030029297, 3.150646209716797, 5.0, 5.0, 5.0, 5.0, 5.0, 5.0, 5.0, 4.843736171722412, 4.693805694580078, 4.744583606719971, 4.800681114196777, 5.0, 5.0]"
3.3241231441497803,0.7884755730628967,-0.3862162232398987,2.5708017349243164,-0.5347391963005066,-0.5248391032218933,0.9991766214370728,-0.0248505137860775,0.03206552565097809,16.20694923400879,0.5199518203735352,"[0.5419387817382812, 0.5381765961647034, 0.5348812937736511, 0.5320461988449097, 0.5296525359153748, 0.5276886820793152, 0.5261501669883728, 0.5250216722488403, 0.5243055820465088, 0.5239965319633484, 0.5240869522094727, 0.5245877504348755, 0.5688384175300598, 0.6467305421829224, 0.7544532418251038, 5.0, 5.0, 5.0, 5.0, 5.0, 5.0, 5.0, 5.0, 5.0, 5.0, 5.0, 5.0, 5.0, 5.0, 5.0, 5.0, 4.374129295349121, 4.232629776000977, 4.215023994445801, 4.2011919021606445, 4.513175010681152, 5.0, 5.0, 5.0, 5.0, 5.0, 5.0, 3.4023211002349854, 3.0397613048553467, 3.052302837371826, 3.067606210708618, 3.0857560634613037, 3.10683012008667, 5.0, 5.0, 5.0, 5.0, 5.0, 5.0, 4.93831729888916, 4.746363162994385, 4.67706823348999, 4.7309699058532715, 5.0, 5.0]"
3.3117880821228027,0.8357119560241699,-0.2875608205795288,2.5111465454101562,0.24285435676574707,-0.7985963821411133,0.9993566870689392,-0.009927544742822647,0.034461021423339844,16.139997482299805,0.5565314292907715,"[0.4911983013153076, 0.48771214485168457, 0.48464667797088623, 0.4819861352443695, 0.47972002625465393, 0.4778364598751068, 0.4763280749320984, 0.47518545389175415, 0.47440004348754883, 0.49078208208084106, 0.5307355523109436, 0.579857587814331, 0.6415203809738159, 0.7209656834602356, 5.0, 5.0, 5.0, 5.0, 5.0, 5.0, 5.0, 5.0, 5.0, 5.0, 5.0, 5.0, 5.0, 5.0, 5.0, 5.0, 5.0, 5.0, 4.181311130523682, 4.162098407745361, 4.1466546058654785, 4.202635765075684, 5.0, 5.0, 5.0, 5.0, 5.0, 5.0, 5.0, 3.2510929107666016, 2.984004497528076, 2.9977025985717773, 3.014157295227051, 3.033440589904785, 3.0556435585021973, 5.0, 5.0, 5.0, 5.0, 5.0, 5.0, 4.8898091316223145, 4.702873706817627, 4.649669647216797, 4.705842971801758, 5.0]"
0.0,0.0,0.0,0.0,0.0,0.0,0.6739560961723328,0.7387706637382507,0.0009263043757528067,21.288455963134766,0.019719600677490234,"[5.0, 5.0, 5.0, 5.0, 5.0, 5.0, 5.0, 5.0, 5.0, 5.0, 5.0, 5.0, 5.0, 5.0, 5.0, 5.0, 5.0, 5.0, 5.0, 5.0, 5.0, 5.0, 5.0, 5.0, 5.0, 5.0, 5.0, 5.0, 5.0, 5.0, 5.0, 5.0, 5.0, 5.0, 5.0, 5.0, 5.0, 5.0, 5.0, 5.0, 5.0, 5.0, 5.0, 5.0, 5.0, 5.0, 5.0, 5.0, 5.0, 5.0, 5.0, 5.0, 5.0, 5.0, 5.0, 5.0, 5.0, 5.0, 5.0, 5.0]"
0.025892512872815132,-0.017291899770498276,0.11992872506380081,-4.389646053314209,6.760119438171387,4.300387382507324,0.7140083909034729,0.6900128126144409,0.1186346635222435,21.14626693725586,2.5265228748321533,"[5.0, 5.0, 5.0, 5.0, 5.0, 5.0, 5.0, 5.0, 5.0, 5.0, 5.0, 5.0, 5.0, 5.0, 5.0, 5.0, 5.0, 5.0, 5.0, 5.0, 5.0, 5.0, 5.0, 5.0, 5.0, 5.0, 5.0, 5.0, 5.0, 5.0, 5.0, 5.0, 5.0, 5.0, 5.0, 5.0, 5.0, 5.0, 5.0, 5.0, 5.0, 5.0, 5.0, 5.0, 5.0, 5.0, 5.0, 5.0, 5.0, 5.0, 5.0, 5.0, 5.0, 5.0, 5.0, 5.0, 5.0, 5.0, 5.0, 5.0]"
0.04531089961528778,-0.03556410223245621,0.18519186973571777,-5.068687915802002,8.529233932495117,7.53945255279541,0.7650684714317322,0.5687326192855835,0.302015483379364,20.313833236694336,6.435616970062256,"[5.0, 5.0, 5.0, 5.0, 5.0, 5.0, 5.0, 5.0, 5.0, 5.0, 5.0, 5.0, 5.0, 5.0, 5.0, 5.0, 5.0, 5.0, 5.0, 5.0, 5.0, 5.0, 5.0, 5.0, 5.0, 5.0, 5.0, 5.0, 5.0, 5.0, 5.0, 5.0, 5.0, 5.0, 5.0, 5.0, 5.0, 5.0, 5.0, 5.0, 5.0, 5.0, 5.0, 5.0, 5.0, 5.0, 5.0, 5.0, 5.0, 5.0, 5.0, 5.0, 5.0, 5.0, 5.0, 5.0, 5.0, 5.0, 5.0, 5.0]"
0.06593593955039978,-0.05916152149438858,0.35274675488471985,-3.9368245601654053,6.336036682128906,9.786357879638672,0.8020986914634705,0.38972601294517517,0.45249444246292114,19.009532928466797,9.6456880569458,"[5.0, 5.0, 5.0, 5.0, 5.0, 5.0, 5.0, 5.0, 5.0, 5.0, 5.0, 5.0, 5.0, 5.0, 5.0, 5.0, 5.0, 5.0, 5.0, 5.0, 4.913273811340332, 4.751814365386963, 4.607269287109375, 4.477634906768799, 4.361242771148682, 4.25669527053833, 4.162803649902344, 4.078567981719971, 4.003134727478027, 3.935781955718994, 3.875882387161255, 3.82291841506958, 3.7764270305633545, 3.7360315322875977, 3.701406717300415, 3.672287940979004, 3.6484503746032715, 3.6297125816345215, 3.6159415245056152, 3.607034921646118, 3.602933883666992, 3.6036109924316406, 3.6090598106384277, 3.619318723678589, 3.6344754695892334, 3.6546411514282227, 3.679950714111328, 3.710592746734619, 3.746819019317627, 3.788893938064575, 3.8371593952178955, 3.892037868499756, 3.953974723815918, 4.023542404174805, 4.10137414932251, 4.188234329223633, 4.285022258758545, 4.392775535583496, 4.5127410888671875, 4.646398067474365]"
0.09862370043992996,-0.07414785772562027,0.7327432632446289,-1.496259093284607,2.778759002685547,8.717405319213867,0.8217021822929382,0.2211718112230301,0.5252506732940674,18.137386322021484,11.19537353515625,"[5.0, 5.0, 5.0, 5.0, 5.0, 5.0, 5.0, 5.0, 5.0, 4.8484883308410645, 4.624505996704102, 4.426468372344971, 4.250520706176758, 4.0935564041137695, 3.953043222427368, 3.826901435852051, 3.713402032852173, 3.61110782623291, 3.518798589706421, 3.4354519844055176, 3.3601956367492676, 3.292285442352295, 3.2310876846313477, 3.176055431365967, 3.1267142295837402, 3.082667827606201, 3.043555736541748, 3.009093761444092, 2.9790210723876953, 2.9531214237213135, 2.931208848953247, 2.9131410121917725, 2.8987889289855957, 2.888059377670288, 2.8808789253234863, 2.8772132396698, 2.877021551132202, 2.880312204360962, 2.8871147632598877, 2.8974521160125732, 2.911409378051758, 2.9290730953216553, 2.9505600929260254, 2.976013660430908, 3.0056259632110596, 3.0396053791046143, 3.078200340270996, 3.1216988563537598, 3.170442819595337, 3.2248456478118896, 3.2853469848632812, 3.35250186920166, 3.4269256591796875, 3.5093507766723633, 3.6006453037261963, 3.701817512512207, 3.8140323162078857, 3.9387335777282715, 4.077592849731445, 4.232663631439209]"
0.1715005338191986,-0.07269890606403351,1.2049859762191772,0.12838947772979736,0.3232380151748657,6.3034234046936035,0.8347153067588806,0.10319019109010696,0.5409270524978638,17.91596031188965,11.522504806518555,"[5.0, 5.0, 5.0, 5.0, 4.75697135925293, 4.534999370574951, 4.338754653930664, 4.164402484893799, 4.008848667144775, 3.869570732116699, 3.7445011138916016, 3.631925582885742, 3.5304019451141357, 3.4387316703796387, 3.355896234512329, 3.2810235023498535, 3.213379383087158, 3.152329921722412, 3.097327947616577, 3.0479037761688232, 3.003662109375, 2.9642457962036133, 2.929365873336792, 2.898754358291626, 2.872204542160034, 2.8495283126831055, 2.8305678367614746, 2.815192937850952, 2.8033218383789062, 2.794858694076538, 2.789747476577759, 2.787965774536133, 2.789501905441284, 2.794358968734741, 2.802578926086426, 2.8141980171203613, 2.8293113708496094, 2.847998857498169, 2.870396375656128, 2.896655559539795, 2.9269535541534424, 2.9615073204040527, 3.000586748123169, 3.0444602966308594, 3.093478202819824, 3.148059844970703, 3.2086410522460938, 3.2757821083068848, 3.350092887878418, 3.432300090789795, 3.5232949256896973, 3.624037742614746, 3.7357614040374756, 3.859835386276245, 3.9980030059814453, 4.152276515960693, 4.325136184692383, 4.519622802734375, 4.739548206329346, 4.989614486694336]"
0.3075534701347351,-0.06630048155784607,1.6938645839691162,0.1270429939031601,-1.7857142686843872,3.491229772567749,0.8544949293136597,0.03364231064915657,0.5183690190315247,18.19660186767578,11.030203819274902,"[5.0, 5.0, 5.0, 4.783775329589844, 4.5847601890563965, 4.407686710357666, 4.249524116516113, 4.107807159423828, 3.980489730834961, 3.8658769130706787, 3.7625482082366943, 3.669307231903076, 3.58514142036438, 3.509183168411255, 3.440701723098755, 3.379060745239258, 3.323714256286621, 3.274207353591919, 3.2301321029663086, 3.191141366958618, 3.156940221786499, 3.127284288406372, 3.101956605911255, 3.0807907581329346, 3.0636279582977295, 3.0503504276275635, 3.040883779525757, 3.035156488418579, 3.0331387519836426, 3.03481125831604, 3.0401768684387207, 3.049286127090454, 3.0621895790100098, 3.0789883136749268, 3.099761724472046, 3.1246912479400635, 3.153925657272339, 3.187676191329956, 3.2261962890625, 3.2697794437408447, 3.318749189376831, 3.373523473739624, 3.4345386028289795, 3.502342462539673, 3.5775585174560547, 3.660914182662964, 3.7532432079315186, 3.855562210083008, 3.9690439701080322, 4.095082759857178, 4.2353410720825195, 4.3918352127075195, 4.566985607147217, 4.763766765594482, 4.985825061798096, 5.0, 5.0, 5.0, 5.0, 5.0]"
0.5362388491630554,-0.0970812439918518,2.1172685623168945,-1.2502869367599487,-3.8996591567993164,0.9345211982727051,0.8887412548065186,-0.002391162561252713,0.45840272307395935,18.882999420166016,9.739603042602539,"[5.0, 5.0, 5.0, 5.0, 5.0, 5.0, 5.0, 5.0, 5.0, 4.90567684173584, 4.763735771179199, 4.63627290725708, 4.5217204093933105, 4.418773174285889, 4.3263068199157715, 4.243381023406982, 4.169188499450684, 4.103039264678955, 4.044346332550049, 3.992608070373535, 3.94739031791687, 3.9083425998687744, 3.875143527984619, 3.847560167312622, 3.825376272201538, 3.808434009552002, 3.7966089248657227, 3.789815664291382, 3.7880096435546875, 3.7911720275878906, 3.7993247509002686, 3.8125391006469727, 3.830897092819214, 3.8545191287994385, 3.8836188316345215, 3.9183709621429443, 3.9590682983398438, 4.006017208099365, 4.059605598449707, 4.120284557342529, 4.188553333282471, 4.265055179595947, 4.350485324859619, 4.44570255279541, 4.551692962646484, 4.669612407684326, 4.8008527755737305, 4.9470438957214355, 5.0, 5.0, 5.0, 5.0, 5.0, 5.0, 5.0, 5.0, 5.0, 5.0, 5.0, 5.0]"
0.7592636346817017,-0.16452258825302124,2.371631383895874,-2.0224575996398926,-2.3474998474121094,-0.7538355588912964,0.9132882356643677,-0.011793090030550957,0.4071429967880249,19.373281478881836,8.635870933532715,"[5.0, 5.0, 5.0, 5.0, 5.0, 5.0, 5.0, 5.0, 5.0, 5.0, 5.0, 5.0, 5.0, 5.0, 5.0, 5.0, 5.0, 5.0, 5.0, 5.0, 5.0, 5.0, 5.0, 4.949199676513672, 4.897906303405762, 4.854590892791748, 4.818905830383301, 4.790562152862549, 4.769317150115967, 4.755029201507568, 4.747567176818848, 4.7468743324279785, 4.752959251403809, 4.765857696533203, 4.785666465759277, 4.812551021575928, 4.846732139587402, 4.888463020324707, 4.93810510635376, 4.996084213256836, 5.0, 5.0, 5.0, 5.0, 5.0, 5.0, 5.0, 5.0, 5.0, 5.0, 5.0, 5.0, 5.0, 5.0, 5.0, 5.0, 5.0, 5.0, 5.0, 5.0]"
0.7714706659317017,-0.253944456577301,2.5476441383361816,-2.119776487350464,3.3120551109313965,-0.6329477429389954,0.8981744050979614,-0.01689440943300724,0.43931421637535095,19.024810791015625,9.303751945495605,"[5.0, 5.0, 5.0, 5.0, 5.0, 5.0, 5.0, 5.0, 5.0, 5.0, 5.0, 5.0, 5.0, 5.0, 5.0, 5.0, 5.0, 5.0, 5.0, 4.9355363845825195, 4.830477237701416, 4.736356258392334, 4.652214050292969, 4.577264785766602, 4.5108208656311035, 4.452301025390625, 4.401218891143799, 4.35714054107666, 4.319730758666992, 4.288698673248291, 4.263796806335449, 4.244845867156982, 4.2317118644714355, 4.224287509918213, 4.222525119781494, 4.226408958435059, 4.2359795570373535, 4.251289367675781, 4.272458553314209, 4.29964542388916, 4.333043575286865, 4.372926235198975, 4.419588088989258, 4.473418235778809, 4.53485631942749, 4.604423522949219, 4.6827545166015625, 4.770537376403809, 4.868666648864746, 4.978099346160889, 5.0, 5.0, 5.0, 5.0, 5.0, 5.0, 5.0, 5.0, 5.0, 5.0]"
0.7868661284446716,-0.28633081912994385,2.626896381378174,-0.7514513731002808,0.6502414345741272,-0.982232391834259,0.8874530792236328,-0.01054665632545948,0.460777223110199,18.763757705688477,9.74169921875,"[5.0, 5.0, 5.0, 5.0, 5.0, 5.0, 5.0, 5.0, 5.0, 5.0, 5.0, 5.0, 5.0, 5.0, 5.0, 5.0, 5.0, 5.0, 4.930413246154785, 4.804519176483154, 4.691238880157471, 4.589338302612305, 4.4977707862854, 4.415631294250488, 4.342154026031494, 4.276691436767578, 4.218686580657959, 4.1676459312438965, 4.12316370010376, 4.084911346435547, 4.052585601806641, 4.025954723358154, 4.004815101623535, 3.9890217781066895, 3.9784767627716064, 3.9730827808380127, 3.9728314876556396, 3.977694034576416, 3.9877030849456787, 4.002954483032227, 4.023529052734375, 4.049596309661865, 4.081331729888916, 4.118974685668945, 4.1627984046936035, 4.213140487670898, 4.270416259765625, 4.335093021392822, 4.40772008895874, 4.4889326095581055, 4.579509258270264, 4.680307865142822, 4.792369365692139, 4.916910171508789, 5.0, 5.0, 5.0, 5.0, 5.0, 5.0]"
0.924232542514801,-0.26572927832603455,2.738020420074463,-0.2407250553369522,-1.3601391315460205,-1.3545100688934326,0.8960961699485779,0.00888203177601099,0.4437708854675293,18.909034729003906,9.363801956176758,"[5.0, 5.0, 5.0, 5.0, 5.0, 5.0, 5.0, 5.0, 5.0, 5.0, 5.0, 5.0, 5.0, 5.0, 5.0, 5.0, 5.0, 5.0, 5.0, 5.0, 5.0, 5.0, 5.0, 4.9334893226623535, 4.836956024169922, 4.750532627105713, 4.673412799835205, 4.604898452758789, 4.544405460357666, 4.491427421569824, 4.445542812347412, 4.406385898590088, 4.373653411865234, 4.347116470336914, 4.326562404632568, 4.31185245513916, 4.302875518798828, 4.299581527709961, 4.301927089691162, 4.3099470138549805, 4.323679447174072, 4.343240261077881, 4.3687567710876465, 4.4004364013671875, 4.4384942054748535, 4.483223915100098, 4.534972667694092, 4.594168663024902, 4.661291122436523, 4.736922264099121, 4.8217291831970215, 4.916498184204102, 5.0, 5.0, 5.0, 5.0, 5.0, 5.0, 5.0, 5.0]"
1.0483574867248535,-0.20756059885025024,2.8163671493530273,0.025295794010162354,-0.0906478762626648,-1.9196803569793701,0.8996485471725464,0.04071463271975517,0.4347122013568878,18.963624954223633,9.153897285461426,"[5.0, 5.0, 5.0, 5.0, 5.0, 5.0, 5.0, 5.0, 5.0, 5.0, 5.0, 5.0, 5.0, 5.0, 5.0, 5.0, 5.0, 5.0, 5.0, 5.0, 5.0, 5.0, 5.0, 5.0, 5.0, 5.0, 5.0, 4.978344917297363, 4.901572227478027, 4.833646774291992, 4.773961544036865, 4.7220540046691895, 4.6774749755859375, 4.639913082122803, 4.609049320220947, 4.584660053253174, 4.566588401794434, 4.554677486419678, 4.548852920532227, 4.54906702041626, 4.555337905883789, 4.567683219909668, 4.586216926574707, 4.611050605773926, 4.642394065856934, 4.680464267730713, 4.7255473136901855, 4.77800989151001, 4.838272571563721, 4.906826019287109, 4.984246730804443, 5.0, 5.0, 5.0, 5.0, 5.0, 5.0, 5.0, 5.0, 5.0]"
1.1350116729736328,-0.13823238015174866,2.831347942352295,0.14258220791816711,0.19919079542160034,-1.7787823677062988,0.8972978591918945,0.0745721086859703,0.4350808560848236,18.92008399963379,9.14243221282959,"[5.0, 5.0, 5.0, 5.0, 5.0, 5.0, 5.0, 5.0, 5.0, 5.0, 5.0, 5.0, 5.0, 5.0, 5.0, 5.0, 5.0, 5.0, 5.0, 5.0, 5.0, 5.0, 5.0, 5.0, 5.0, 5.0, 5.0, 5.0, 5.0, 5.0, 4.954507827758789, 4.893215656280518, 4.839868068695068, 4.794046401977539, 4.755378246307373, 4.723586082458496, 4.69843053817749, 4.679711818695068, 4.6673173904418945, 4.661135673522949, 4.6611409187316895, 4.66731595993042, 4.67972469329834, 4.698436260223389, 4.723598003387451, 4.755399227142334, 4.794068336486816, 4.839900493621826, 4.893258571624756, 4.954546928405762, 5.0, 5.0, 5.0, 5.0, 5.0, 5.0, 5.0, 5.0, 5.0, 5.0]"
1.220555305480957,-0.06973817944526672,2.823140859603882,0.17291593551635742,-0.0058158934116363525,-1.3912014961242676,0.8950812816619873,0.10297127813100815,0.4338504374027252,18.89127540588379,9.096699714660645,"[5.0, 5.0, 5.0, 5.0, 5.0, 5.0, 5.0, 5.0, 5.0, 5.0, 5.0, 5.0, 5.0, 5.0, 5.0, 5.0, 5.0, 5.0, 5.0, 5.0, 5.0, 5.0, 5.0, 5.0, 5.0, 5.0, 5.0, 5.0, 5.0, 5.0, 5.0, 5.0, 5.0, 4.9721832275390625, 4.9266180992126465, 4.88837194442749, 4.857140064239502, 4.832691192626953, 4.814849853515625, 4.803489685058594, 4.798521995544434, 4.7999186515808105, 4.807675838470459, 4.821869850158691, 4.842582702636719, 4.86997652053833, 4.904253959655762, 4.945672988891602, 4.994544982910156, 5.0, 5.0, 5.0, 5.0, 5.0, 5.0, 5.0, 5.0, 5.0, 5.0, 5.0]"
1.3149676322937012,-0.008793890476226807,2.79964017868042,0.14606104791164398,-0.22454267740249634,-0.9485441446304321,0.8949360847473145,0.12353367358446121,0.42875248193740845,18.899505615234375,8.969463348388672,"[5.0, 5.0, 5.0, 5.0, 5.0, 5.0, 5.0, 5.0, 5.0, 5.0, 5.0, 5.0, 5.0, 5.0, 5.0, 5.0, 5.0, 5.0, 5.0, 5.0, 5.0, 5.0, 5.0, 5.0, 5.0, 5.0, 5.0, 5.0, 5.0, 5.0, 5.0, 5.0, 5.0, 5.0, 5.0, 5.0, 5.0, 5.0, 5.0, 5.0, 5.0, 4.998558521270752, 5.0, 5.0, 5.0, 5.0, 5.0, 5.0, 5.0, 5.0, 5.0, 5.0, 5.0, 5.0, 5.0, 5.0, 5.0, 5.0, 5.0, 5.0]"
1.4194480180740356,0.045629143714904785,2.7579867839813232,0.1437940001487732,-0.4585251808166504,-0.618895411491394,0.8972454071044922,0.1375994235277176,0.4195437431335449,18.945266723632812,8.756263732910156,"[5.0, 5.0, 5.0, 5.0, 5.0, 5.0, 5.0, 5.0, 5.0, 5.0, 5.0, 5.0, 5.0, 5.0, 5.0, 5.0, 5.0, 5.0, 5.0, 5.0, 5.0, 5.0, 5.0, 5.0, 5.0, 5.0, 5.0, 5.0, 5.0, 5.0, 5.0, 5.0, 5.0, 5.0, 5.0, 5.0, 5.0, 5.0, 5.0, 5.0, 5.0, 5.0, 5.0, 5.0, 5.0, 5.0, 5.0, 5.0, 5.0, 5.0, 5.0, 5.0, 5.0, 5.0, 5.0, 5.0, 5.0, 5.0, 5.0, 5.0]"
1.532411813735962,0.09320224821567535,2.703202962875366,0.13434448838233948,-0.6493113040924072,-0.3385009765625,0.9017564058303833,0.14633803069591522,0.4067190885543823,19.02060317993164,8.468080520629883,"[5.0, 5.0, 5.0, 5.0, 5.0, 5.0, 5.0, 5.0, 5.0, 5.0, 5.0, 5.0, 5.0, 5.0, 5.0, 5.0, 5.0, 5.0, 5.0, 5.0, 5.0, 5.0, 5.0, 5.0, 5.0, 5.0, 5.0, 5.0, 5.0, 5.0, 5.0, 5.0, 5.0, 5.0, 5.0, 5.0, 5.0, 5.0, 5.0, 5.0, 5.0, 5.0, 5.0, 5.0, 5.0, 5.0, 5.0, 5.0, 5.0, 5.0, 5.0, 5.0, 5.0, 5.0, 5.0, 5.0, 5.0, 5.0, 5.0, 5.0]"
1.6522375345230103,0.13240879774093628,2.629863739013672,0.10282857716083527,-0.8336465358734131,-0.0926029235124588,0.9082273244857788,0.1502537876367569,0.3905723989009857,19.119054794311523,8.11166763305664,"[5.0, 5.0, 5.0, 5.0, 5.0, 5.0, 5.0, 5.0, 5.0, 5.0, 5.0, 5.0, 5.0, 5.0, 5.0, 5.0, 5.0, 5.0, 5.0, 5.0, 5.0, 5.0, 5.0, 5.0, 5.0, 5.0, 5.0, 5.0, 5.0, 5.0, 5.0, 5.0, 5.0, 5.0, 5.0, 5.0, 5.0, 5.0, 5.0, 5.0, 5.0, 5.0, 5.0, 5.0, 5.0, 5.0, 5.0, 5.0, 5.0, 5.0, 5.0, 5.0, 5.0, 5.0, 5.0, 5.0, 5.0, 5.0, 5.0, 5.0]"
1.7771291732788086,0.16055074334144592,2.5352492332458496,0.01405700296163559,-0.9997036457061768,0.12141512334346771,0.9163238406181335,0.1495201140642166,0.3714757263660431,19.233327865600586,7.695375442504883,"[5.0, 5.0, 5.0, 5.0, 5.0, 5.0, 5.0, 5.0, 5.0, 5.0, 5.0, 5.0, 5.0, 5.0, 5.0, 5.0, 5.0, 5.0, 5.0, 5.0, 5.0, 5.0, 5.0, 5.0, 5.0, 5.0, 5.0, 5.0, 5.0, 5.0, 5.0, 5.0, 5.0, 5.0, 5.0, 5.0, 5.0, 5.0, 5.0, 5.0, 5.0, 5.0, 5.0, 5.0, 5.0, 5.0, 5.0, 5.0, 5.0, 5.0, 5.0, 5.0, 5.0, 5.0, 5.0, 5.0, 5.0, 5.0, 5.0, 5.0]"
1.9031822681427002,0.17568588256835938,2.4195985794067383,-0.12213155627250671,-1.1001105308532715,0.2979150414466858,0.9253588914871216,0.14442916214466095,0.3505009114742279,19.35100746154785,7.241959095001221,"[5.0, 5.0, 5.0, 5.0, 5.0, 5.0, 5.0, 5.0, 5.0, 5.0, 5.0, 5.0, 5.0, 5.0, 5.0, 5.0, 5.0, 5.0, 5.0, 5.0, 5.0, 5.0, 5.0, 5.0, 5.0, 5.0, 5.0, 5.0, 5.0, 5.0, 5.0, 5.0, 5.0, 5.0, 5.0, 5.0, 5.0, 5.0, 5.0, 5.0, 5.0, 5.0, 5.0, 5.0, 5.0, 5.0, 5.0, 5.0, 5.0, 5.0, 5.0, 5.0, 5.0, 5.0, 5.0, 5.0, 5.0, 5.0, 5.0, 5.0]"
2.0250000953674316,0.17918714880943298,2.2856345176696777,-0.23994286358356476,-1.1035397052764893,0.43368950486183167,0.9344386458396912,0.1357705444097519,0.3292272984981537,19.458166122436523,6.784384727478027,"[5.0, 5.0, 5.0, 5.0, 5.0, 5.0, 5.0, 5.0, 5.0, 5.0, 5.0, 5.0, 5.0, 5.0, 5.0, 5.0, 5.0, 5.0, 5.0, 5.0, 5.0, 5.0, 5.0, 5.0, 5.0, 5.0, 5.0, 5.0, 5.0, 5.0, 5.0, 5.0, 5.0, 5.0, 5.0, 5.0, 5.0, 5.0, 5.0, 5.0, 5.0, 5.0, 5.0, 5.0, 5.0, 5.0, 5.0, 5.0, 5.0, 5.0, 5.0, 5.0, 5.0, 5.0, 5.0, 5.0, 5.0, 5.0, 5.0, 5.0]"
2.1388611793518066,0.17553740739822388,2.137908935546875,-0.27942997217178345,-1.0520572662353516,0.5306272506713867,0.9429526329040527,0.12473699450492859,0.30867600440979004,19.548126220703125,6.34382438659668,"[5.0, 5.0, 5.0, 5.0, 5.0, 5.0, 5.0, 5.0, 5.0, 5.0, 5.0, 5.0, 5.0, 5.0, 5.0, 5.0, 5.0, 5.0, 5.0, 5.0, 5.0, 5.0, 5.0, 5.0, 5.0, 5.0, 5.0, 5.0, 5.0, 5.0, 5.0, 5.0, 5.0, 5.0, 5.0, 5.0, 5.0, 5.0, 5.0, 5.0, 5.0, 5.0, 5.0, 5.0, 5.0, 5.0, 5.0, 5.0, 5.0, 5.0, 5.0, 5.0, 5.0, 5.0, 5.0, 5.0, 5.0, 5.0, 5.0, 5.0]"
2.243666172027588,0.16834427416324615,1.9824845790863037,-0.29325175285339355,-0.9876253008842468,0.5887953639030457,0.9506593942642212,0.11230333894491196,0.2891962230205536,19.620187759399414,5.927361965179443,"[5.0, 5.0, 5.0, 5.0, 5.0, 5.0, 5.0, 5.0, 5.0, 5.0, 5.0, 5.0, 5.0, 5.0, 5.0, 5.0, 5.0, 5.0, 5.0, 5.0, 5.0, 5.0, 5.0, 5.0, 5.0, 5.0, 5.0, 5.0, 5.0, 5.0, 5.0, 5.0, 5.0, 5.0, 5.0, 5.0, 5.0, 5.0, 5.0, 5.0, 5.0, 5.0, 5.0, 5.0, 5.0, 5.0, 5.0, 5.0, 5.0, 5.0, 5.0, 5.0, 5.0, 5.0, 5.0, 5.0, 5.0, 5.0, 5.0, 5.0]"
2.3387818336486816,0.15905483067035675,1.8256139755249023,-0.30871570110321045,-0.886609673500061,0.6241271495819092,0.9573642015457153,0.09900720417499542,0.2713872492313385,19.672752380371094,5.547116756439209,"[5.0, 5.0, 5.0, 5.0, 5.0, 5.0, 5.0, 5.0, 5.0, 5.0, 5.0, 5.0, 5.0, 5.0, 5.0, 5.0, 5.0, 5.0, 5.0, 5.0, 5.0, 5.0, 5.0, 5.0, 5.0, 5.0, 5.0, 5.0, 5.0, 5.0, 5.0, 5.0, 5.0, 5.0, 5.0, 5.0, 5.0, 5.0, 5.0, 5.0, 5.0, 5.0, 5.0, 5.0, 5.0, 5.0, 5.0, 5.0, 5.0, 5.0, 5.0, 5.0, 5.0, 5.0, 5.0, 5.0, 5.0, 5.0, 5.0, 5.0]"
2.4236910343170166,0.14829076826572418,1.6739426851272583,-0.3287356495857239,-0.7403884530067444,0.6468395590782166,0.9628917574882507,0.0851159617304802,0.2561144530773163,19.703533172607422,5.2204813957214355,"[5.0, 5.0, 5.0, 5.0, 5.0, 5.0, 5.0, 5.0, 5.0, 5.0, 5.0, 5.0, 5.0, 5.0, 5.0, 5.0, 5.0, 5.0, 5.0, 5.0, 5.0, 5.0, 5.0, 5.0, 5.0, 5.0, 5.0, 5.0, 5.0, 5.0, 5.0, 5.0, 5.0, 5.0, 5.0, 5.0, 5.0, 5.0, 5.0, 5.0, 5.0, 5.0, 5.0, 5.0, 5.0, 5.0, 5.0, 5.0, 5.0, 5.0, 5.0, 5.0, 5.0, 5.0, 5.0, 5.0, 5.0, 5.0, 5.0, 5.0]"
2.4987685680389404,0.13679195940494537,1.5341267585754395,-0.341919869184494,-0.5673772692680359,0.6599044799804688,0.967180073261261,0.0708547830581665,0.2440124899148941,19.712234497070312,4.959961414337158,"[5.0, 5.0, 5.0, 5.0, 5.0, 5.0, 5.0, 5.0, 5.0, 5.0, 5.0, 5.0, 5.0, 5.0, 5.0, 5.0, 5.0, 5.0, 5.0, 5.0, 5.0, 5.0, 5.0, 5.0, 5.0, 5.0, 5.0, 5.0, 5.0, 5.0, 5.0, 5.0, 5.0, 5.0, 5.0, 5.0, 5.0, 5.0, 5.0, 5.0, 5.0, 5.0, 5.0, 5.0, 5.0, 5.0, 5.0, 5.0, 5.0, 5.0, 5.0, 5.0, 5.0, 5.0, 5.0, 5.0, 5.0, 5.0, 5.0, 5.0]"
2.565446615219116,0.1255713254213333,1.4119139909744263,-0.3428674340248108,-0.3966329097747803,0.6608020067214966,0.9703065156936646,0.056491974741220474,0.23518851399421692,19.701051712036133,4.767182350158691,"[5.0, 5.0, 5.0, 5.0, 5.0, 5.0, 5.0, 5.0, 5.0, 5.0, 5.0, 5.0, 5.0, 5.0, 5.0, 5.0, 5.0, 5.0, 5.0, 5.0, 5.0, 5.0, 5.0, 5.0, 5.0, 5.0, 5.0, 5.0, 5.0, 5.0, 5.0, 5.0, 5.0, 5.0, 5.0, 5.0, 5.0, 5.0, 5.0, 5.0, 5.0, 5.0, 5.0, 5.0, 5.0, 5.0, 5.0, 5.0, 5.0, 5.0, 5.0, 5.0, 5.0, 5.0, 5.0, 5.0, 5.0, 5.0, 5.0, 5.0]"
2.6257951259613037,0.11587679386138916,1.3112294673919678,-0.32975730299949646,-0.25400981307029724,0.6435761451721191,0.9724487662315369,0.042404655367136,0.2292271852493286,19.67401885986328,4.633188247680664,"[5.0, 5.0, 5.0, 5.0, 5.0, 5.0, 5.0, 5.0, 5.0, 5.0, 5.0, 5.0, 5.0, 5.0, 5.0, 5.0, 5.0, 5.0, 5.0, 5.0, 5.0, 5.0, 5.0, 5.0, 5.0, 5.0, 5.0, 5.0, 5.0, 5.0, 5.0, 5.0, 5.0, 5.0, 5.0, 5.0, 5.0, 5.0, 5.0, 5.0, 5.0, 5.0, 5.0, 5.0, 5.0, 5.0, 5.0, 5.0, 5.0, 5.0, 5.0, 5.0, 5.0, 5.0, 5.0, 5.0, 5.0, 5.0, 5.0, 5.0]"
2.6819636821746826,0.10906138271093369,1.2325139045715332,-0.2974732220172882,-0.15435048937797546,0.6063879728317261,0.9738410711288452,0.02904212847352028,0.22536613047122955,19.635780334472656,4.542089462280273,"[5.0, 5.0, 5.0, 5.0, 5.0, 5.0, 5.0, 5.0, 5.0, 5.0, 5.0, 5.0, 5.0, 5.0, 5.0, 5.0, 5.0, 5.0, 5.0, 5.0, 5.0, 5.0, 5.0, 5.0, 5.0, 5.0, 5.0, 5.0, 5.0, 5.0, 5.0, 5.0, 5.0, 5.0, 5.0, 5.0, 5.0, 5.0, 5.0, 5.0, 5.0, 5.0, 5.0, 5.0, 5.0, 5.0, 5.0, 5.0, 5.0, 5.0, 5.0, 5.0, 5.0, 5.0, 5.0, 5.0, 5.0, 5.0, 5.0, 5.0]"
2.7358345985412598,0.10650227963924408,1.1739894151687622,-0.24033376574516296,-0.10465735197067261,0.5506852269172668,0.9747474789619446,0.016873786225914955,0.22267116606235504,19.591184616088867,4.47473669052124,"[5.0, 5.0, 5.0, 5.0, 5.0, 5.0, 5.0, 5.0, 5.0, 5.0, 5.0, 5.0, 5.0, 5.0, 5.0, 5.0, 5.0, 5.0, 5.0, 5.0, 5.0, 5.0, 5.0, 5.0, 5.0, 5.0, 5.0, 5.0, 5.0, 5.0, 5.0, 5.0, 5.0, 5.0, 5.0, 5.0, 5.0, 5.0, 5.0, 5.0, 5.0, 5.0, 5.0, 5.0, 5.0, 5.0, 5.0, 5.0, 5.0, 5.0, 5.0, 5.0, 5.0, 5.0, 5.0, 5.0, 5.0, 5.0, 5.0, 5.0]"
2.788952589035034,0.10920608043670654,1.1309586763381958,-0.16340291500091553,-0.10858621448278427,0.4823291003704071,0.9754502773284912,0.00625892449170351,0.22013062238693237,19.544906616210938,4.410623550415039,"[5.0, 5.0, 5.0, 5.0, 5.0, 5.0, 5.0, 5.0, 5.0, 5.0, 5.0, 5.0, 5.0, 5.0, 5.0, 5.0, 5.0, 5.0, 5.0, 5.0, 5.0, 5.0, 5.0, 5.0, 5.0, 5.0, 5.0, 5.0, 5.0, 5.0, 5.0, 5.0, 5.0, 5.0, 5.0, 5.0, 5.0, 5.0, 5.0, 5.0, 5.0, 5.0, 5.0, 5.0, 5.0, 5.0, 5.0, 5.0, 5.0, 5.0, 5.0, 5.0, 5.0, 5.0, 5.0, 5.0, 5.0, 5.0, 5.0, 5.0]"
2.8425819873809814,0.11739293485879898,1.0946874618530273,-0.07380829751491547,-0.17030580341815948,0.41327112913131714,0.9762425422668457,-0.002674264833331108,0.21666355431079865,19.50163459777832,4.328102111816406,"[5.0, 5.0, 5.0, 5.0, 5.0, 5.0, 5.0, 5.0, 5.0, 5.0, 5.0, 5.0, 5.0, 5.0, 5.0, 5.0, 5.0, 5.0, 5.0, 5.0, 5.0, 5.0, 5.0, 5.0, 5.0, 5.0, 5.0, 5.0, 5.0, 5.0, 5.0, 5.0, 5.0, 5.0, 5.0, 5.0, 5.0, 5.0, 5.0, 5.0, 5.0, 5.0, 5.0, 5.0, 5.0, 5.0, 5.0, 5.0, 5.0, 5.0, 5.0, 5.0, 5.0, 5.0, 5.0, 5.0, 5.0, 5.0, 5.0, 5.0]"
2.897516965866089,0.13037452101707458,1.0563597679138184,0.023981675505638123,-0.2765660285949707,0.3572957515716553,0.9773551821708679,-0.010082040913403034,0.2113647609949112,19.4649600982666,4.209306716918945,"[5.0, 5.0, 5.0, 5.0, 5.0, 5.0, 5.0, 5.0, 5.0, 5.0, 5.0, 5.0, 5.0, 5.0, 5.0, 5.0, 5.0, 5.0, 5.0, 5.0, 5.0, 5.0, 5.0, 5.0, 5.0, 5.0, 5.0, 5.0, 5.0, 5.0, 5.0, 5.0, 5.0, 5.0, 5.0, 5.0, 5.0, 5.0, 5.0, 5.0, 5.0, 5.0, 5.0, 5.0, 5.0, 5.0, 5.0, 5.0, 5.0, 5.0, 5.0, 5.0, 5.0, 5.0, 5.0, 5.0, 5.0, 5.0, 5.0, 5.0]"
2.953896999359131,0.14651508629322052,1.0088810920715332,0.1253465861082077,-0.4065161347389221,0.3268998861312866,0.9788975715637207,-0.01640629954636097,0.20369142293930054,19.43648910522461,4.043824672698975,"[5.0, 5.0, 5.0, 5.0, 5.0, 5.0, 5.0, 5.0, 5.0, 5.0, 5.0, 5.0, 5.0, 5.0, 5.0, 5.0, 5.0, 5.0, 5.0, 5.0, 5.0, 5.0, 5.0, 5.0, 5.0, 5.0, 5.0, 5.0, 5.0, 5.0, 5.0, 5.0, 5.0, 5.0, 5.0, 5.0, 5.0, 5.0, 5.0, 5.0, 5.0, 5.0, 5.0, 5.0, 5.0, 5.0, 5.0, 5.0, 5.0, 5.0, 5.0, 5.0, 5.0, 5.0, 5.0, 5.0, 5.0, 5.0, 5.0, 5.0]"
3.0112199783325195,0.16343726217746735,0.9475706219673157,0.22873744368553162,-0.5383611917495728,0.32971832156181335,0.9808433651924133,-0.022291095927357674,0.19351792335510254,19.41541290283203,3.829623222351074,"[5.0, 5.0, 5.0, 5.0, 5.0, 5.0, 5.0, 5.0, 5.0, 5.0, 5.0, 5.0, 5.0, 5.0, 5.0, 5.0, 5.0, 5.0, 5.0, 5.0, 5.0, 5.0, 5.0, 5.0, 5.0, 5.0, 5.0, 5.0, 5.0, 5.0, 5.0, 5.0, 5.0, 5.0, 5.0, 5.0, 5.0, 5.0, 5.0, 5.0, 5.0, 5.0, 5.0, 5.0, 5.0, 5.0, 5.0, 5.0, 5.0, 5.0, 5.0, 5.0, 5.0, 5.0, 5.0, 5.0, 5.0, 5.0, 5.0, 5.0]"
3.068472146987915,0.17864124476909637,0.870978593826294,0.33045631647109985,-0.6534243226051331,0.3617231845855713,0.9830549955368042,-0.0283823125064373,0.18109992146492004,19.39923667907715,3.5722692012786865,"[5.0, 5.0, 5.0, 5.0, 5.0, 5.0, 5.0, 5.0, 5.0, 5.0, 5.0, 5.0, 5.0, 5.0, 5.0, 5.0, 5.0, 5.0, 5.0, 5.0, 5.0, 5.0, 5.0, 5.0, 5.0, 5.0, 5.0, 5.0, 5.0, 5.0, 5.0, 5.0, 5.0, 5.0, 5.0, 5.0, 5.0, 5.0, 5.0, 5.0, 5.0, 5.0, 5.0, 5.0, 5.0, 5.0, 5.0, 5.0, 5.0, 5.0, 5.0, 5.0, 5.0, 5.0, 5.0, 5.0, 5.0, 5.0, 5.0, 5.0]"
3.1243672370910645,0.19024205207824707,0.7805139422416687,0.4217151999473572,-0.740999162197113,0.4070030450820923,0.9853414297103882,-0.03511454164981842,0.1669403463602066,19.384593963623047,3.2821292877197266,"[5.0, 5.0, 5.0, 5.0, 5.0, 5.0, 5.0, 5.0, 5.0, 5.0, 5.0, 5.0, 5.0, 5.0, 5.0, 5.0, 5.0, 5.0, 5.0, 5.0, 5.0, 5.0, 5.0, 5.0, 5.0, 5.0, 5.0, 5.0, 5.0, 5.0, 5.0, 5.0, 5.0, 5.0, 5.0, 5.0, 5.0, 5.0, 5.0, 5.0, 5.0, 5.0, 5.0, 5.0, 5.0, 5.0, 5.0, 5.0, 5.0, 5.0, 5.0, 5.0, 5.0, 5.0, 5.0, 5.0, 5.0, 5.0, 5.0, 5.0]"
3.177617311477661,0.19726242125034332,0.6797891855239868,0.5012567043304443,-0.7948448657989502,0.4491438865661621,0.9875085353851318,-0.04260821267962456,0.1516946405172348,19.36810302734375,2.9724364280700684,"[5.0, 5.0, 5.0, 5.0, 5.0, 5.0, 5.0, 5.0, 5.0, 5.0, 5.0, 5.0, 5.0, 5.0, 5.0, 5.0, 5.0, 5.0, 5.0, 5.0, 5.0, 5.0, 5.0, 5.0, 5.0, 5.0, 5.0, 5.0, 5.0, 5.0, 5.0, 5.0, 5.0, 5.0, 5.0, 5.0, 5.0, 5.0, 5.0, 5.0, 5.0, 5.0, 5.0, 5.0, 5.0, 5.0, 5.0, 5.0, 5.0, 5.0, 5.0, 5.0, 5.0, 5.0, 5.0, 5.0, 5.0, 5.0, 5.0, 5.0]"
3.2271227836608887,0.1997891217470169,0.5741453170776367,0.5632407069206238,-0.8106562495231628,0.47320109605789185,0.9893961548805237,-0.05067858099937439,0.13611304759979248,19.34691619873047,2.6581063270568848,"[5.0, 5.0, 5.0, 5.0, 5.0, 5.0, 5.0, 5.0, 5.0, 5.0, 5.0, 5.0, 5.0, 5.0, 5.0, 5.0, 5.0, 5.0, 5.0, 5.0, 5.0, 5.0, 5.0, 5.0, 5.0, 5.0, 5.0, 5.0, 5.0, 5.0, 5.0, 5.0, 5.0, 5.0, 5.0, 5.0, 5.0, 5.0, 5.0, 5.0, 5.0, 5.0, 5.0, 5.0, 5.0, 5.0, 5.0, 5.0, 5.0, 5.0, 5.0, 5.0, 5.0, 5.0, 5.0, 5.0, 5.0, 5.0, 5.0, 5.0]"
3.2721269130706787,0.19877122342586517,0.4696739912033081,0.6132752299308777,-0.7870308756828308,0.47083619236946106,0.9909047484397888,-0.05891607701778412,0.12098106741905212,19.319011688232422,2.35452938079834,"[5.0, 5.0, 5.0, 5.0, 5.0, 5.0, 5.0, 5.0, 5.0, 5.0, 5.0, 5.0, 5.0, 5.0, 5.0, 5.0, 5.0, 5.0, 5.0, 5.0, 5.0, 5.0, 5.0, 5.0, 5.0, 5.0, 5.0, 5.0, 5.0, 5.0, 5.0, 5.0, 5.0, 5.0, 5.0, 5.0, 5.0, 5.0, 5.0, 5.0, 5.0, 5.0, 5.0, 5.0, 5.0, 5.0, 5.0, 5.0, 5.0, 5.0, 5.0, 5.0, 5.0, 5.0, 5.0, 5.0, 5.0, 5.0, 5.0, 5.0]"
3.3123457431793213,0.19580841064453125,0.37266552448272705,0.660561740398407,-0.7291103601455688,0.43815961480140686,0.9920125603675842,-0.06676618754863739,0.10701964795589447,19.283424377441406,2.0756258964538574,"[5.0, 5.0, 5.0, 5.0, 5.0, 5.0, 5.0, 5.0, 5.0, 5.0, 5.0, 5.0, 5.0, 5.0, 5.0, 5.0, 5.0, 5.0, 5.0, 5.0, 5.0, 5.0, 5.0, 5.0, 5.0, 5.0, 5.0, 5.0, 5.0, 5.0, 5.0, 5.0, 5.0, 5.0, 5.0, 5.0, 5.0, 5.0, 5.0, 5.0, 5.0, 5.0, 5.0, 5.0, 5.0, 5.0, 5.0, 5.0, 5.0, 5.0, 5.0, 5.0, 5.0, 5.0, 5.0, 5.0, 5.0, 5.0, 5.0, 5.0]"
3.3479466438293457,0.19292178750038147,0.28886526823043823,0.6934912204742432,-0.6478195190429688,0.372884601354599,0.9927766919136047,-0.07361416518688202,0.09473732113838196,19.240367889404297,1.8310163021087646,"[5.0, 5.0, 5.0, 5.0, 5.0, 5.0, 5.0, 5.0, 5.0, 5.0, 5.0, 5.0, 5.0, 5.0, 5.0, 5.0, 5.0, 5.0, 5.0, 5.0, 5.0, 5.0, 5.0, 5.0, 5.0, 5.0, 5.0, 5.0, 5.0, 5.0, 5.0, 5.0, 5.0, 5.0, 5.0, 5.0, 5.0, 5.0, 5.0, 5.0, 5.0, 5.0, 5.0, 5.0, 5.0, 5.0, 5.0, 5.0, 5.0, 5.0, 5.0, 5.0, 5.0, 5.0, 5.0, 5.0, 5.0, 5.0, 5.0, 5.0]"
3.3794102668762207,0.1917918473482132,0.221114844083786,0.6453127861022949,-0.5624514222145081,0.28578341007232666,0.9933063387870789,-0.07907118648290634,0.08420189470052719,19.191030502319336,1.6216803789138794,"[5.0, 5.0, 5.0, 5.0, 5.0, 5.0, 5.0, 5.0, 5.0, 5.0, 5.0, 5.0, 5.0, 5.0, 5.0, 5.0, 5.0, 5.0, 5.0, 5.0, 5.0, 5.0, 5.0, 5.0, 5.0, 5.0, 5.0, 5.0, 5.0, 5.0, 5.0, 5.0, 5.0, 5.0, 5.0, 5.0, 5.0, 5.0, 5.0, 5.0, 5.0, 5.0, 5.0, 5.0, 5.0, 5.0, 5.0, 5.0, 5.0, 5.0, 5.0, 5.0, 5.0, 5.0, 5.0, 5.0, 5.0, 5.0, 5.0, 5.0]"
3.4074225425720215,0.19285084307193756,0.16952992975711823,0.5700256824493408,-0.46422791481018066,0.1988515406847,0.9936788082122803,-0.0830516368150711,0.07552862912416458,19.136415481567383,1.4494876861572266,"[5.0, 5.0, 5.0, 5.0, 5.0, 5.0, 5.0, 5.0, 5.0, 5.0, 5.0, 5.0, 5.0, 5.0, 5.0, 5.0, 5.0, 5.0, 5.0, 5.0, 5.0, 5.0, 5.0, 5.0, 5.0, 5.0, 5.0, 5.0, 5.0, 5.0, 5.0, 5.0, 5.0, 5.0, 5.0, 5.0, 5.0, 5.0, 5.0, 5.0, 5.0, 5.0, 5.0, 5.0, 5.0, 5.0, 5.0, 5.0, 5.0, 5.0, 5.0, 5.0, 5.0, 5.0, 5.0, 5.0, 5.0, 5.0, 5.0, 5.0]"
3.4326248168945312,0.19662930071353912,0.1329960972070694,0.4573543965816498,-0.36486610770225525,0.11466731131076813,0.9939581751823425,-0.08559519797563553,0.06870467215776443,19.077552795410156,1.3138216733932495,"[5.0, 5.0, 5.0, 5.0, 5.0, 5.0, 5.0, 5.0, 5.0, 5.0, 5.0, 5.0, 5.0, 5.0, 5.0, 5.0, 5.0, 5.0, 5.0, 5.0, 5.0, 5.0, 5.0, 5.0, 5.0, 5.0, 5.0, 5.0, 5.0, 5.0, 5.0, 5.0, 5.0, 5.0, 5.0, 5.0, 5.0, 5.0, 5.0, 5.0, 5.0, 5.0, 5.0, 5.0, 5.0, 5.0, 5.0, 5.0, 5.0, 5.0, 5.0, 5.0, 5.0, 5.0, 5.0, 5.0, 5.0, 5.0, 5.0, 5.0]"
3.455618143081665,0.20332252979278564,0.10859590768814087,0.3273349106311798,-0.2748108208179474,0.03849784657359123,0.9941968321800232,-0.08681371062994003,0.06352850794792175,19.015459060668945,1.2104690074920654,"[5.0, 5.0, 5.0, 5.0, 5.0, 5.0, 5.0, 5.0, 5.0, 5.0, 5.0, 5.0, 5.0, 5.0, 5.0, 5.0, 5.0, 5.0, 5.0, 5.0, 5.0, 5.0, 5.0, 5.0, 5.0, 5.0, 5.0, 5.0, 5.0, 5.0, 5.0, 5.0, 5.0, 5.0, 5.0, 5.0, 5.0, 5.0, 5.0, 5.0, 5.0, 5.0, 5.0, 5.0, 5.0, 5.0, 5.0, 5.0, 5.0, 5.0, 5.0, 5.0, 5.0, 5.0, 5.0, 5.0, 5.0, 5.0, 5.0, 5.0]"
3.4769134521484375,0.21277745068073273,0.09292598813772202,0.19886796176433563,-0.20458006858825684,-0.024267472326755524,0.9944295287132263,-0.08691278845071793,0.059631288051605225,18.951074600219727,1.132091760635376,"[5.0, 5.0, 5.0, 5.0, 5.0, 5.0, 5.0, 5.0, 5.0, 5.0, 5.0, 5.0, 5.0, 5.0, 5.0, 5.0, 5.0, 5.0, 5.0, 5.0, 5.0, 5.0, 5.0, 5.0, 5.0, 5.0, 5.0, 5.0, 5.0, 5.0, 5.0, 5.0, 5.0, 5.0, 5.0, 5.0, 5.0, 5.0, 5.0, 5.0, 5.0, 5.0, 5.0, 5.0, 5.0, 5.0, 5.0, 5.0, 5.0, 5.0, 5.0, 5.0, 5.0, 5.0, 5.0, 5.0, 5.0, 5.0, 5.0, 5.0]"
3.4969403743743896,0.224220871925354,0.08267836272716522,0.1022448018193245,-0.15806002914905548,-0.06656073778867722,0.9946677088737488,-0.08621417731046677,0.056595996022224426,18.88509178161621,1.070536494255066,"[5.0, 5.0, 5.0, 5.0, 5.0, 5.0, 5.0, 5.0, 5.0, 5.0, 5.0, 5.0, 5.0, 5.0, 5.0, 5.0, 5.0, 5.0, 5.0, 5.0, 5.0, 5.0, 5.0, 5.0, 5.0, 5.0, 5.0, 5.0, 5.0, 5.0, 5.0, 5.0, 5.0, 5.0, 5.0, 5.0, 5.0, 5.0, 5.0, 5.0, 5.0, 5.0, 5.0, 5.0, 5.0, 5.0, 5.0, 5.0, 5.0, 5.0, 5.0, 5.0, 5.0, 5.0, 5.0, 5.0, 5.0, 5.0, 5.0, 5.0]"
3.5160629749298096,0.23633050918579102,0.07559611648321152,0.06239563971757889,-0.130089670419693,-0.08282619714736938,0.9948988556861877,-0.08513407409191132,0.054113589227199554,18.818073272705078,1.0198078155517578,"[5.0, 5.0, 5.0, 5.0, 5.0, 5.0, 5.0, 5.0, 5.0, 5.0, 5.0, 5.0, 5.0, 5.0, 5.0, 5.0, 5.0, 5.0, 5.0, 5.0, 5.0, 5.0, 5.0, 5.0, 5.0, 5.0, 5.0, 5.0, 5.0, 5.0, 5.0, 5.0, 5.0, 5.0, 5.0, 5.0, 5.0, 5.0, 5.0, 5.0, 5.0, 5.0, 5.0, 5.0, 5.0, 5.0, 5.0, 5.0, 5.0, 5.0, 5.0, 5.0, 5.0, 5.0, 5.0, 5.0, 5.0, 5.0, 5.0, 5.0]"
3.5345582962036133,0.24747037887573242,0.06977154314517975,0.09103451669216156,-0.11719390004873276,-0.07220767438411713,0.9950975179672241,-0.08413556218147278,0.051978856325149536,18.750232696533203,0.9759351015090942,"[5.0, 5.0, 5.0, 5.0, 5.0, 5.0, 5.0, 5.0, 5.0, 5.0, 5.0, 5.0, 5.0, 5.0, 5.0, 5.0, 5.0, 5.0, 5.0, 5.0, 5.0, 5.0, 5.0, 5.0, 5.0, 5.0, 5.0, 5.0, 5.0, 5.0, 5.0, 5.0, 5.0, 5.0, 5.0, 5.0, 5.0, 5.0, 5.0, 5.0, 5.0, 5.0, 5.0, 5.0, 5.0, 5.0, 5.0, 5.0, 5.0, 5.0, 5.0, 5.0, 5.0, 5.0, 5.0, 5.0, 5.0, 5.0, 5.0, 5.0]"
3.552612543106079,0.25620588660240173,0.06315696984529495,0.17575012147426605,-0.12024010717868805,-0.04229583591222763,0.9952462911605835,-0.08358550071716309,0.049980029463768005,18.681821823120117,0.9348864555358887,"[5.0, 5.0, 5.0, 5.0, 5.0, 5.0, 5.0, 5.0, 5.0, 5.0, 5.0, 5.0, 5.0, 5.0, 5.0, 5.0, 5.0, 5.0, 5.0, 5.0, 5.0, 5.0, 5.0, 5.0, 5.0, 5.0, 5.0, 5.0, 5.0, 5.0, 5.0, 5.0, 5.0, 5.0, 5.0, 5.0, 5.0, 5.0, 5.0, 5.0, 5.0, 5.0, 5.0, 5.0, 5.0, 5.0, 5.0, 5.0, 5.0, 5.0, 5.0, 5.0, 5.0, 5.0, 5.0, 5.0, 5.0, 5.0, 5.0, 5.0]"
3.570324659347534,0.26140913367271423,0.05423423647880554,0.30359962582588196,-0.13597163558006287,-0.0016619563102722168,0.9953375458717346,-0.08370131999254227,0.04792783036828041,18.613018035888672,0.8931080102920532,"[5.0, 5.0, 5.0, 5.0, 5.0, 5.0, 5.0, 5.0, 5.0, 5.0, 5.0, 5.0, 5.0, 5.0, 5.0, 5.0, 5.0, 5.0, 5.0, 5.0, 5.0, 5.0, 5.0, 5.0, 5.0, 5.0, 5.0, 5.0, 5.0, 5.0, 5.0, 5.0, 5.0, 5.0, 5.0, 5.0, 5.0, 5.0, 5.0, 5.0, 5.0, 5.0, 5.0, 5.0, 5.0, 5.0, 5.0, 5.0, 5.0, 5.0, 5.0, 5.0, 5.0, 5.0, 5.0, 5.0, 5.0, 5.0, 5.0, 5.0]"
3.5876948833465576,0.2623852491378784,0.042654383927583694,0.4537079930305481,-0.15691731870174408,0.040983378887176514,0.9953687191009521,-0.08455298840999603,0.04573400318622589,18.543872833251953,0.8489739894866943,"[5.0, 5.0, 5.0, 5.0, 5.0, 5.0, 5.0, 5.0, 5.0, 5.0, 5.0, 5.0, 5.0, 5.0, 5.0, 5.0, 5.0, 5.0, 5.0, 5.0, 5.0, 5.0, 5.0, 5.0, 5.0, 5.0, 5.0, 5.0, 5.0, 5.0, 5.0, 5.0, 5.0, 5.0, 5.0, 5.0, 5.0, 5.0, 5.0, 5.0, 5.0, 5.0, 5.0, 5.0, 5.0, 5.0, 5.0, 5.0, 5.0, 5.0, 5.0, 5.0, 5.0, 5.0, 5.0, 5.0, 5.0, 5.0, 5.0, 5.0]"
3.6046273708343506,0.25909513235092163,0.029054932296276093,0.590333878993988,-0.1764785498380661,0.07501482218503952,0.995346188545227,-0.08603742718696594,0.04339788481593132,18.474424362182617,0.8025071024894714,"[5.0, 5.0, 5.0, 5.0, 5.0, 5.0, 5.0, 5.0, 5.0, 5.0, 5.0, 5.0, 5.0, 5.0, 5.0, 5.0, 5.0, 5.0, 5.0, 5.0, 5.0, 5.0, 5.0, 5.0, 5.0, 5.0, 5.0, 5.0, 5.0, 5.0, 5.0, 5.0, 5.0, 5.0, 5.0, 5.0, 5.0, 5.0, 5.0, 5.0, 5.0, 5.0, 5.0, 5.0, 5.0, 5.0, 5.0, 5.0, 5.0, 5.0, 5.0, 5.0, 5.0, 5.0, 5.0, 5.0, 5.0, 5.0, 5.0, 5.0]"
3.6209585666656494,0.25206947326660156,0.014425216242671013,0.6874117851257324,-0.19118715822696686,0.09285424649715424,0.9952864050865173,-0.08790475875139236,0.04095751792192459,18.404645919799805,0.7544416785240173,"[5.0, 5.0, 5.0, 5.0, 5.0, 5.0, 5.0, 5.0, 5.0, 5.0, 5.0, 5.0, 5.0, 5.0, 5.0, 5.0, 5.0, 5.0, 5.0, 5.0, 5.0, 5.0, 5.0, 5.0, 5.0, 5.0, 5.0, 5.0, 5.0, 5.0, 5.0, 5.0, 5.0, 5.0, 5.0, 5.0, 5.0, 5.0, 5.0, 5.0, 5.0, 5.0, 5.0, 5.0, 5.0, 5.0, 5.0, 5.0, 5.0, 5.0, 5.0, 5.0, 5.0, 5.0, 5.0, 5.0, 5.0, 5.0, 5.0, 5.0]"
3.6365156173706055,0.24214191734790802,-0.00034357747063040733,0.7385658025741577,-0.20001181960105896,0.09286417812108994,0.9952124357223511,-0.08985087275505066,0.03845662996172905,18.334461212158203,0.7056035995483398,"[5.0, 5.0, 5.0, 5.0, 5.0, 5.0, 5.0, 5.0, 5.0, 5.0, 5.0, 5.0, 5.0, 5.0, 5.0, 5.0, 5.0, 5.0, 5.0, 5.0, 5.0, 5.0, 5.0, 5.0, 5.0, 5.0, 5.0, 5.0, 5.0, 5.0, 5.0, 5.0, 5.0, 5.0, 5.0, 5.0, 5.0, 5.0, 5.0, 5.0, 5.0, 5.0, 5.0, 5.0, 5.0, 5.0, 5.0, 5.0, 5.0, 5.0, 5.0, 5.0, 5.0, 5.0, 5.0, 5.0, 5.0, 5.0, 5.0, 5.0]"
3.651163339614868,0.23030179738998413,-0.014770081266760826,0.7481052279472351,-0.2045278698205948,0.07619169354438782,0.9951505661010742,-0.09156996011734009,0.03591570258140564,18.263893127441406,0.6563841104507446,"[5.0, 5.0, 5.0, 5.0, 5.0, 5.0, 5.0, 5.0, 5.0, 5.0, 5.0, 5.0, 5.0, 5.0, 5.0, 5.0, 5.0, 5.0, 5.0, 5.0, 5.0, 5.0, 5.0, 5.0, 5.0, 5.0, 5.0, 5.0, 5.0, 5.0, 5.0, 5.0, 5.0, 5.0, 5.0, 5.0, 5.0, 5.0, 5.0, 5.0, 5.0, 5.0, 5.0, 5.0, 5.0, 5.0, 5.0, 5.0, 5.0, 5.0, 5.0, 5.0, 5.0, 5.0, 5.0, 5.0, 5.0, 5.0, 5.0, 5.0]"
3.664797306060791,0.21762314438819885,-0.02884039282798767,0.720496654510498,-0.20801527798175812,0.0445101335644722,0.9951297044754028,-0.09277987480163574,0.03329579159617424,18.192922592163086,0.606083869934082,"[5.0, 5.0, 5.0, 5.0, 5.0, 5.0, 5.0, 5.0, 5.0, 5.0, 5.0, 5.0, 5.0, 5.0, 5.0, 5.0, 5.0, 5.0, 5.0, 5.0, 5.0, 5.0, 5.0, 5.0, 5.0, 5.0, 5.0, 5.0, 5.0, 5.0, 5.0, 5.0, 5.0, 5.0, 5.0, 5.0, 5.0, 5.0, 5.0, 5.0, 5.0, 5.0, 5.0, 5.0, 5.0, 5.0, 5.0, 5.0, 5.0, 5.0, 5.0, 5.0, 5.0, 5.0, 5.0, 5.0, 5.0, 5.0, 5.0, 5.0]"
3.6773557662963867,0.2051098644733429,-0.04289381578564644,0.6600531935691833,-0.21323056519031525,0.0016800959128886461,0.9951750636100769,-0.09325287491083145,0.03050176240503788,18.12163734436035,0.5529992580413818,"[5.0, 5.0, 5.0, 5.0, 5.0, 5.0, 5.0, 5.0, 5.0, 5.0, 5.0, 5.0, 5.0, 5.0, 5.0, 5.0, 5.0, 5.0, 5.0, 5.0, 5.0, 5.0, 5.0, 5.0, 5.0, 5.0, 5.0, 5.0, 5.0, 5.0, 5.0, 5.0, 5.0, 5.0, 5.0, 5.0, 5.0, 5.0, 5.0, 5.0, 5.0, 5.0, 5.0, 5.0, 5.0, 5.0, 5.0, 5.0, 5.0, 5.0, 5.0, 5.0, 5.0, 5.0, 5.0, 5.0, 5.0, 5.0, 5.0, 5.0]"
3.6888110637664795,0.1935655027627945,-0.057364463806152344,0.5722202658653259,-0.22068433463573456,-0.047174111008644104,0.9953019022941589,-0.09285389631986618,0.027425935491919518,18.050058364868164,0.49522605538368225,"[5.0, 5.0, 5.0, 5.0, 5.0, 5.0, 5.0, 5.0, 5.0, 5.0, 5.0, 5.0, 5.0, 5.0, 5.0, 5.0, 5.0, 5.0, 5.0, 5.0, 5.0, 5.0, 5.0, 5.0, 5.0, 5.0, 5.0, 5.0, 5.0, 5.0, 5.0, 5.0, 5.0, 5.0, 5.0, 5.0, 5.0, 5.0, 5.0, 5.0, 5.0, 5.0, 5.0, 5.0, 5.0, 5.0, 5.0, 5.0, 5.0, 5.0, 5.0, 5.0, 5.0, 5.0, 5.0, 5.0, 5.0, 5.0, 5.0, 5.0]"
3.6991705894470215,0.18352623283863068,-0.07250792533159256,0.46544304490089417,-0.22829340398311615,-0.09718487411737442,0.9955121874809265,-0.09153680503368378,0.024006523191928864,17.978195190429688,0.4317184090614319,"[5.0, 5.0, 5.0, 5.0, 5.0, 5.0, 5.0, 5.0, 5.0, 5.0, 5.0, 5.0, 5.0, 5.0, 5.0, 5.0, 5.0, 5.0, 5.0, 5.0, 5.0, 5.0, 5.0, 5.0, 5.0, 5.0, 5.0, 5.0, 5.0, 5.0, 5.0, 5.0, 5.0, 5.0, 5.0, 5.0, 5.0, 5.0, 5.0, 5.0, 5.0, 5.0, 5.0, 5.0, 5.0, 5.0, 5.0, 5.0, 5.0, 5.0, 5.0, 5.0, 5.0, 5.0, 5.0, 5.0, 5.0, 5.0, 5.0, 5.0]"
3.708477020263672,0.17514824867248535,-0.08807267993688583,0.351937472820282,-0.23092113435268402,-0.14223259687423706,0.9957926869392395,-0.08935846388339996,0.0202922560274601,17.905956268310547,0.36342713236808777,"[5.0, 5.0, 5.0, 5.0, 5.0, 5.0, 5.0, 5.0, 5.0, 5.0, 5.0, 5.0, 5.0, 5.0, 5.0, 5.0, 5.0, 5.0, 5.0, 5.0, 5.0, 5.0, 5.0, 5.0, 5.0, 5.0, 5.0, 5.0, 5.0, 5.0, 5.0, 5.0, 5.0, 5.0, 5.0, 5.0, 5.0, 5.0, 5.0, 5.0, 5.0, 5.0, 5.0, 5.0, 5.0, 5.0, 5.0, 5.0, 5.0, 5.0, 5.0, 5.0, 5.0, 5.0, 5.0, 5.0, 5.0, 5.0, 5.0, 5.0]"
3.716808795928955,0.168336883187294,-0.10334507375955582,0.2326425313949585,-0.224542498588562,-0.17807166278362274,0.9961191415786743,-0.08646485954523087,0.01643509604036808,17.833301544189453,0.29313164949417114,"[5.0, 5.0, 5.0, 5.0, 5.0, 5.0, 5.0, 5.0, 5.0, 5.0, 5.0, 5.0, 5.0, 5.0, 5.0, 5.0, 5.0, 5.0, 5.0, 5.0, 5.0, 5.0, 5.0, 5.0, 5.0, 5.0, 5.0, 5.0, 5.0, 5.0, 5.0, 5.0, 5.0, 5.0, 5.0, 5.0, 5.0, 5.0, 5.0, 5.0, 5.0, 5.0, 5.0, 5.0, 5.0, 5.0, 5.0, 5.0, 5.0, 5.0, 5.0, 5.0, 5.0, 5.0, 5.0, 5.0, 5.0, 5.0, 5.0, 5.0]"
3.7242934703826904,0.16280081868171692,-0.11745884269475937,0.1103452667593956,-0.20681169629096985,-0.20220604538917542,0.9964639544487,-0.08306190371513367,0.012651719152927399,17.760128021240234,0.22471415996551514,"[5.0, 5.0, 5.0, 5.0, 5.0, 5.0, 5.0, 5.0, 5.0, 5.0, 5.0, 5.0, 5.0, 5.0, 5.0, 5.0, 5.0, 5.0, 5.0, 5.0, 5.0, 5.0, 5.0, 5.0, 5.0, 5.0, 5.0, 5.0, 5.0, 5.0, 5.0, 5.0, 5.0, 5.0, 5.0, 5.0, 5.0, 5.0, 5.0, 5.0, 5.0, 5.0, 5.0, 5.0, 5.0, 5.0, 5.0, 5.0, 5.0, 5.0, 5.0, 5.0, 5.0, 5.0, 5.0, 5.0, 5.0, 5.0, 5.0, 5.0]"
3.7310988903045654,0.1580163985490799,-0.12964880466461182,-0.00636026356369257,-0.17742237448692322,-0.21221691370010376,0.9968007802963257,-0.07939541339874268,0.009191779419779778,17.686473846435547,0.16257703304290771,"[5.0, 5.0, 5.0, 5.0, 5.0, 5.0, 5.0, 5.0, 5.0, 5.0, 5.0, 5.0, 5.0, 5.0, 5.0, 5.0, 5.0, 5.0, 5.0, 5.0, 5.0, 5.0, 5.0, 5.0, 5.0, 5.0, 5.0, 5.0, 5.0, 5.0, 5.0, 5.0, 5.0, 5.0, 5.0, 5.0, 5.0, 5.0, 5.0, 5.0, 5.0, 5.0, 5.0, 5.0, 5.0, 5.0, 5.0, 5.0, 5.0, 5.0, 5.0, 5.0, 5.0, 5.0, 5.0, 5.0, 5.0, 5.0, 5.0, 5.0]"
3.7374179363250732,0.15312986075878143,-0.1396181434392929,-0.09969542175531387,-0.14067286252975464,-0.2052093744277954,0.9971054196357727,-0.07577087730169296,0.006270086392760277,17.612409591674805,0.11043351888656616,"[5.0, 5.0, 5.0, 5.0, 5.0, 5.0, 5.0, 5.0, 5.0, 5.0, 5.0, 5.0, 5.0, 5.0, 5.0, 5.0, 5.0, 5.0, 5.0, 5.0, 5.0, 5.0, 5.0, 5.0, 5.0, 5.0, 5.0, 5.0, 5.0, 5.0, 5.0, 5.0, 5.0, 5.0, 5.0, 5.0, 5.0, 5.0, 5.0, 5.0, 5.0, 5.0, 5.0, 5.0, 5.0, 5.0, 5.0, 5.0, 5.0, 5.0, 5.0, 5.0, 5.0, 5.0, 5.0, 5.0, 5.0, 5.0, 5.0, 5.0]"
3.7434306144714355,0.14737993478775024,-0.14744256436824799,-0.161147341132164,-0.10207023471593857,-0.18494223058223724,0.9973627924919128,-0.07246484607458115,0.0040113902650773525,17.538009643554688,0.07035237550735474,"[5.0, 5.0, 5.0, 5.0, 5.0, 5.0, 5.0, 5.0, 5.0, 5.0, 5.0, 5.0, 5.0, 5.0, 5.0, 5.0, 5.0, 5.0, 5.0, 5.0, 5.0, 5.0, 5.0, 5.0, 5.0, 5.0, 5.0, 5.0, 5.0, 5.0, 5.0, 5.0, 5.0, 5.0, 5.0, 5.0, 5.0, 5.0, 5.0, 5.0, 5.0, 5.0, 5.0, 5.0, 5.0, 5.0, 5.0, 5.0, 5.0, 5.0, 5.0, 5.0, 5.0, 5.0, 5.0, 5.0, 5.0, 5.0, 5.0, 5.0]"
3.7492856979370117,0.14048047363758087,-0.15346233546733856,-0.19478225708007812,-0.06732328981161118,-0.15962612628936768,0.9975710511207581,-0.06961285322904587,0.0024160295724868774,17.46339988708496,0.04219222068786621,"[5.0, 5.0, 5.0, 5.0, 5.0, 5.0, 5.0, 5.0, 5.0, 5.0, 5.0, 5.0, 5.0, 5.0, 5.0, 5.0, 5.0, 5.0, 5.0, 5.0, 5.0, 5.0, 5.0, 5.0, 5.0, 5.0, 5.0, 5.0, 5.0, 5.0, 5.0, 5.0, 5.0, 5.0, 5.0, 5.0, 5.0, 5.0, 5.0, 5.0, 5.0, 5.0, 5.0, 5.0, 5.0, 5.0, 5.0, 5.0, 5.0, 5.0, 5.0, 5.0, 5.0, 5.0, 5.0, 5.0, 5.0, 5.0, 5.0, 5.0]"
3.7550714015960693,0.13252097368240356,-0.15820008516311646,-0.2097322791814804,-0.04068915173411369,-0.13509175181388855,0.9977363348007202,-0.06723056733608246,0.0013770058285444975,17.388620376586914,0.02394425868988037,"[5.0, 5.0, 5.0, 5.0, 5.0, 5.0, 5.0, 5.0, 5.0, 5.0, 5.0, 5.0, 5.0, 5.0, 5.0, 5.0, 5.0, 5.0, 5.0, 5.0, 5.0, 5.0, 5.0, 5.0, 5.0, 5.0, 5.0, 5.0, 5.0, 5.0, 5.0, 5.0, 5.0, 5.0, 5.0, 5.0, 5.0, 5.0, 5.0, 5.0, 5.0, 5.0, 5.0, 5.0, 5.0, 5.0, 5.0, 5.0, 5.0, 5.0, 5.0, 5.0, 5.0, 5.0, 5.0, 5.0, 5.0, 5.0, 5.0, 5.0]"
3.7608370780944824,0.12377700209617615,-0.16226786375045776,-0.2142266482114792,-0.023722738027572632,-0.11389004439115524,0.9978674650192261,-0.06526732444763184,0.0007267246255651116,17.31370735168457,0.01258230209350586,"[5.0, 5.0, 5.0, 5.0, 5.0, 5.0, 5.0, 5.0, 5.0, 5.0, 5.0, 5.0, 5.0, 5.0, 5.0, 5.0, 5.0, 5.0, 5.0, 5.0, 5.0, 5.0, 5.0, 5.0, 5.0, 5.0, 5.0, 5.0, 5.0, 5.0, 5.0, 5.0, 5.0, 5.0, 5.0, 5.0, 5.0, 5.0, 5.0, 5.0, 5.0, 5.0, 5.0, 5.0, 5.0, 5.0, 5.0, 5.0, 5.0, 5.0, 5.0, 5.0, 5.0, 5.0, 5.0, 5.0, 5.0, 5.0, 5.0, 5.0]"
3.7665998935699463,0.11456339061260223,-0.16622310876846313,-0.21122893691062927,-0.01570609025657177,-0.09703347831964493,0.9979724287986755,-0.06364426761865616,0.00029309140518307686,17.23866844177246,0.005052506923675537,"[5.0, 5.0, 5.0, 5.0, 5.0, 5.0, 5.0, 5.0, 5.0, 5.0, 5.0, 5.0, 5.0, 5.0, 5.0, 5.0, 5.0, 5.0, 5.0, 5.0, 5.0, 5.0, 5.0, 5.0, 5.0, 5.0, 5.0, 5.0, 5.0, 5.0, 5.0, 5.0, 5.0, 5.0, 5.0, 5.0, 5.0, 5.0, 5.0, 5.0, 5.0, 5.0, 5.0, 5.0, 5.0, 5.0, 5.0, 5.0, 5.0, 5.0, 5.0, 5.0, 5.0, 5.0, 5.0, 5.0, 5.0, 5.0, 5.0, 5.0]"
3.7723615169525146,0.10515940189361572,-0.1704408973455429,-0.2031610757112503,-0.01455225981771946,-0.0842779278755188,0.9980586767196655,-0.06227933242917061,-6.412096263375133e-05,17.163497924804688,-0.0011005401611328125,"[5.0, 5.0, 5.0, 5.0, 5.0, 5.0, 5.0, 5.0, 5.0, 5.0, 5.0, 5.0, 5.0, 5.0, 5.0, 5.0, 5.0, 5.0, 5.0, 5.0, 5.0, 5.0, 5.0, 5.0, 5.0, 5.0, 5.0, 5.0, 5.0, 5.0, 5.0, 5.0, 5.0, 5.0, 5.0, 5.0, 5.0, 5.0, 5.0, 5.0, 5.0, 5.0, 5.0, 5.0, 5.0, 5.0, 5.0, 5.0, 5.0, 5.0, 5.0, 5.0, 5.0, 5.0, 5.0, 5.0, 5.0, 5.0, 5.0, 5.0]"
3.7780966758728027,0.09578557312488556,-0.17511588335037231,-0.19310994446277618,-0.01798458956182003,-0.07467857003211975,0.9981309771537781,-0.06110790744423866,-0.000445338839199394,17.088159561157227,-0.007610023021697998,"[5.0, 5.0, 5.0, 5.0, 5.0, 5.0, 5.0, 5.0, 5.0, 5.0, 5.0, 5.0, 5.0, 5.0, 5.0, 5.0, 5.0, 5.0, 5.0, 5.0, 5.0, 5.0, 5.0, 5.0, 5.0, 5.0, 5.0, 5.0, 5.0, 5.0, 5.0, 5.0, 5.0, 5.0, 5.0, 5.0, 5.0, 5.0, 5.0, 5.0, 5.0, 5.0, 5.0, 5.0, 5.0, 5.0, 5.0, 5.0, 5.0, 5.0, 5.0, 5.0, 5.0, 5.0, 5.0, 5.0, 5.0, 5.0, 5.0, 5.0]"
3.783781051635742,0.08663203567266464,-0.180282860994339,-0.18277999758720398,-0.023455629125237465,-0.06803084164857864,0.998193621635437,-0.06006941571831703,-0.0009039188735187054,17.01270866394043,-0.015378117561340332,"[5.0, 5.0, 5.0, 5.0, 5.0, 5.0, 5.0, 5.0, 5.0, 5.0, 5.0, 5.0, 5.0, 5.0, 5.0, 5.0, 5.0, 5.0, 5.0, 5.0, 5.0, 5.0, 5.0, 5.0, 5.0, 5.0, 5.0, 5.0, 5.0, 5.0, 5.0, 5.0, 5.0, 5.0, 5.0, 5.0, 5.0, 5.0, 5.0, 5.0, 5.0, 5.0, 5.0, 5.0, 5.0, 5.0, 5.0, 5.0, 5.0, 5.0, 5.0, 5.0, 5.0, 5.0, 5.0, 5.0, 5.0, 5.0, 5.0, 5.0]"
3.7893903255462646,0.07788290828466415,-0.1858523041009903,-0.1735781878232956,-0.029152987524867058,-0.06427466869354248,0.9982505440711975,-0.05910554528236389,-0.0014559918781742454,16.93712615966797,-0.024660348892211914,"[5.0, 5.0, 5.0, 5.0, 5.0, 5.0, 5.0, 5.0, 5.0, 5.0, 5.0, 5.0, 5.0, 5.0, 5.0, 5.0, 5.0, 5.0, 5.0, 5.0, 5.0, 5.0, 5.0, 5.0, 5.0, 5.0, 5.0, 5.0, 5.0, 5.0, 5.0, 5.0, 5.0, 5.0, 5.0, 5.0, 5.0, 5.0, 5.0, 5.0, 5.0, 5.0, 5.0, 5.0, 5.0, 5.0, 5.0, 5.0, 5.0, 5.0, 5.0, 5.0, 5.0, 5.0, 5.0, 5.0, 5.0, 5.0, 5.0, 5.0]"
3.7948975563049316,0.06966766715049744,-0.1916566640138626,-0.16819889843463898,-0.03402504697442055,-0.06228278577327728,0.9983038902282715,-0.05817733332514763,-0.0020935183856636286,16.861364364624023,-0.03529965877532959,"[5.0, 5.0, 5.0, 5.0, 5.0, 5.0, 5.0, 5.0, 5.0, 5.0, 5.0, 5.0, 5.0, 5.0, 5.0, 5.0, 5.0, 5.0, 5.0, 5.0, 5.0, 5.0, 5.0, 5.0, 5.0, 5.0, 5.0, 5.0, 5.0, 5.0, 5.0, 5.0, 5.0, 5.0, 5.0, 5.0, 5.0, 5.0, 5.0, 5.0, 5.0, 5.0, 5.0, 5.0, 5.0, 5.0, 5.0, 5.0, 5.0, 5.0, 5.0, 5.0, 5.0, 5.0, 5.0, 5.0, 5.0, 5.0, 5.0, 5.0]"
3.800288438796997,0.06204918771982193,-0.19752146303653717,-0.16692890226840973,-0.037323568016290665,-0.061019882559776306,0.9983550906181335,-0.05726319178938866,-0.0027935830876231194,16.7855167388916,-0.04689192771911621,"[5.0, 5.0, 5.0, 5.0, 5.0, 5.0, 5.0, 5.0, 5.0, 5.0, 5.0, 5.0, 5.0, 5.0, 5.0, 5.0, 5.0, 5.0, 5.0, 5.0, 5.0, 5.0, 5.0, 5.0, 5.0, 5.0, 5.0, 5.0, 5.0, 5.0, 5.0, 5.0, 5.0, 5.0, 5.0, 5.0, 5.0, 5.0, 5.0, 5.0, 5.0, 5.0, 5.0, 5.0, 5.0, 5.0, 5.0, 5.0, 5.0, 5.0, 5.0, 5.0, 5.0, 5.0, 5.0, 5.0, 5.0, 5.0, 5.0, 5.0]"
3.8055553436279297,0.05506254732608795,-0.20329487323760986,-0.1672179251909256,-0.03882651776075363,-0.060240551829338074,0.998404324054718,-0.056357283145189285,-0.0035252277739346027,16.70947265625,-0.058905065059661865,"[5.0, 5.0, 5.0, 5.0, 5.0, 5.0, 5.0, 5.0, 5.0, 5.0, 5.0, 5.0, 5.0, 5.0, 5.0, 5.0, 5.0, 5.0, 5.0, 5.0, 5.0, 5.0, 5.0, 5.0, 5.0, 5.0, 5.0, 5.0, 5.0, 5.0, 5.0, 5.0, 5.0, 5.0, 5.0, 5.0, 5.0, 5.0, 5.0, 5.0, 5.0, 5.0, 5.0, 5.0, 5.0, 5.0, 5.0, 5.0, 5.0, 5.0, 5.0, 5.0, 5.0, 5.0, 5.0, 5.0, 5.0, 5.0, 5.0, 5.0]"
3.810694932937622,0.048691276460886,-0.2088516354560852,-0.16842155158519745,-0.03887075185775757,-0.05920323729515076,0.9984519481658936,-0.05545453354716301,-0.004259546287357807,16.633337020874023,-0.07085111737251282,"[5.0, 5.0, 5.0, 5.0, 5.0, 5.0, 5.0, 5.0, 5.0, 5.0, 5.0, 5.0, 5.0, 5.0, 5.0, 5.0, 5.0, 5.0, 5.0, 5.0, 5.0, 5.0, 5.0, 5.0, 5.0, 5.0, 5.0, 5.0, 5.0, 5.0, 5.0, 5.0, 5.0, 5.0, 5.0, 5.0, 5.0, 5.0, 5.0, 5.0, 5.0, 5.0, 5.0, 5.0, 5.0, 5.0, 5.0, 5.0, 5.0, 5.0, 5.0, 5.0, 5.0, 5.0, 5.0, 5.0, 5.0, 5.0, 5.0, 5.0]"
3.815706491470337,0.042859967797994614,-0.2141345888376236,-0.17001748085021973,-0.0381256639957428,-0.056978631764650345,0.9984968900680542,-0.05457957088947296,-0.0049765268340706825,16.55706214904785,-0.0823976993560791,"[5.0, 5.0, 5.0, 5.0, 5.0, 5.0, 5.0, 5.0, 5.0, 5.0, 5.0, 5.0, 5.0, 5.0, 5.0, 5.0, 5.0, 5.0, 5.0, 5.0, 5.0, 5.0, 5.0, 5.0, 5.0, 5.0, 5.0, 5.0, 5.0, 5.0, 5.0, 5.0, 5.0, 5.0, 5.0, 5.0, 5.0, 5.0, 5.0, 5.0, 5.0, 5.0, 5.0, 5.0, 5.0, 5.0, 5.0, 5.0, 5.0, 5.0, 5.0, 5.0, 5.0, 5.0, 5.0, 5.0, 5.0, 5.0, 5.0, 5.0]"
3.8205885887145996,0.03748758137226105,-0.21916696429252625,-0.16909821331501007,-0.03712693229317665,-0.05387704819440842,0.998538076877594,-0.05375150218605995,-0.005667849909514189,16.480680465698242,-0.09341153502464294,"[5.0, 5.0, 5.0, 5.0, 5.0, 5.0, 5.0, 5.0, 5.0, 5.0, 5.0, 5.0, 5.0, 5.0, 5.0, 5.0, 5.0, 5.0, 5.0, 5.0, 5.0, 5.0, 5.0, 5.0, 5.0, 5.0, 5.0, 5.0, 5.0, 5.0, 5.0, 5.0, 5.0, 5.0, 5.0, 5.0, 5.0, 5.0, 5.0, 5.0, 5.0, 5.0, 5.0, 5.0, 5.0, 5.0, 5.0, 5.0, 5.0, 5.0, 5.0, 5.0, 5.0, 5.0, 5.0, 5.0, 5.0, 5.0, 5.0, 5.0]"
3.8253443241119385,0.03251153975725174,-0.22398611903190613,-0.16461028158664703,-0.0363740399479866,-0.05041032284498215,0.9985753297805786,-0.05298011749982834,-0.006333053577691317,16.4041805267334,-0.10389065742492676,"[5.0, 5.0, 5.0, 5.0, 5.0, 5.0, 5.0, 5.0, 5.0, 5.0, 5.0, 5.0, 5.0, 5.0, 5.0, 5.0, 5.0, 5.0, 5.0, 5.0, 5.0, 5.0, 5.0, 5.0, 5.0, 5.0, 5.0, 5.0, 5.0, 5.0, 5.0, 5.0, 5.0, 5.0, 5.0, 5.0, 5.0, 5.0, 5.0, 5.0, 5.0, 5.0, 5.0, 5.0, 5.0, 5.0, 5.0, 5.0, 5.0, 5.0, 5.0, 5.0, 5.0, 5.0, 5.0, 5.0, 5.0, 5.0, 5.0, 5.0]"
3.8299684524536133,0.027857303619384766,-0.22864215075969696,-0.1582426130771637,-0.036252785474061966,-0.046289991587400436,0.9986079335212708,-0.05227908119559288,-0.006979883648455143,16.327577590942383,-0.11396738886833191,"[5.0, 5.0, 5.0, 5.0, 5.0, 5.0, 5.0, 5.0, 5.0, 5.0, 5.0, 5.0, 5.0, 5.0, 5.0, 5.0, 5.0, 5.0, 5.0, 5.0, 5.0, 5.0, 5.0, 5.0, 5.0, 5.0, 5.0, 5.0, 5.0, 5.0, 5.0, 5.0, 5.0, 5.0, 5.0, 5.0, 5.0, 5.0, 5.0, 5.0, 5.0, 5.0, 5.0, 5.0, 5.0, 5.0, 5.0, 5.0, 5.0, 5.0, 5.0, 5.0, 5.0, 5.0, 5.0, 5.0, 5.0, 5.0, 5.0, 5.0]"
3.8344545364379883,0.023464173078536987,-0.23321065306663513,-0.14971494674682617,-0.036867935210466385,-0.04185715690255165,0.9986356496810913,-0.05165928229689598,-0.007620732765644789,16.25086784362793,-0.1238471269607544,"[5.0, 5.0, 5.0, 5.0, 5.0, 5.0, 5.0, 5.0, 5.0, 5.0, 5.0, 5.0, 5.0, 5.0, 5.0, 5.0, 5.0, 5.0, 5.0, 5.0, 5.0, 5.0, 5.0, 5.0, 5.0, 5.0, 5.0, 5.0, 5.0, 5.0, 5.0, 5.0, 5.0, 5.0, 5.0, 5.0, 5.0, 5.0, 5.0, 5.0, 5.0, 5.0, 5.0, 5.0, 5.0, 5.0, 5.0, 5.0, 5.0, 5.0, 5.0, 5.0, 5.0, 5.0, 5.0, 5.0, 5.0, 5.0, 5.0, 5.0]"
3.838801145553589,0.01931927353143692,-0.23773092031478882,-0.13877008855342865,-0.03781157359480858,-0.03801341354846954,0.9986585378646851,-0.05111371725797653,-0.008262958377599716,16.174047470092773,-0.1336500644683838,"[5.0, 5.0, 5.0, 5.0, 5.0, 5.0, 5.0, 5.0, 5.0, 5.0, 5.0, 5.0, 5.0, 5.0, 5.0, 5.0, 5.0, 5.0, 5.0, 5.0, 5.0, 5.0, 5.0, 5.0, 5.0, 5.0, 5.0, 5.0, 5.0, 5.0, 5.0, 5.0, 5.0, 5.0, 5.0, 5.0, 5.0, 5.0, 5.0, 5.0, 5.0, 5.0, 5.0, 5.0, 5.0, 5.0, 5.0, 5.0, 5.0, 5.0, 5.0, 5.0, 5.0, 5.0, 5.0, 5.0, 5.0, 5.0, 5.0, 5.0]"
3.84299635887146,0.015412740409374237,-0.24221450090408325,-0.12705983221530914,-0.03920131176710129,-0.03466089069843292,0.9986774921417236,-0.050631292164325714,-0.008914141915738583,16.097135543823242,-0.14349788427352905,"[5.0, 5.0, 5.0, 5.0, 5.0, 5.0, 5.0, 5.0, 5.0, 5.0, 5.0, 5.0, 5.0, 5.0, 5.0, 5.0, 5.0, 5.0, 5.0, 5.0, 5.0, 5.0, 5.0, 5.0, 5.0, 5.0, 5.0, 5.0, 5.0, 5.0, 5.0, 5.0, 5.0, 5.0, 5.0, 5.0, 5.0, 5.0, 5.0, 5.0, 5.0, 5.0, 5.0, 5.0, 5.0, 5.0, 5.0, 5.0, 5.0, 5.0, 5.0, 5.0, 5.0, 5.0, 5.0, 5.0, 5.0, 5.0, 5.0, 5.0]"
3.8470354080200195,0.011718932539224625,-0.2466614544391632,-0.11628136783838272,-0.04064825177192688,-0.03135591745376587,0.9986926317214966,-0.050210125744342804,-0.009577706456184387,16.0201473236084,-0.1534433364868164,"[5.0, 5.0, 5.0, 5.0, 5.0, 5.0, 5.0, 5.0, 5.0, 5.0, 5.0, 5.0, 5.0, 5.0, 5.0, 5.0, 5.0, 5.0, 5.0, 5.0, 5.0, 5.0, 5.0, 5.0, 5.0, 5.0, 5.0, 5.0, 5.0, 5.0, 5.0, 5.0, 5.0, 5.0, 5.0, 5.0, 5.0, 5.0, 5.0, 5.0, 5.0, 5.0, 5.0, 5.0, 5.0, 5.0, 5.0, 5.0, 5.0, 5.0, 5.0, 5.0, 5.0, 5.0, 5.0, 5.0, 5.0, 5.0, 5.0, 5.0]"
3.8509132862091064,0.00822345819324255,-0.25106576085090637,-0.10505645722150803,-0.041832394897937775,-0.02863743156194687,0.9987043142318726,-0.04984601214528084,-0.010250413790345192,15.943036079406738,-0.163431316614151,"[5.0, 5.0, 5.0, 5.0, 5.0, 5.0, 5.0, 5.0, 5.0, 5.0, 5.0, 5.0, 5.0, 5.0, 5.0, 5.0, 5.0, 5.0, 5.0, 5.0, 5.0, 5.0, 5.0, 5.0, 5.0, 5.0, 5.0, 5.0, 5.0, 5.0, 5.0, 5.0, 5.0, 5.0, 5.0, 5.0, 5.0, 5.0, 5.0, 5.0, 5.0, 5.0, 5.0, 5.0, 5.0, 5.0, 5.0, 5.0, 5.0, 5.0, 5.0, 5.0, 5.0, 5.0, 5.0, 5.0, 5.0, 5.0, 5.0, 5.0]"
3.854628086090088,0.004934695083647966,-0.25539177656173706,-0.0939398780465126,-0.04261753708124161,-0.026640653610229492,0.9987131357192993,-0.04952271282672882,-0.010926494374871254,15.865819931030273,-0.1733681559562683,"[5.0, 5.0, 5.0, 5.0, 5.0, 5.0, 5.0, 5.0, 5.0, 5.0, 5.0, 5.0, 5.0, 5.0, 5.0, 5.0, 5.0, 5.0, 5.0, 5.0, 5.0, 5.0, 5.0, 5.0, 5.0, 5.0, 5.0, 5.0, 5.0, 5.0, 5.0, 5.0, 5.0, 5.0, 5.0, 5.0, 5.0, 5.0, 5.0, 5.0, 5.0, 5.0, 5.0, 5.0, 5.0, 5.0, 5.0, 5.0, 5.0, 5.0, 5.0, 5.0, 5.0, 5.0, 5.0, 5.0, 5.0, 5.0, 5.0, 5.0]"
3.8581724166870117,0.0018208085093647242,-0.25960054993629456,-0.08465272933244705,-0.043022025376558304,-0.024525852873921394,0.9987198114395142,-0.049236588180065155,-0.011598506942391396,15.788541793823242,-0.18313583731651306,"[5.0, 5.0, 5.0, 5.0, 5.0, 5.0, 5.0, 5.0, 5.0, 5.0, 5.0, 5.0, 5.0, 5.0, 5.0, 5.0, 5.0, 5.0, 5.0, 5.0, 5.0, 5.0, 5.0, 5.0, 5.0, 5.0, 5.0, 5.0, 5.0, 5.0, 5.0, 5.0, 5.0, 5.0, 5.0, 5.0, 5.0, 5.0, 5.0, 5.0, 5.0, 5.0, 5.0, 5.0, 5.0, 5.0, 5.0, 5.0, 5.0, 5.0, 5.0, 5.0, 5.0, 5.0, 5.0, 5.0, 5.0, 5.0, 5.0, 5.0]"
3.861550807952881,-0.001161149120889604,-0.2636875510215759,-0.07590575516223907,-0.04302976652979851,-0.022318203002214432,0.9987237453460693,-0.04899466782808304,-0.012259786948561668,15.711174011230469,-0.1926301270723343,"[5.0, 5.0, 5.0, 5.0, 5.0, 5.0, 5.0, 5.0, 5.0, 5.0, 5.0, 5.0, 5.0, 5.0, 5.0, 5.0, 5.0, 5.0, 5.0, 5.0, 5.0, 5.0, 5.0, 5.0, 5.0, 5.0, 5.0, 5.0, 5.0, 5.0, 5.0, 5.0, 5.0, 5.0, 5.0, 5.0, 5.0, 5.0, 5.0, 5.0, 5.0, 5.0, 5.0, 5.0, 5.0, 5.0, 5.0, 5.0, 5.0, 5.0, 5.0, 5.0, 5.0, 5.0, 5.0, 5.0, 5.0, 5.0, 5.0, 5.0]"
3.8647654056549072,-0.0040256488136947155,-0.267641544342041,-0.06643172353506088,-0.04268259555101395,-0.020629271864891052,0.9987257122993469,-0.04878780618309975,-0.012903218157589436,15.633727073669434,-0.20174220204353333,"[5.0, 5.0, 5.0, 5.0, 5.0, 5.0, 5.0, 5.0, 5.0, 5.0, 5.0, 5.0, 5.0, 5.0, 5.0, 5.0, 5.0, 5.0, 5.0, 5.0, 5.0, 5.0, 5.0, 5.0, 5.0, 5.0, 5.0, 5.0, 5.0, 5.0, 5.0, 5.0, 5.0, 5.0, 5.0, 5.0, 5.0, 5.0, 5.0, 5.0, 5.0, 5.0, 5.0, 5.0, 5.0, 5.0, 5.0, 5.0, 5.0, 5.0, 5.0, 5.0, 5.0, 5.0, 5.0, 5.0, 5.0, 5.0, 5.0, 5.0]"
3.8678159713745117,-0.006795729976147413,-0.271448016166687,-0.057785265147686005,-0.04214334487915039,-0.018948378041386604,0.9987261891365051,-0.048610229045152664,-0.013525856658816338,15.556244850158691,-0.2104308009147644,"[5.0, 5.0, 5.0, 5.0, 5.0, 5.0, 5.0, 5.0, 5.0, 5.0, 5.0, 5.0, 5.0, 5.0, 5.0, 5.0, 5.0, 5.0, 5.0, 5.0, 5.0, 5.0, 5.0, 5.0, 5.0, 5.0, 5.0, 5.0, 5.0, 5.0, 5.0, 5.0, 5.0, 5.0, 5.0, 5.0, 5.0, 5.0, 5.0, 5.0, 5.0, 5.0, 5.0, 5.0, 5.0, 5.0, 5.0, 5.0, 5.0, 5.0, 5.0, 5.0, 5.0, 5.0, 5.0, 5.0, 5.0, 5.0, 5.0, 5.0]"
3.8707025051116943,-0.0095320213586092,-0.2751215398311615,-0.04978831857442856,-0.041716523468494415,-0.01688982918858528,0.9987244009971619,-0.048475202172994614,-0.01412682794034481,15.478663444519043,-0.21868625283241272,"[5.0, 5.0, 5.0, 5.0, 5.0, 5.0, 5.0, 5.0, 5.0, 5.0, 5.0, 5.0, 5.0, 5.0, 5.0, 5.0, 5.0, 5.0, 5.0, 5.0, 5.0, 5.0, 5.0, 5.0, 5.0, 5.0, 5.0, 5.0, 5.0, 5.0, 5.0, 5.0, 5.0, 5.0, 5.0, 5.0, 5.0, 5.0, 5.0, 5.0, 5.0, 5.0, 5.0, 5.0, 5.0, 5.0, 5.0, 5.0, 5.0, 5.0, 5.0, 5.0, 5.0, 5.0, 5.0, 5.0, 5.0, 5.0, 5.0, 5.0]"
3.8734254837036133,-0.01224818266928196,-0.2786904573440552,-0.04106821492314339,-0.04117770120501518,-0.01521015539765358,0.9987208843231201,-0.04837563633918762,-0.014707013964653015,15.401020050048828,-0.22652752697467804,"[5.0, 5.0, 5.0, 5.0, 5.0, 5.0, 5.0, 5.0, 5.0, 4.969444751739502, 5.0, 5.0, 5.0, 5.0, 5.0, 5.0, 5.0, 5.0, 5.0, 5.0, 5.0, 5.0, 5.0, 5.0, 5.0, 5.0, 5.0, 5.0, 5.0, 5.0, 5.0, 5.0, 5.0, 5.0, 5.0, 5.0, 5.0, 5.0, 5.0, 5.0, 5.0, 5.0, 5.0, 5.0, 5.0, 5.0, 5.0, 5.0, 5.0, 5.0, 5.0, 5.0, 5.0, 5.0, 5.0, 5.0, 5.0, 5.0, 5.0, 5.0]"
3.8759846687316895,-0.015084397979080677,-0.28262859582901,-0.03178951516747475,-0.04115289822220802,-0.01204361580312252,0.9987145662307739,-0.048330243676900864,-0.015271891839802265,15.323338508605957,-0.2340436726808548,"[5.0, 5.0, 5.0, 5.0, 5.0, 5.0, 5.0, 5.0, 4.922956466674805, 4.930240154266357, 5.0, 5.0, 5.0, 5.0, 5.0, 5.0, 5.0, 5.0, 5.0, 5.0, 5.0, 5.0, 5.0, 5.0, 5.0, 5.0, 5.0, 5.0, 5.0, 5.0, 5.0, 5.0, 5.0, 5.0, 5.0, 5.0, 5.0, 5.0, 5.0, 5.0, 5.0, 5.0, 5.0, 5.0, 5.0, 5.0, 5.0, 5.0, 5.0, 5.0, 5.0, 5.0, 5.0, 5.0, 5.0, 5.0, 5.0, 5.0, 5.0, 5.0]"
3.8783721923828125,-0.017408499494194984,-0.28711986541748047,-0.010723041370511055,-0.042214490473270416,-0.020734522491693497,0.9987133145332336,-0.04817603528499603,-0.015831319615244865,15.245572090148926,-0.24138779938220978,"[5.0, 5.0, 5.0, 5.0, 5.0, 5.0, 5.0, 5.0, 4.813348770141602, 4.890320301055908, 4.974185466766357, 5.0, 5.0, 5.0, 5.0, 5.0, 5.0, 5.0, 5.0, 5.0, 5.0, 5.0, 5.0, 5.0, 5.0, 5.0, 5.0, 5.0, 5.0, 5.0, 5.0, 5.0, 5.0, 5.0, 5.0, 5.0, 5.0, 5.0, 5.0, 5.0, 5.0, 5.0, 5.0, 5.0, 5.0, 5.0, 5.0, 5.0, 5.0, 5.0, 5.0, 5.0, 5.0, 5.0, 5.0, 5.0, 5.0, 5.0, 5.0, 5.0]"
3.8805549144744873,-0.01802864670753479,-0.29196780920028687,-0.0008135436219163239,-0.04752616211771965,-0.0447041280567646,0.9987297654151917,-0.04762165993452072,-0.016457581892609596,15.16776180267334,-0.2496584951877594,"[5.0, 5.0, 5.0, 5.0, 5.0, 5.0, 5.0, 4.909877300262451, 4.77284049987793, 4.849021911621094, 4.932028293609619, 5.0, 5.0, 5.0, 5.0, 5.0, 5.0, 5.0, 5.0, 5.0, 5.0, 5.0, 5.0, 5.0, 5.0, 5.0, 5.0, 5.0, 5.0, 5.0, 5.0, 5.0, 5.0, 5.0, 5.0, 5.0, 5.0, 5.0, 5.0, 5.0, 5.0, 5.0, 5.0, 5.0, 5.0, 5.0, 5.0, 5.0, 5.0, 5.0, 5.0, 5.0, 5.0, 5.0, 5.0, 5.0, 5.0, 5.0, 5.0, 5.0]"
3.8826162815093994,-0.017323605716228485,-0.2954106032848358,-0.02928469143807888,-0.04287593811750412,-0.056170158088207245,0.9987601637840271,-0.04676677659153938,-0.01705472730100155,15.089899063110352,-0.2573915719985962,"[5.0, 5.0, 5.0, 5.0, 5.0, 5.0, 5.0, 4.759769916534424, 4.731863975524902, 4.8072004318237305, 5.0, 5.0, 5.0, 5.0, 5.0, 5.0, 5.0, 5.0, 5.0, 5.0, 5.0, 5.0, 5.0, 5.0, 5.0, 5.0, 5.0, 5.0, 5.0, 5.0, 5.0, 5.0, 5.0, 5.0, 5.0, 5.0, 5.0, 5.0, 5.0, 5.0, 5.0, 5.0, 5.0, 5.0, 5.0, 5.0, 5.0, 5.0, 5.0, 5.0, 5.0, 5.0, 5.0, 5.0, 5.0, 5.0, 5.0, 5.0, 5.0, 5.0]"
3.884798526763916,-0.016777943819761276,-0.2956748902797699,-0.06566455960273743,-0.009629311040043831,-0.046274252235889435,0.998794674873352,-0.04598354920744896,-0.017161274328827858,15.012140274047852,-0.2576654255390167,"[5.0, 5.0, 5.0, 5.0, 5.0, 5.0, 4.907332897186279, 4.623172760009766, 4.691452503204346, 4.765986442565918, 5.0, 5.0, 5.0, 5.0, 5.0, 5.0, 5.0, 5.0, 5.0, 5.0, 5.0, 5.0, 5.0, 5.0, 5.0, 5.0, 5.0, 5.0, 5.0, 5.0, 5.0, 5.0, 5.0, 5.0, 5.0, 5.0, 5.0, 5.0, 5.0, 5.0, 5.0, 5.0, 5.0, 5.0, 5.0, 5.0, 5.0, 5.0, 5.0, 5.0, 5.0, 5.0, 5.0, 5.0, 5.0, 5.0, 5.0, 5.0, 5.0, 5.0]"
3.8870177268981934,-0.01776175945997238,-0.2941409647464752,-0.0914415493607521,0.010621805675327778,-0.01912202686071396,0.9988160729408264,-0.04564356058835983,-0.016822557896375656,14.934479713439941,-0.25127172470092773,"[5.0, 5.0, 5.0, 5.0, 5.0, 5.0, 4.737671852111816, 4.584741115570068, 4.6523871421813965, 4.726223945617676, 5.0, 5.0, 5.0, 5.0, 5.0, 5.0, 5.0, 5.0, 5.0, 5.0, 5.0, 5.0, 5.0, 5.0, 5.0, 5.0, 5.0, 5.0, 5.0, 5.0, 5.0, 5.0, 5.0, 5.0, 5.0, 5.0, 5.0, 5.0, 5.0, 5.0, 5.0, 5.0, 5.0, 5.0, 5.0, 5.0, 5.0, 5.0, 5.0, 5.0, 5.0, 5.0, 5.0, 5.0, 5.0, 5.0, 5.0, 5.0, 5.0, 5.0]"
3.8890650272369385,-0.021110668778419495,-0.2946217358112335,-0.07384349405765533,-0.004907781258225441,0.01374067459255457,0.9988064169883728,-0.04593338444828987,-0.016606414690613747,14.856732368469238,-0.2467510998249054,"[5.0, 5.0, 5.0, 5.0, 5.0, 4.885319232940674, 4.5617218017578125, 4.5475287437438965, 4.614659786224365, 4.687939643859863, 5.0, 5.0, 5.0, 5.0, 5.0, 5.0, 5.0, 5.0, 5.0, 5.0, 5.0, 5.0, 5.0, 5.0, 5.0, 5.0, 5.0, 5.0, 5.0, 5.0, 5.0, 5.0, 5.0, 5.0, 5.0, 5.0, 5.0, 5.0, 5.0, 5.0, 5.0, 5.0, 5.0, 5.0, 5.0, 5.0, 5.0, 5.0, 5.0, 5.0, 5.0, 5.0, 5.0, 5.0, 5.0, 5.0, 5.0, 5.0, 5.0, 5.0]"
3.8910584449768066,-0.02671772614121437,-0.294843465089798,-0.012980231083929539,-0.012325768359005451,0.039049532264471054,0.9987682104110718,-0.046782124787569046,-0.016530921682715416,14.778923034667969,-0.2443426251411438,"[5.0, 5.0, 5.0, 5.0, 5.0, 4.692203044891357, 4.449656009674072, 4.510624408721924, 4.5773234367370605, 5.0, 5.0, 5.0, 5.0, 5.0, 5.0, 5.0, 5.0, 5.0, 5.0, 5.0, 5.0, 5.0, 5.0, 5.0, 5.0, 5.0, 5.0, 5.0, 5.0, 5.0, 5.0, 5.0, 5.0, 5.0, 5.0, 5.0, 5.0, 5.0, 5.0, 5.0, 5.0, 5.0, 5.0, 5.0, 5.0, 5.0, 5.0, 5.0, 5.0, 5.0, 5.0, 5.0, 5.0, 5.0, 5.0, 5.0, 5.0, 5.0, 5.0, 5.0]"
3.893263339996338,-0.031205004081130028,-0.28640982508659363,0.030515076592564583,0.014393738470971584,0.01545616053044796,0.9987457394599915,-0.04742429777979851,-0.016053179278969765,14.701169967651367,-0.2360309660434723,"[5.0, 5.0, 5.0, 5.0, 5.0, 4.502310276031494, 4.411732196807861, 4.472240447998047, 4.538431167602539, 5.0, 5.0, 5.0, 5.0, 5.0, 5.0, 5.0, 5.0, 5.0, 5.0, 5.0, 5.0, 5.0, 5.0, 5.0, 5.0, 5.0, 5.0, 5.0, 5.0, 5.0, 5.0, 5.0, 5.0, 5.0, 5.0, 5.0, 5.0, 5.0, 5.0, 5.0, 5.0, 5.0, 5.0, 5.0, 5.0, 5.0, 5.0, 5.0, 5.0, 5.0, 5.0, 5.0, 5.0, 5.0, 5.0, 5.0, 5.0, 5.0, 5.0, 5.0]"
3.8955469131469727,-0.032472554594278336,-0.2781515419483185,-0.00866064801812172,0.024598727002739906,-0.0236535482108593,0.9987607598304749,-0.04735317453742027,-0.015314196236431599,14.623520851135254,-0.22397373616695404,"[5.0, 5.0, 5.0, 5.0, 4.652652740478516, 4.319361686706543, 4.372533798217773, 4.432456970214844, 4.498006820678711, 5.0, 5.0, 5.0, 5.0, 5.0, 5.0, 5.0, 5.0, 5.0, 5.0, 5.0, 5.0, 5.0, 5.0, 5.0, 5.0, 5.0, 5.0, 5.0, 5.0, 5.0, 5.0, 5.0, 5.0, 5.0, 5.0, 5.0, 5.0, 5.0, 5.0, 5.0, 5.0, 5.0, 5.0, 5.0, 5.0, 5.0, 5.0, 5.0, 5.0, 5.0, 5.0, 5.0, 5.0, 5.0, 5.0, 5.0, 5.0, 5.0, 5.0, 5.0]"
3.8979783058166504,-0.030012724921107292,-0.27567920088768005,-0.056255269795656204,0.03089938871562481,-0.06809647381305695,0.9988177418708801,-0.046407025307416916,-0.01447033230215311,14.545767784118652,-0.21050414443016052,"[5.0, 5.0, 5.0, 5.0, 4.463876247406006, 4.27835750579834, 4.3323140144348145, 4.3915114402771, 5.0, 5.0, 5.0, 5.0, 5.0, 5.0, 5.0, 5.0, 5.0, 5.0, 5.0, 5.0, 5.0, 5.0, 5.0, 5.0, 5.0, 5.0, 5.0, 5.0, 5.0, 5.0, 5.0, 5.0, 5.0, 5.0, 5.0, 5.0, 5.0, 5.0, 5.0, 5.0, 5.0, 5.0, 5.0, 5.0, 5.0, 5.0, 5.0, 5.0, 5.0, 5.0, 5.0, 5.0, 5.0, 5.0, 5.0, 5.0, 5.0, 5.0, 5.0, 5.0]"
3.900644063949585,-0.030787108466029167,-0.2721271812915802,-0.1703530251979828,0.04805369675159454,0.004525911528617144,0.9988380074501038,-0.04628455266356468,-0.01342505682259798,14.468053817749023,-0.19425195455551147,"[5.0, 5.0, 5.0, 5.0, 4.261912822723389, 4.241580486297607, 4.29505729675293, 4.353728294372559, 5.0, 5.0, 5.0, 5.0, 5.0, 5.0, 5.0, 5.0, 5.0, 5.0, 5.0, 5.0, 5.0, 5.0, 5.0, 5.0, 5.0, 5.0, 5.0, 5.0, 5.0, 5.0, 5.0, 5.0, 5.0, 5.0, 5.0, 5.0, 5.0, 5.0, 5.0, 5.0, 5.0, 5.0, 5.0, 5.0, 5.0, 5.0, 5.0, 5.0, 5.0, 5.0, 5.0, 5.0, 5.0, 5.0, 5.0, 5.0, 5.0, 5.0, 5.0, 5.0]"
3.903610944747925,-0.037392936646938324,-0.2699607014656067,-0.0791192427277565,0.07314582169055939,0.07219526916742325,0.9987978935241699,-0.0475570373237133,-0.011875426396727562,14.390381813049316,-0.1709039807319641,"[5.0, 5.0, 5.0, 4.386917591094971, 4.158018112182617, 4.206343173980713, 4.259552955627441, 5.0, 5.0, 5.0, 5.0, 5.0, 5.0, 5.0, 5.0, 5.0, 5.0, 5.0, 5.0, 5.0, 5.0, 5.0, 5.0, 5.0, 5.0, 5.0, 5.0, 5.0, 5.0, 5.0, 5.0, 5.0, 5.0, 5.0, 5.0, 5.0, 5.0, 5.0, 5.0, 5.0, 5.0, 5.0, 5.0, 5.0, 5.0, 5.0, 5.0, 5.0, 5.0, 5.0, 5.0, 5.0, 5.0, 5.0, 5.0, 5.0, 5.0, 5.0, 5.0, 5.0]"
3.906083583831787,-0.04661932587623596,-0.2665015161037445,0.060528457164764404,-0.0027012487407773733,0.09058421105146408,0.9987115263938904,-0.04949052631855011,-0.011215328238904476,14.31238079071045,-0.16052815318107605,"[5.0, 5.0, 5.0, 4.149627685546875, 4.122359752655029, 4.170506954193115, 4.223501682281494, 5.0, 5.0, 5.0, 5.0, 5.0, 5.0, 5.0, 5.0, 5.0, 5.0, 5.0, 5.0, 5.0, 5.0, 5.0, 5.0, 5.0, 5.0, 5.0, 5.0, 5.0, 5.0, 5.0, 5.0, 5.0, 5.0, 5.0, 5.0, 5.0, 5.0, 5.0, 5.0, 5.0, 5.0, 5.0, 5.0, 5.0, 5.0, 5.0, 5.0, 5.0, 5.0, 5.0, 5.0, 5.0, 5.0, 5.0, 5.0, 5.0, 5.0, 5.0, 5.0, 5.0]"
3.9081850051879883,-0.05628913640975952,-0.2669714391231537,0.14415602385997772,-0.07109899818897247,0.0864473506808281,0.9986035227775574,-0.051481105387210846,-0.01185924094170332,14.234051704406738,-0.1688169240951538,"[5.0, 5.0, 4.281276702880859, 4.042324542999268, 4.08569860458374, 4.133635520935059, 4.186391830444336, 5.0, 5.0, 5.0, 5.0, 5.0, 5.0, 5.0, 5.0, 5.0, 5.0, 5.0, 5.0, 5.0, 5.0, 5.0, 5.0, 5.0, 5.0, 5.0, 5.0, 5.0, 5.0, 5.0, 5.0, 5.0, 5.0, 5.0, 5.0, 5.0, 5.0, 5.0, 5.0, 5.0, 5.0, 5.0, 5.0, 5.0, 5.0, 5.0, 5.0, 5.0, 5.0, 5.0, 5.0, 5.0, 5.0, 5.0, 5.0, 5.0, 5.0, 5.0, 5.0, 5.0]"
3.9097979068756104,-0.06255560368299484,-0.266794890165329,0.1606140285730362,-0.12506256997585297,0.029367899522185326,0.9985221028327942,-0.05261093005537987,-0.013621469028294086,14.155364990234375,-0.1928347647190094,"[5.0, 5.0, 4.0442023277282715, 4.004451751708984, 4.04750919342041, 4.0950927734375, 5.0, 5.0, 5.0, 5.0, 5.0, 5.0, 5.0, 5.0, 5.0, 5.0, 5.0, 5.0, 5.0, 5.0, 5.0, 5.0, 5.0, 5.0, 5.0, 5.0, 5.0, 5.0, 5.0, 5.0, 5.0, 5.0, 5.0, 5.0, 5.0, 5.0, 5.0, 5.0, 5.0, 5.0, 5.0, 5.0, 5.0, 5.0, 5.0, 5.0, 5.0, 5.0, 5.0, 5.0, 5.0, 5.0, 5.0, 5.0, 5.0, 5.0, 5.0, 5.0, 5.0, 5.0]"
3.911682367324829,-0.06257382780313492,-0.2662504017353058,0.1726856678724289,-0.0678965300321579,-0.0648452639579773,0.9985346794128418,-0.05205490067601204,-0.014787458814680576,14.076776504516602,-0.20818251371383667,"[5.0, 4.221859455108643, 3.9256253242492676, 3.9638476371765137, 4.006328582763672, 4.053280830383301, 5.0, 5.0, 5.0, 5.0, 5.0, 5.0, 5.0, 5.0, 5.0, 5.0, 5.0, 5.0, 5.0, 5.0, 5.0, 5.0, 5.0, 5.0, 5.0, 5.0, 5.0, 5.0, 5.0, 5.0, 5.0, 5.0, 5.0, 5.0, 5.0, 5.0, 5.0, 5.0, 5.0, 5.0, 5.0, 5.0, 5.0, 5.0, 5.0, 5.0, 5.0, 5.0, 5.0, 5.0, 5.0, 5.0, 5.0, 5.0, 5.0, 5.0, 5.0, 5.0, 5.0, 5.0]"
3.913984537124634,-0.04765768349170685,-0.2496379315853119,0.025624625384807587,0.012020246125757694,-0.26317915320396423,0.9987396597862244,-0.048017632216215134,-0.014602342620491982,13.9984769821167,-0.2044323831796646,"[5.0, 4.023555278778076, 3.8824002742767334, 3.919647216796875, 3.9610800743103027, 5.0, 5.0, 5.0, 5.0, 5.0, 5.0, 5.0, 5.0, 5.0, 5.0, 5.0, 5.0, 5.0, 5.0, 5.0, 5.0, 5.0, 5.0, 5.0, 5.0, 5.0, 5.0, 5.0, 5.0, 5.0, 5.0, 5.0, 5.0, 5.0, 5.0, 5.0, 5.0, 5.0, 5.0, 5.0, 5.0, 5.0, 5.0, 5.0, 5.0, 5.0, 5.0, 5.0, 5.0, 5.0, 5.0, 5.0, 5.0, 5.0, 5.0, 5.0, 5.0, 5.0, 5.0, 5.0]"
3.9141764640808105,-0.021395081654191017,-0.2673403024673462,-0.27544689178466797,-0.21764551103115082,-0.3689424395561218,0.9989902973175049,-0.04128989949822426,-0.017700819298624992,13.919210433959961,-0.24642005562782288,"[5.0, 3.856470823287964, 3.8406178951263428, 3.876633405685425, 3.9167592525482178, 5.0, 5.0, 5.0, 5.0, 5.0, 5.0, 5.0, 5.0, 5.0, 5.0, 5.0, 5.0, 5.0, 5.0, 5.0, 5.0, 5.0, 5.0, 5.0, 5.0, 5.0, 5.0, 5.0, 5.0, 5.0, 5.0, 5.0, 5.0, 5.0, 5.0, 5.0, 5.0, 5.0, 5.0, 5.0, 5.0, 5.0, 5.0, 5.0, 5.0, 5.0, 5.0, 5.0, 5.0, 5.0, 5.0, 5.0, 5.0, 5.0, 5.0, 5.0, 5.0, 5.0, 5.0, 5.0]"
3.914030075073242,0.006814785301685333,-0.27795112133026123,-0.3493135869503021,-0.22370490431785583,-0.3676008880138397,0.9991780519485474,-0.03397194668650627,-0.022112982347607613,13.839334487915039,-0.3061038553714752,"[4.153871536254883, 3.7698171138763428, 3.8007302284240723, 3.835510015487671, 3.8743269443511963, 5.0, 5.0, 5.0, 5.0, 5.0, 5.0, 5.0, 5.0, 5.0, 5.0, 5.0, 5.0, 5.0, 5.0, 5.0, 5.0, 5.0, 5.0, 5.0, 5.0, 5.0, 5.0, 5.0, 5.0, 5.0, 5.0, 5.0, 5.0, 5.0, 5.0, 5.0, 5.0, 5.0, 5.0, 5.0, 5.0, 5.0, 5.0, 5.0, 5.0, 5.0, 5.0, 5.0, 5.0, 5.0, 5.0, 5.0, 5.0, 5.0, 5.0, 5.0, 5.0, 5.0, 5.0, 5.0]"
3.914278268814087,0.031737539917230606,-0.27590060234069824,-0.4061344265937805,-0.05914491042494774,-0.2934446930885315,0.9993254542350769,-0.027714021503925323,-0.02409195713698864,13.760231018066406,-0.3316071927547455,"[3.9388575553894043, 3.732595205307007, 3.762505054473877, 3.796222686767578, 3.8339130878448486, 5.0, 5.0, 5.0, 5.0, 5.0, 5.0, 5.0, 5.0, 5.0, 5.0, 5.0, 5.0, 5.0, 5.0, 5.0, 5.0, 5.0, 5.0, 5.0, 5.0, 5.0, 5.0, 5.0, 5.0, 5.0, 5.0, 5.0, 5.0, 5.0, 5.0, 5.0, 5.0, 5.0, 5.0, 5.0, 5.0, 5.0, 5.0, 5.0, 5.0, 5.0, 5.0, 5.0, 5.0, 5.0, 5.0, 5.0, 5.0, 5.0, 5.0, 5.0, 5.0, 5.0, 5.0, 5.0]"
3.91481614112854,0.05070706084370613,-0.26387548446655273,-0.4127133786678314,0.07004739344120026,-0.19576376676559448,0.9994576573371887,-0.02327648550271988,-0.02329050377011299,13.682206153869629,-0.3187519609928131,"[3.672459840774536, 3.6966865062713623, 3.7258248329162598, 3.7587215900421143, 5.0, 5.0, 5.0, 5.0, 5.0, 5.0, 5.0, 5.0, 5.0, 5.0, 5.0, 5.0, 5.0, 5.0, 5.0, 5.0, 5.0, 5.0, 5.0, 5.0, 5.0, 5.0, 5.0, 5.0, 5.0, 5.0, 5.0, 5.0, 5.0, 5.0, 5.0, 5.0, 5.0, 5.0, 5.0, 5.0, 5.0, 5.0, 5.0, 5.0, 5.0, 5.0, 5.0, 5.0, 5.0, 5.0, 5.0, 5.0, 5.0, 5.0, 5.0, 5.0, 5.0, 5.0, 5.0, 5.0]"
3.916077136993408,0.059857387095689774,-0.22818589210510254,-0.3797375559806824,0.17122367024421692,-0.048822686076164246,0.9995609521865845,-0.02156393975019455,-0.020317336544394493,13.604942321777344,-0.2764732837677002,"[3.6371965408325195, 3.6623003482818604, 3.690988779067993, 3.7233963012695312, 5.0, 5.0, 5.0, 5.0, 5.0, 5.0, 5.0, 5.0, 5.0, 5.0, 5.0, 5.0, 5.0, 5.0, 5.0, 5.0, 5.0, 5.0, 5.0, 5.0, 5.0, 5.0, 5.0, 5.0, 5.0, 5.0, 5.0, 5.0, 5.0, 5.0, 5.0, 5.0, 5.0, 5.0, 5.0, 5.0, 5.0, 5.0, 5.0, 5.0, 5.0, 5.0, 5.0, 5.0, 5.0, 5.0, 5.0, 5.0, 5.0, 5.0, 5.0, 5.0, 5.0, 5.0, 5.0, 5.0]"
3.9174270629882812,0.06178560107946396,-0.20580492913722992,-0.26198363304138184,0.13761493563652039,0.041083551943302155,0.9996076822280884,-0.02201138436794281,-0.01731567643582821,13.52756404876709,-0.23427407443523407,"[3.603595733642578, 3.6285154819488525, 3.6569905281066895, 5.0, 5.0, 5.0, 5.0, 5.0, 5.0, 5.0, 5.0, 5.0, 5.0, 5.0, 5.0, 5.0, 5.0, 5.0, 5.0, 5.0, 5.0, 5.0, 5.0, 5.0, 5.0, 5.0, 5.0, 5.0, 5.0, 5.0, 5.0, 5.0, 5.0, 5.0, 5.0, 5.0, 5.0, 5.0, 5.0, 5.0, 5.0, 5.0, 5.0, 5.0, 5.0, 5.0, 5.0, 5.0, 5.0, 5.0, 5.0, 5.0, 5.0, 5.0, 5.0, 5.0, 5.0, 5.0, 5.0, 5.0]"
3.919116735458374,0.060901716351509094,-0.21011176705360413,-0.0651187151670456,0.09213733673095703,0.06567268073558807,0.9996129870414734,-0.02337713912129402,-0.015076747164130211,13.449830055236816,-0.20280274748802185,"[3.5685458183288574, 3.5933542251586914, 3.6216866970062256, 5.0, 5.0, 5.0, 5.0, 5.0, 5.0, 5.0, 5.0, 5.0, 5.0, 5.0, 5.0, 5.0, 5.0, 5.0, 5.0, 5.0, 5.0, 5.0, 5.0, 5.0, 5.0, 5.0, 5.0, 5.0, 5.0, 5.0, 5.0, 5.0, 5.0, 5.0, 5.0, 5.0, 5.0, 5.0, 5.0, 5.0, 5.0, 5.0, 5.0, 5.0, 5.0, 5.0, 5.0, 5.0, 5.0, 5.0, 5.0, 5.0, 5.0, 5.0, 5.0, 5.0, 5.0, 5.0, 5.0, 5.0]"
3.921079158782959,0.060437288135290146,-0.21177604794502258,0.05833597853779793,0.06006238982081413,0.0549163743853569,0.9996023774147034,-0.024769410490989685,-0.013468638993799686,13.371864318847656,-0.1801171600818634,"[3.531825304031372, 3.5564959049224854, 5.0, 5.0, 5.0, 5.0, 5.0, 5.0, 5.0, 5.0, 5.0, 5.0, 5.0, 5.0, 5.0, 5.0, 5.0, 5.0, 5.0, 5.0, 5.0, 5.0, 5.0, 5.0, 5.0, 5.0, 5.0, 5.0, 5.0, 5.0, 5.0, 5.0, 5.0, 5.0, 5.0, 5.0, 5.0, 5.0, 5.0, 5.0, 5.0, 5.0, 5.0, 5.0, 5.0, 5.0, 5.0, 5.0, 5.0, 5.0, 5.0, 5.0, 5.0, 5.0, 5.0, 5.0, 5.0, 5.0, 5.0, 5.0]"
3.9229423999786377,0.055792003870010376,-0.22921520471572876,0.12495172768831253,-0.005454125348478556,0.11440551280975342,0.9995506405830383,-0.02703838236629963,-0.012934460304677486,13.29355525970459,-0.17195935547351837,"[3.4951515197753906, 5.0, 5.0, 5.0, 5.0, 5.0, 5.0, 5.0, 5.0, 5.0, 5.0, 5.0, 5.0, 5.0, 5.0, 5.0, 5.0, 5.0, 5.0, 5.0, 5.0, 5.0, 5.0, 5.0, 5.0, 5.0, 5.0, 5.0, 5.0, 5.0, 5.0, 5.0, 5.0, 5.0, 5.0, 5.0, 5.0, 5.0, 5.0, 5.0, 5.0, 5.0, 5.0, 5.0, 5.0, 5.0, 5.0, 5.0, 5.0, 5.0, 5.0, 5.0, 5.0, 5.0, 5.0, 5.0, 5.0, 5.0, 5.0, 5.0]"
3.9245381355285645,0.03060278855264187,-0.26120609045028687,0.2427644282579422,-0.08823645114898682,0.3920252323150635,0.9993319511413574,-0.033817045390605927,-0.013855480588972569,13.21481704711914,-0.18311522901058197,"[3.4611976146698, 5.0, 5.0, 5.0, 5.0, 5.0, 5.0, 5.0, 5.0, 5.0, 5.0, 5.0, 5.0, 5.0, 5.0, 5.0, 5.0, 5.0, 5.0, 5.0, 5.0, 5.0, 5.0, 5.0, 5.0, 5.0, 5.0, 5.0, 5.0, 5.0, 5.0, 5.0, 5.0, 5.0, 5.0, 5.0, 5.0, 5.0, 5.0, 5.0, 5.0, 5.0, 5.0, 5.0, 5.0, 5.0, 5.0, 5.0, 5.0, 5.0, 5.0, 5.0, 5.0, 5.0, 5.0, 5.0, 5.0, 5.0, 5.0, 5.0]"
3.9259777069091797,-0.014581545256078243,-0.2879219949245453,0.7238693237304688,-0.076993927359581,0.5685274600982666,0.9988894462585449,-0.04478192329406738,-0.014637965708971024,13.136088371276855,-0.19230623543262482,"[5.0, 5.0, 5.0, 5.0, 5.0, 5.0, 5.0, 5.0, 5.0, 5.0, 5.0, 5.0, 5.0, 5.0, 5.0, 5.0, 5.0, 5.0, 5.0, 5.0, 5.0, 5.0, 5.0, 5.0, 5.0, 5.0, 5.0, 5.0, 5.0, 5.0, 5.0, 5.0, 5.0, 5.0, 5.0, 5.0, 5.0, 5.0, 5.0, 5.0, 5.0, 5.0, 5.0, 5.0, 5.0, 5.0, 5.0, 5.0, 5.0, 5.0, 5.0, 5.0, 5.0, 5.0, 5.0, 5.0, 5.0, 5.0, 5.0, 5.0]"
3.9254953861236572,-0.0634426549077034,-0.31467974185943604,1.2888736724853516,-0.19317281246185303,0.48992428183555603,0.9983137249946594,-0.055685319006443024,-0.016390353441238403,13.057042121887207,-0.21403831243515015,"[5.0, 5.0, 5.0, 5.0, 5.0, 5.0, 5.0, 5.0, 5.0, 5.0, 5.0, 5.0, 5.0, 5.0, 5.0, 5.0, 5.0, 5.0, 5.0, 5.0, 5.0, 5.0, 5.0, 5.0, 5.0, 5.0, 5.0, 5.0, 5.0, 5.0, 5.0, 5.0, 5.0, 5.0, 5.0, 5.0, 5.0, 5.0, 5.0, 5.0, 5.0, 5.0, 5.0, 5.0, 5.0, 5.0, 5.0, 5.0, 5.0, 5.0, 5.0, 5.0, 5.0, 5.0, 5.0, 5.0, 5.0, 5.0, 5.0, 5.0]"
3.924436092376709,-0.10087630152702332,-0.3276960849761963,1.1693379878997803,-0.18041066825389862,0.2932693660259247,0.9978275895118713,-0.06330610811710358,-0.018229087814688683,12.97791576385498,-0.2366149127483368,"[5.0, 5.0, 5.0, 5.0, 5.0, 5.0, 5.0, 5.0, 5.0, 5.0, 5.0, 5.0, 5.0, 5.0, 5.0, 5.0, 5.0, 5.0, 5.0, 5.0, 5.0, 5.0, 5.0, 5.0, 5.0, 5.0, 5.0, 5.0, 5.0, 5.0, 5.0, 5.0, 5.0, 5.0, 5.0, 5.0, 5.0, 5.0, 5.0, 5.0, 5.0, 5.0, 5.0, 5.0, 5.0, 5.0, 5.0, 5.0, 5.0, 5.0, 5.0, 5.0, 5.0, 5.0, 5.0, 5.0, 5.0, 5.0, 5.0, 5.0]"
3.922808885574341,-0.12432736903429031,-0.33839040994644165,0.8483403921127319,-0.17612779140472412,0.08650325238704681,0.9975666999816895,-0.06674337387084961,-0.020147724077105522,12.898727416992188,-0.2599327862262726,"[5.0, 5.0, 5.0, 5.0, 5.0, 5.0, 5.0, 5.0, 5.0, 5.0, 5.0, 5.0, 5.0, 5.0, 5.0, 5.0, 5.0, 5.0, 5.0, 5.0, 5.0, 5.0, 5.0, 5.0, 5.0, 5.0, 5.0, 5.0, 5.0, 5.0, 5.0, 5.0, 5.0, 5.0, 5.0, 5.0, 5.0, 5.0, 5.0, 5.0, 5.0, 5.0, 5.0, 5.0, 5.0, 5.0, 5.0, 5.0, 5.0, 5.0, 5.0, 5.0, 5.0, 5.0, 5.0, 5.0, 5.0, 5.0, 5.0, 5.0]"
3.920564651489258,-0.134371817111969,-0.35293325781822205,0.4710351228713989,-0.20399820804595947,-0.09010404348373413,0.9975341558456421,-0.06633754819631577,-0.022909149527549744,12.819169044494629,-0.29375335574150085,"[5.0, 5.0, 5.0, 5.0, 5.0, 5.0, 5.0, 5.0, 5.0, 5.0, 5.0, 5.0, 5.0, 5.0, 5.0, 5.0, 5.0, 5.0, 5.0, 5.0, 5.0, 5.0, 5.0, 5.0, 5.0, 5.0, 5.0, 5.0, 5.0, 5.0, 5.0, 5.0, 5.0, 5.0, 5.0, 5.0, 5.0, 5.0, 5.0, 5.0, 5.0, 5.0, 5.0, 5.0, 5.0, 5.0, 5.0, 5.0, 5.0, 5.0, 5.0, 5.0, 5.0, 5.0, 5.0, 5.0, 5.0, 5.0, 5.0, 5.0]"
3.917603015899658,-0.13599465787410736,-0.37403222918510437,0.1914723515510559,-0.23325447738170624,-0.18992070853710175,0.9976327419281006,-0.06338886171579361,-0.026654446497559547,12.739171028137207,-0.33967626094818115,"[5.0, 5.0, 5.0, 5.0, 5.0, 5.0, 5.0, 5.0, 5.0, 5.0, 5.0, 5.0, 5.0, 5.0, 5.0, 5.0, 5.0, 5.0, 5.0, 5.0, 5.0, 5.0, 5.0, 5.0, 5.0, 5.0, 5.0, 5.0, 5.0, 5.0, 5.0, 5.0, 5.0, 5.0, 5.0, 5.0, 5.0, 5.0, 5.0, 5.0, 5.0, 5.0, 5.0, 5.0, 5.0, 5.0, 5.0, 5.0, 5.0, 5.0, 5.0, 5.0, 5.0, 5.0, 5.0, 5.0, 5.0, 5.0, 5.0, 5.0]"
3.914360761642456,-0.13480213284492493,-0.3912965655326843,0.03735540434718132,-0.19000244140625,-0.21505489945411682,0.9977767467498779,-0.059440989047288895,-0.03013833425939083,12.659128189086914,-0.3816984295845032,"[5.0, 5.0, 5.0, 5.0, 5.0, 5.0, 5.0, 5.0, 5.0, 5.0, 5.0, 5.0, 5.0, 5.0, 5.0, 5.0, 5.0, 5.0, 5.0, 5.0, 5.0, 5.0, 5.0, 5.0, 5.0, 5.0, 5.0, 5.0, 5.0, 5.0, 5.0, 5.0, 5.0, 5.0, 5.0, 5.0, 5.0, 5.0, 5.0, 5.0, 5.0, 5.0, 5.0, 5.0, 5.0, 5.0, 5.0, 5.0, 5.0, 5.0, 5.0, 5.0, 5.0, 5.0, 5.0, 5.0, 5.0, 5.0, 5.0, 5.0]"
3.9112439155578613,-0.13367421925067902,-0.3989814817905426,-0.05706533044576645,-0.09711723774671555,-0.20364245772361755,0.9979446530342102,-0.05543438345193863,-0.03214701637625694,12.57972240447998,-0.40460968017578125,"[5.0, 5.0, 5.0, 5.0, 5.0, 5.0, 5.0, 5.0, 5.0, 5.0, 5.0, 5.0, 5.0, 5.0, 5.0, 5.0, 5.0, 5.0, 5.0, 5.0, 5.0, 5.0, 5.0, 5.0, 5.0, 5.0, 5.0, 5.0, 5.0, 5.0, 5.0, 5.0, 5.0, 5.0, 5.0, 5.0, 5.0, 5.0, 5.0, 5.0, 5.0, 5.0, 5.0, 5.0, 5.0, 5.0, 5.0, 5.0, 5.0, 5.0, 5.0, 5.0, 5.0, 5.0, 5.0, 5.0, 5.0, 5.0, 5.0, 5.0]"
3.9085230827331543,-0.13397333025932312,-0.3976307809352875,-0.13223648071289062,0.0009826638270169497,-0.17293080687522888,0.9981318116188049,-0.051856767386198044,-0.032306868582963943,12.501235008239746,-0.404086709022522,"[5.0, 5.0, 5.0, 5.0, 5.0, 5.0, 5.0, 5.0, 5.0, 5.0, 5.0, 5.0, 5.0, 5.0, 5.0, 5.0, 5.0, 5.0, 5.0, 5.0, 5.0, 5.0, 5.0, 5.0, 5.0, 5.0, 5.0, 5.0, 5.0, 5.0, 5.0, 5.0, 5.0, 5.0, 5.0, 5.0, 5.0, 5.0, 5.0, 5.0, 5.0, 5.0, 5.0, 5.0, 5.0, 5.0, 5.0, 5.0, 5.0, 5.0, 5.0, 5.0, 5.0, 5.0, 5.0, 5.0, 5.0, 5.0, 5.0, 5.0]"
3.906285047531128,-0.13663353025913239,-0.3903914988040924,-0.18275175988674164,0.07604862004518509,-0.13047988712787628,0.9983202219009399,-0.04900640249252319,-0.03090292029082775,12.4235200881958,-0.3841065466403961,"[5.0, 5.0, 5.0, 5.0, 5.0, 5.0, 5.0, 5.0, 5.0, 5.0, 5.0, 5.0, 5.0, 5.0, 5.0, 5.0, 5.0, 5.0, 5.0, 5.0, 5.0, 5.0, 5.0, 5.0, 5.0, 5.0, 5.0, 5.0, 5.0, 5.0, 5.0, 5.0, 5.0, 5.0, 5.0, 5.0, 5.0, 5.0, 5.0, 5.0, 5.0, 5.0, 5.0, 5.0, 5.0, 5.0, 5.0, 5.0, 5.0, 5.0, 5.0, 5.0, 5.0, 5.0, 5.0, 5.0, 5.0, 5.0, 5.0, 5.0]"
3.9044721126556396,-0.1421213150024414,-0.3808247148990631,-0.1997976452112198,0.11616471409797668,-0.08451368659734726,0.9984860420227051,-0.04702285677194595,-0.028537554666399956,12.346242904663086,-0.3524751365184784,"[5.0, 5.0, 5.0, 5.0, 5.0, 5.0, 5.0, 5.0, 5.0, 5.0, 5.0, 5.0, 5.0, 5.0, 5.0, 5.0, 5.0, 5.0, 5.0, 5.0, 5.0, 5.0, 5.0, 5.0, 5.0, 5.0, 5.0, 5.0, 5.0, 5.0, 5.0, 5.0, 5.0, 5.0, 5.0, 5.0, 5.0, 5.0, 5.0, 5.0, 5.0, 5.0, 5.0, 5.0, 5.0, 5.0, 5.0, 5.0, 5.0, 5.0, 5.0, 5.0, 5.0, 5.0, 5.0, 5.0, 5.0, 5.0, 5.0, 5.0]"
3.9029550552368164,-0.15037262439727783,-0.37182366847991943,-0.1850961595773697,0.12239993363618851,-0.04277044162154198,0.9986118078231812,-0.04588618502020836,-0.025859877467155457,12.26902961730957,-0.31738176941871643,"[5.0, 5.0, 5.0, 5.0, 5.0, 5.0, 5.0, 5.0, 5.0, 5.0, 5.0, 5.0, 5.0, 5.0, 5.0, 5.0, 5.0, 5.0, 5.0, 5.0, 5.0, 5.0, 5.0, 5.0, 5.0, 5.0, 5.0, 5.0, 5.0, 5.0, 5.0, 5.0, 5.0, 5.0, 5.0, 5.0, 5.0, 5.0, 5.0, 5.0, 5.0, 5.0, 5.0, 5.0, 5.0, 5.0, 5.0, 5.0, 5.0, 5.0, 5.0, 5.0, 5.0, 5.0, 5.0, 5.0, 5.0, 5.0, 5.0, 5.0]"
3.901611089706421,-0.1608341634273529,-0.36515361070632935,-0.14967849850654602,0.10445858538150787,-0.011188678443431854,0.9986933469772339,-0.04543958976864815,-0.023383157327771187,12.191685676574707,-0.28515809774398804,"[5.0, 5.0, 5.0, 5.0, 5.0, 5.0, 5.0, 5.0, 5.0, 5.0, 5.0, 5.0, 5.0, 5.0, 5.0, 5.0, 5.0, 5.0, 5.0, 5.0, 5.0, 5.0, 5.0, 5.0, 5.0, 5.0, 5.0, 5.0, 5.0, 5.0, 5.0, 5.0, 5.0, 5.0, 5.0, 5.0, 5.0, 5.0, 5.0, 5.0, 5.0, 5.0, 5.0, 5.0, 5.0, 5.0, 5.0, 5.0, 5.0, 5.0, 5.0, 5.0, 5.0, 5.0, 5.0, 5.0, 5.0, 5.0, 5.0, 5.0]"
3.9003493785858154,-0.1725592017173767,-0.36145955324172974,-0.10804524272680283,0.07433853298425674,0.0060814907774329185,0.9987388253211975,-0.045416511595249176,-0.02140151895582676,12.114185333251953,-0.259321391582489,"[5.0, 5.0, 5.0, 5.0, 5.0, 5.0, 5.0, 5.0, 5.0, 5.0, 5.0, 5.0, 5.0, 5.0, 5.0, 5.0, 5.0, 5.0, 5.0, 5.0, 5.0, 5.0, 5.0, 5.0, 5.0, 5.0, 5.0, 5.0, 5.0, 5.0, 5.0, 5.0, 5.0, 5.0, 5.0, 5.0, 5.0, 5.0, 5.0, 5.0, 5.0, 5.0, 5.0, 5.0, 5.0, 5.0, 5.0, 5.0, 5.0, 5.0, 5.0, 5.0, 5.0, 5.0, 5.0, 5.0, 5.0, 5.0, 5.0, 5.0]"
3.899108648300171,-0.18446095287799835,-0.3605591058731079,-0.07493551820516586,0.04219384491443634,0.008710754103958607,0.9987625479698181,-0.04552857205271721,-0.020008588209748268,12.036402702331543,-0.24087965488433838,"[5.0, 5.0, 5.0, 5.0, 5.0, 5.0, 5.0, 5.0, 5.0, 5.0, 5.0, 5.0, 5.0, 5.0, 5.0, 5.0, 5.0, 5.0, 5.0, 5.0, 5.0, 5.0, 5.0, 5.0, 5.0, 5.0, 5.0, 5.0, 5.0, 5.0, 5.0, 5.0, 5.0, 5.0, 5.0, 5.0, 5.0, 5.0, 5.0, 5.0, 5.0, 5.0, 5.0, 5.0, 5.0, 5.0, 5.0, 5.0, 5.0, 5.0, 5.0, 5.0, 5.0, 5.0, 5.0, 5.0, 5.0, 5.0, 5.0, 5.0]"
3.8978664875030518,-0.1956413835287094,-0.36177629232406616,-0.06097254529595375,0.015341728925704956,0.0010662098648026586,0.9987794160842896,-0.04552683234214783,-0.019151445478200912,11.958489418029785,-0.22906437516212463,"[5.0, 5.0, 5.0, 5.0, 5.0, 5.0, 5.0, 5.0, 5.0, 5.0, 5.0, 5.0, 5.0, 5.0, 5.0, 5.0, 5.0, 5.0, 5.0, 5.0, 5.0, 5.0, 5.0, 5.0, 5.0, 5.0, 5.0, 5.0, 5.0, 5.0, 5.0, 5.0, 5.0, 5.0, 5.0, 5.0, 5.0, 5.0, 5.0, 5.0, 5.0, 5.0, 5.0, 5.0, 5.0, 5.0, 5.0, 5.0, 5.0, 5.0, 5.0, 5.0, 5.0, 5.0, 5.0, 5.0, 5.0, 5.0, 5.0, 5.0]"
3.896630048751831,-0.2055589258670807,-0.36423254013061523,-0.06731896102428436,-0.0021924839820712805,-0.011495832353830338,0.9987995028495789,-0.045282211154699326,-0.018681321293115616,11.880463600158691,-0.22198151051998138,"[5.0, 5.0, 5.0, 5.0, 5.0, 5.0, 5.0, 5.0, 5.0, 5.0, 5.0, 5.0, 5.0, 5.0, 5.0, 5.0, 5.0, 5.0, 5.0, 5.0, 5.0, 5.0, 5.0, 5.0, 5.0, 5.0, 5.0, 5.0, 5.0, 5.0, 5.0, 5.0, 5.0, 5.0, 5.0, 5.0, 5.0, 5.0, 5.0, 5.0, 5.0, 5.0, 5.0, 5.0, 5.0, 5.0, 5.0, 5.0, 5.0, 5.0, 5.0, 5.0, 5.0, 5.0, 5.0, 5.0, 5.0, 5.0, 5.0, 5.0]"
3.895423650741577,-0.21396706998348236,-0.3670382797718048,-0.08867832273244858,-0.009200286120176315,-0.025059349834918976,0.9988285303115845,-0.0447491891682148,-0.018408849835395813,11.802361488342285,-0.2173047512769699,"[5.0, 5.0, 5.0, 5.0, 5.0, 5.0, 5.0, 5.0, 5.0, 5.0, 5.0, 5.0, 5.0, 5.0, 5.0, 5.0, 5.0, 5.0, 5.0, 5.0, 5.0, 5.0, 5.0, 5.0, 5.0, 5.0, 5.0, 5.0, 5.0, 5.0, 5.0, 5.0, 5.0, 5.0, 5.0, 5.0, 5.0, 5.0, 5.0, 5.0, 5.0, 5.0, 5.0, 5.0, 5.0, 5.0, 5.0, 5.0, 5.0, 5.0, 5.0, 5.0, 5.0, 5.0, 5.0, 5.0, 5.0, 5.0, 5.0, 5.0]"
3.894279956817627,-0.22091391682624817,-0.36945703625679016,-0.11801037192344666,-0.007314818911254406,-0.03581623360514641,0.998868465423584,-0.043952468782663345,-0.018157748505473137,11.724291801452637,-0.2129218578338623,"[5.0, 5.0, 5.0, 5.0, 5.0, 5.0, 5.0, 5.0, 5.0, 5.0, 5.0, 5.0, 5.0, 5.0, 5.0, 5.0, 5.0, 5.0, 5.0, 5.0, 5.0, 5.0, 5.0, 5.0, 5.0, 5.0, 5.0, 5.0, 5.0, 5.0, 5.0, 5.0, 5.0, 5.0, 5.0, 5.0, 5.0, 5.0, 5.0, 5.0, 5.0, 5.0, 5.0, 5.0, 5.0, 5.0, 5.0, 5.0, 5.0, 5.0, 5.0, 5.0, 5.0, 5.0, 5.0, 5.0, 5.0, 5.0, 5.0, 5.0]"
3.893223524093628,-0.22670966386795044,-0.3710080683231354,-0.1495303064584732,0.0007253172807395458,-0.04065924137830734,0.9989166259765625,-0.04299744963645935,-0.01779274083673954,11.646265029907227,-0.20725178718566895,"[5.0, 5.0, 5.0, 5.0, 5.0, 5.0, 5.0, 5.0, 5.0, 5.0, 5.0, 5.0, 5.0, 5.0, 5.0, 5.0, 5.0, 5.0, 5.0, 5.0, 5.0, 5.0, 5.0, 5.0, 5.0, 5.0, 5.0, 5.0, 5.0, 5.0, 5.0, 5.0, 5.0, 5.0, 5.0, 5.0, 5.0, 5.0, 5.0, 5.0, 5.0, 5.0, 5.0, 5.0, 5.0, 5.0, 5.0, 5.0, 5.0, 5.0, 5.0, 5.0, 5.0, 5.0, 5.0, 5.0, 5.0, 5.0, 5.0, 5.0]"
3.892271041870117,-0.2317589968442917,-0.37151801586151123,-0.17628927528858185,0.011596138589084148,-0.03947602957487106,0.9989684224128723,-0.04200846329331398,-0.01723790168762207,11.568314552307129,-0.19944313168525696,"[5.0, 5.0, 5.0, 5.0, 5.0, 5.0, 5.0, 5.0, 5.0, 5.0, 5.0, 5.0, 5.0, 5.0, 5.0, 5.0, 5.0, 5.0, 5.0, 5.0, 5.0, 5.0, 5.0, 5.0, 5.0, 5.0, 5.0, 5.0, 5.0, 5.0, 5.0, 5.0, 5.0, 5.0, 5.0, 5.0, 5.0, 5.0, 5.0, 5.0, 5.0, 5.0, 5.0, 5.0, 5.0, 5.0, 5.0, 5.0, 5.0, 5.0, 5.0, 5.0, 5.0, 5.0, 5.0, 5.0, 5.0, 5.0, 5.0, 5.0]"
3.891433000564575,-0.2363799661397934,-0.37107107043266296,-0.19405828416347504,0.021861419081687927,-0.03405451774597168,0.9990196228027344,-0.04108533263206482,-0.0164801012724638,11.490410804748535,-0.18938888609409332,"[5.0, 5.0, 5.0, 5.0, 5.0, 5.0, 5.0, 5.0, 5.0, 5.0, 5.0, 5.0, 5.0, 5.0, 5.0, 5.0, 5.0, 5.0, 5.0, 5.0, 5.0, 5.0, 5.0, 5.0, 5.0, 5.0, 5.0, 5.0, 5.0, 5.0, 5.0, 5.0, 5.0, 5.0, 5.0, 5.0, 5.0, 5.0, 5.0, 5.0, 5.0, 5.0, 5.0, 5.0, 5.0, 5.0, 5.0, 5.0, 5.0, 5.0, 5.0, 5.0, 5.0, 5.0, 5.0, 5.0, 5.0, 5.0, 5.0, 5.0]"
3.890691041946411,-0.24083442986011505,-0.369953453540802,-0.20288634300231934,0.028815770521759987,-0.02547060325741768,0.9990663528442383,-0.04029851034283638,-0.015564234927296638,11.412572860717773,-0.17764949798583984,"[5.0, 5.0, 5.0, 5.0, 5.0, 5.0, 5.0, 5.0, 5.0, 5.0, 5.0, 5.0, 5.0, 5.0, 5.0, 5.0, 5.0, 5.0, 5.0, 5.0, 5.0, 5.0, 5.0, 5.0, 5.0, 5.0, 5.0, 5.0, 5.0, 5.0, 5.0, 5.0, 5.0, 5.0, 5.0, 5.0, 5.0, 5.0, 5.0, 5.0, 5.0, 5.0, 5.0, 5.0, 5.0, 5.0, 5.0, 5.0, 5.0, 5.0, 5.0, 5.0, 5.0, 5.0, 5.0, 5.0, 5.0, 5.0, 5.0, 5.0]"
3.8900272846221924,-0.2453126460313797,-0.36854320764541626,-0.20367476344108582,0.031461965292692184,-0.014941202476620674,0.9991053938865662,-0.039700258523225784,-0.014565660618245602,11.334781646728516,-0.1651161164045334,"[5.0, 5.0, 5.0, 5.0, 5.0, 5.0, 5.0, 5.0, 5.0, 5.0, 5.0, 5.0, 5.0, 5.0, 5.0, 5.0, 5.0, 5.0, 5.0, 5.0, 5.0, 5.0, 5.0, 5.0, 5.0, 5.0, 5.0, 5.0, 5.0, 5.0, 5.0, 5.0, 5.0, 5.0, 5.0, 5.0, 5.0, 5.0, 5.0, 5.0, 5.0, 5.0, 5.0, 5.0, 5.0, 5.0, 5.0, 5.0, 5.0, 5.0, 5.0, 5.0, 5.0, 5.0, 5.0, 5.0, 5.0, 5.0, 5.0, 5.0]"
3.8894190788269043,-0.24984465539455414,-0.36718279123306274,-0.19683438539505005,0.030032401904463768,-0.005076867062598467,0.9991353750228882,-0.0393013134598732,-0.013561351224780083,11.256943702697754,-0.1526734083890915,"[5.0, 5.0, 5.0, 5.0, 5.0, 5.0, 5.0, 5.0, 5.0, 5.0, 5.0, 5.0, 5.0, 5.0, 5.0, 5.0, 5.0, 5.0, 5.0, 5.0, 5.0, 5.0, 5.0, 5.0, 5.0, 5.0, 5.0, 5.0, 5.0, 5.0, 5.0, 5.0, 5.0, 5.0, 5.0, 5.0, 5.0, 5.0, 5.0, 5.0, 5.0, 5.0, 5.0, 5.0, 5.0, 5.0, 5.0, 5.0, 5.0, 5.0, 5.0, 5.0, 5.0, 5.0, 5.0, 5.0, 5.0, 5.0, 5.0, 5.0]"
3.8888425827026367,-0.2543093264102936,-0.3661183714866638,-0.1851429045200348,0.0251697339117527,0.0022587417624890804,0.999157190322876,-0.03905707225203514,-0.012618857435882092,11.179104804992676,-0.14107877016067505,"[5.0, 5.0, 5.0, 5.0, 5.0, 5.0, 5.0, 5.0, 5.0, 5.0, 5.0, 5.0, 5.0, 5.0, 5.0, 5.0, 5.0, 5.0, 5.0, 5.0, 5.0, 5.0, 5.0, 5.0, 5.0, 5.0, 5.0, 5.0, 5.0, 5.0, 5.0, 5.0, 5.0, 5.0, 5.0, 5.0, 5.0, 5.0, 5.0, 5.0, 5.0, 5.0, 5.0, 5.0, 5.0, 5.0, 5.0, 5.0, 5.0, 5.0, 5.0, 5.0, 5.0, 5.0, 5.0, 5.0, 5.0, 5.0, 5.0, 5.0]"
3.888275146484375,-0.2585683763027191,-0.3654850423336029,-0.17326904833316803,0.01821693778038025,0.007467799820005894,0.9991726279258728,-0.03892277553677559,-0.011786313727498055,11.101255416870117,-0.13085198402404785,"[5.0, 5.0, 5.0, 5.0, 5.0, 5.0, 5.0, 5.0, 5.0, 5.0, 5.0, 5.0, 5.0, 5.0, 5.0, 5.0, 5.0, 5.0, 5.0, 5.0, 5.0, 5.0, 5.0, 5.0, 5.0, 5.0, 5.0, 5.0, 5.0, 5.0, 5.0, 5.0, 5.0, 5.0, 5.0, 5.0, 5.0, 5.0, 5.0, 5.0, 5.0, 5.0, 5.0, 5.0, 5.0, 5.0, 5.0, 5.0, 5.0, 5.0, 5.0, 5.0, 5.0, 5.0, 5.0, 5.0, 5.0, 5.0, 5.0, 5.0]"
3.8877038955688477,-0.26250988245010376,-0.36530953645706177,-0.1625942587852478,0.010798102244734764,0.010874548926949501,0.9991829991340637,-0.038862962275743484,-0.011082284152507782,11.02338981628418,-0.12217184901237488,"[5.0, 5.0, 5.0, 5.0, 5.0, 5.0, 5.0, 5.0, 5.0, 5.0, 5.0, 5.0, 5.0, 5.0, 5.0, 5.0, 5.0, 5.0, 5.0, 5.0, 5.0, 5.0, 5.0, 5.0, 5.0, 5.0, 5.0, 5.0, 5.0, 5.0, 5.0, 5.0, 5.0, 5.0, 5.0, 5.0, 5.0, 5.0, 5.0, 5.0, 5.0, 5.0, 5.0, 5.0, 5.0, 5.0, 5.0, 5.0, 5.0, 5.0, 5.0, 5.0, 5.0, 5.0, 5.0, 5.0, 5.0, 5.0, 5.0, 5.0]"
3.8871214389801025,-0.2659847140312195,-0.3655049800872803,-0.1533377468585968,0.004254629369825125,0.011892161332070827,0.9991904497146606,-0.038834091275930405,-0.010497242212295532,10.945511817932129,-0.114904023706913,"[5.0, 5.0, 5.0, 5.0, 5.0, 5.0, 5.0, 5.0, 5.0, 5.0, 5.0, 5.0, 5.0, 5.0, 5.0, 5.0, 5.0, 5.0, 5.0, 5.0, 5.0, 5.0, 5.0, 5.0, 5.0, 5.0, 5.0, 5.0, 5.0, 5.0, 5.0, 5.0, 5.0, 5.0, 5.0, 5.0, 5.0, 5.0, 5.0, 5.0, 5.0, 5.0, 5.0, 5.0, 5.0, 5.0, 5.0, 5.0, 5.0, 5.0, 5.0, 5.0, 5.0, 5.0, 5.0, 5.0, 5.0, 5.0, 5.0, 5.0]"
3.8865163326263428,-0.26887017488479614,-0.36592891812324524,-0.14699962735176086,-0.0009426245233044028,0.011318090371787548,0.9991968274116516,-0.03879929333925247,-0.010008656419813633,10.867594718933105,-0.10877548158168793,"[5.0, 5.0, 5.0, 5.0, 5.0, 5.0, 5.0, 5.0, 5.0, 5.0, 5.0, 5.0, 5.0, 5.0, 5.0, 5.0, 5.0, 5.0, 5.0, 5.0, 5.0, 5.0, 5.0, 5.0, 5.0, 5.0, 5.0, 5.0, 5.0, 5.0, 5.0, 5.0, 5.0, 5.0, 5.0, 5.0, 5.0, 5.0, 5.0, 5.0, 5.0, 5.0, 5.0, 5.0, 5.0, 5.0, 5.0, 5.0, 5.0, 5.0, 5.0, 5.0, 5.0, 5.0, 5.0, 5.0, 5.0, 5.0, 5.0, 5.0]"
3.8858883380889893,-0.2711646556854248,-0.3664488196372986,-0.14400863647460938,-0.004592962563037872,0.011071747168898582,0.9992026686668396,-0.03875357657670975,-0.009589066728949547,10.789670944213867,-0.10346764326095581,"[5.0, 5.0, 5.0, 5.0, 5.0, 5.0, 5.0, 5.0, 5.0, 5.0, 5.0, 5.0, 5.0, 5.0, 5.0, 5.0, 5.0, 5.0, 5.0, 5.0, 5.0, 5.0, 5.0, 5.0, 5.0, 5.0, 5.0, 5.0, 5.0, 5.0, 5.0, 5.0, 5.0, 5.0, 5.0, 5.0, 5.0, 5.0, 5.0, 5.0, 5.0, 5.0, 5.0, 5.0, 5.0, 5.0, 5.0, 5.0, 5.0, 5.0, 5.0, 5.0, 5.0, 5.0, 5.0, 5.0, 5.0, 5.0, 5.0, 5.0]"
3.8852295875549316,-0.272932231426239,-0.36694806814193726,-0.1417337954044342,-0.00659351097419858,0.011452160775661469,0.9992080330848694,-0.03870821371674538,-0.009207132272422314,10.711771965026855,-0.09862888604402542,"[5.0, 5.0, 5.0, 5.0, 5.0, 5.0, 5.0, 5.0, 5.0, 5.0, 5.0, 5.0, 5.0, 5.0, 5.0, 5.0, 5.0, 5.0, 5.0, 5.0, 5.0, 5.0, 5.0, 5.0, 5.0, 5.0, 5.0, 5.0, 5.0, 5.0, 5.0, 5.0, 5.0, 5.0, 5.0, 5.0, 5.0, 5.0, 5.0, 5.0, 5.0, 5.0, 5.0, 5.0, 5.0, 5.0, 5.0, 5.0, 5.0, 5.0, 5.0, 5.0, 5.0, 5.0, 5.0, 5.0, 5.0, 5.0, 5.0, 5.0]"
3.884542465209961,-0.27419140934944153,-0.3673223555088043,-0.13871023058891296,-0.007261333521455526,0.011805711314082146,0.9992129802703857,-0.038668591529130936,-0.008835213258862495,10.633865356445312,-0.09395614266395569,"[5.0, 5.0, 5.0, 5.0, 5.0, 5.0, 5.0, 5.0, 5.0, 5.0, 5.0, 5.0, 5.0, 5.0, 5.0, 5.0, 5.0, 5.0, 5.0, 5.0, 5.0, 5.0, 5.0, 5.0, 5.0, 5.0, 5.0, 5.0, 5.0, 5.0, 5.0, 5.0, 5.0, 5.0, 5.0, 5.0, 5.0, 5.0, 5.0, 5.0, 5.0, 5.0, 5.0, 5.0, 5.0, 5.0, 5.0, 5.0, 5.0, 5.0, 5.0, 5.0, 5.0, 5.0, 5.0, 5.0, 5.0, 5.0, 5.0, 5.0]"
3.8838188648223877,-0.2750060260295868,-0.367520272731781,-0.13562777638435364,-0.007411457132548094,0.01286754198372364,0.9992172718048096,-0.03864038363099098,-0.00845878105610609,10.556017875671387,-0.08929424732923508,"[5.0, 5.0, 5.0, 5.0, 5.0, 5.0, 5.0, 5.0, 5.0, 5.0, 5.0, 5.0, 5.0, 5.0, 5.0, 5.0, 5.0, 5.0, 5.0, 5.0, 5.0, 5.0, 5.0, 5.0, 5.0, 5.0, 5.0, 5.0, 5.0, 5.0, 5.0, 5.0, 5.0, 5.0, 5.0, 5.0, 5.0, 5.0, 5.0, 5.0, 5.0, 5.0, 5.0, 5.0, 5.0, 5.0, 5.0, 5.0, 5.0, 5.0, 5.0, 5.0, 5.0, 5.0, 5.0, 5.0, 5.0, 5.0, 5.0, 5.0]"
3.8830559253692627,-0.27549535036087036,-0.36755117774009705,-0.1320078819990158,-0.007409973535686731,0.015410911291837692,0.9992198348045349,-0.038657452911138535,-0.008072402328252792,10.478154182434082,-0.08458664268255234,"[5.0, 5.0, 5.0, 5.0, 5.0, 5.0, 5.0, 5.0, 5.0, 5.0, 5.0, 5.0, 5.0, 5.0, 5.0, 5.0, 5.0, 5.0, 5.0, 5.0, 5.0, 5.0, 5.0, 5.0, 5.0, 5.0, 5.0, 5.0, 5.0, 5.0, 5.0, 5.0, 5.0, 5.0, 5.0, 5.0, 5.0, 5.0, 5.0, 5.0, 5.0, 5.0, 5.0, 5.0, 5.0, 5.0, 5.0, 5.0, 5.0, 5.0, 5.0, 5.0, 5.0, 5.0, 5.0, 5.0, 5.0, 5.0, 5.0, 5.0]"
3.8822498321533203,-0.2757395803928375,-0.3674444854259491,-0.12582480907440186,-0.007387880235910416,0.01831069588661194,0.9992201328277588,-0.038730572909116745,-0.007674330845475197,10.4003267288208,-0.07981790602207184,"[5.0, 5.0, 5.0, 5.0, 5.0, 5.0, 5.0, 5.0, 5.0, 5.0, 5.0, 5.0, 5.0, 5.0, 5.0, 5.0, 5.0, 5.0, 5.0, 5.0, 5.0, 5.0, 5.0, 5.0, 5.0, 5.0, 5.0, 5.0, 5.0, 5.0, 5.0, 5.0, 5.0, 5.0, 5.0, 5.0, 5.0, 5.0, 5.0, 5.0, 5.0, 5.0, 5.0, 5.0, 5.0, 5.0, 5.0, 5.0, 5.0, 5.0, 5.0, 5.0, 5.0, 5.0, 5.0, 5.0, 5.0, 5.0, 5.0, 5.0]"
3.8813986778259277,-0.2757378816604614,-0.3672289252281189,-0.11764303594827652,-0.007808397524058819,0.020563721656799316,0.999218225479126,-0.038857247680425644,-0.007269177120178938,10.322478294372559,-0.07503791153430939,"[5.0, 5.0, 5.0, 5.0, 5.0, 5.0, 5.0, 5.0, 5.0, 5.0, 5.0, 5.0, 5.0, 5.0, 5.0, 5.0, 5.0, 5.0, 5.0, 5.0, 5.0, 5.0, 5.0, 5.0, 5.0, 5.0, 5.0, 5.0, 5.0, 5.0, 5.0, 5.0, 5.0, 5.0, 5.0, 5.0, 5.0, 5.0, 5.0, 5.0, 5.0, 5.0, 5.0, 5.0, 5.0, 5.0, 5.0, 5.0, 5.0, 5.0, 5.0, 5.0, 5.0, 5.0, 5.0, 5.0, 5.0, 5.0, 5.0, 5.0]"
3.8804900646209717,-0.2755146622657776,-0.3669605255126953,-0.10946634411811829,-0.00895040761679411,0.02289213240146637,0.9992143511772156,-0.039029184728860855,-0.006869629956781864,10.244664192199707,-0.07037872076034546,"[5.0, 5.0, 5.0, 5.0, 5.0, 5.0, 5.0, 5.0, 5.0, 5.0, 5.0, 5.0, 5.0, 5.0, 5.0, 5.0, 5.0, 5.0, 5.0, 5.0, 5.0, 5.0, 5.0, 5.0, 5.0, 5.0, 5.0, 5.0, 5.0, 5.0, 5.0, 5.0, 5.0, 5.0, 5.0, 5.0, 5.0, 5.0, 5.0, 5.0, 5.0, 5.0, 5.0, 5.0, 5.0, 5.0, 5.0, 5.0, 5.0, 5.0, 5.0, 5.0, 5.0, 5.0, 5.0, 5.0, 5.0, 5.0, 5.0, 5.0]"
3.879521608352661,-0.2751222848892212,-0.3666927218437195,-0.1008787676692009,-0.01041590515524149,0.025448892265558243,0.9992081522941589,-0.039252471178770065,-0.006483904086053371,10.166905403137207,-0.06592263281345367,"[5.0, 5.0, 5.0, 5.0, 5.0, 5.0, 5.0, 5.0, 5.0, 5.0, 5.0, 5.0, 5.0, 5.0, 5.0, 5.0, 5.0, 5.0, 5.0, 5.0, 5.0, 5.0, 5.0, 5.0, 5.0, 5.0, 5.0, 5.0, 5.0, 5.0, 5.0, 5.0, 5.0, 5.0, 5.0, 5.0, 5.0, 5.0, 5.0, 5.0, 5.0, 5.0, 5.0, 5.0, 5.0, 5.0, 5.0, 5.0, 5.0, 5.0, 5.0, 5.0, 5.0, 5.0, 5.0, 5.0, 5.0, 5.0, 5.0, 5.0]"
3.8784966468811035,-0.2745347023010254,-0.3664424419403076,-0.09101291745901108,-0.011979551985859871,0.026909098029136658,0.9992000460624695,-0.039517391473054886,-0.0061143008060753345,10.089147567749023,-0.06168924272060394,"[5.0, 5.0, 5.0, 5.0, 5.0, 5.0, 5.0, 5.0, 5.0, 5.0, 5.0, 5.0, 5.0, 5.0, 5.0, 5.0, 5.0, 5.0, 5.0, 5.0, 5.0, 5.0, 5.0, 5.0, 5.0, 5.0, 5.0, 5.0, 5.0, 5.0, 5.0, 5.0, 5.0, 5.0, 5.0, 5.0, 5.0, 5.0, 5.0, 5.0, 5.0, 5.0, 5.0, 5.0, 5.0, 5.0, 5.0, 5.0, 5.0, 5.0, 5.0, 5.0, 5.0, 5.0, 5.0, 5.0, 5.0, 5.0, 5.0, 5.0]"
3.877408742904663,-0.27369195222854614,-0.366207480430603,-0.0819980800151825,-0.013730386272072792,0.02721147984266281,0.9991908073425293,-0.039803024381399155,-0.005764609668403864,10.011351585388184,-0.05771250277757645,"[5.0, 5.0, 5.0, 5.0, 5.0, 5.0, 5.0, 5.0, 5.0, 5.0, 5.0, 5.0, 5.0, 5.0, 5.0, 5.0, 5.0, 5.0, 5.0, 5.0, 5.0, 5.0, 5.0, 5.0, 5.0, 5.0, 5.0, 5.0, 5.0, 5.0, 5.0, 5.0, 5.0, 5.0, 5.0, 5.0, 5.0, 5.0, 5.0, 5.0, 5.0, 5.0, 5.0, 5.0, 5.0, 5.0, 5.0, 5.0, 5.0, 5.0, 5.0, 5.0, 5.0, 5.0, 5.0, 5.0, 5.0, 5.0, 5.0, 5.0]"
3.876253366470337,-0.2726043462753296,-0.3659788966178894,-0.07498212903738022,-0.015301594510674477,0.02766551449894905,0.9991809129714966,-0.040096577256917953,-0.005433069076389074,9.933622360229492,-0.053970858454704285,"[5.0, 5.0, 5.0, 5.0, 5.0, 5.0, 5.0, 5.0, 5.0, 5.0, 5.0, 5.0, 5.0, 5.0, 5.0, 5.0, 5.0, 5.0, 5.0, 5.0, 5.0, 5.0, 5.0, 5.0, 5.0, 5.0, 5.0, 5.0, 5.0, 5.0, 5.0, 5.0, 5.0, 5.0, 5.0, 5.0, 5.0, 5.0, 5.0, 5.0, 5.0, 5.0, 5.0, 5.0, 5.0, 5.0, 5.0, 5.0, 5.0, 5.0, 5.0, 5.0, 5.0, 5.0, 5.0, 5.0, 5.0, 5.0, 5.0, 5.0]"
3.8750340938568115,-0.27131086587905884,-0.36573800444602966,-0.06811650097370148,-0.016257120296359062,0.02811383828520775,0.999170184135437,-0.040405597537755966,-0.005112549290060997,9.855926513671875,-0.050389572978019714,"[5.0, 5.0, 5.0, 5.0, 5.0, 5.0, 5.0, 5.0, 5.0, 5.0, 5.0, 5.0, 5.0, 5.0, 5.0, 5.0, 5.0, 5.0, 5.0, 5.0, 5.0, 5.0, 5.0, 5.0, 5.0, 5.0, 5.0, 5.0, 5.0, 5.0, 5.0, 5.0, 5.0, 5.0, 5.0, 5.0, 5.0, 5.0, 5.0, 5.0, 5.0, 5.0, 5.0, 5.0, 5.0, 5.0, 5.0, 5.0, 5.0, 5.0, 5.0, 5.0, 5.0, 5.0, 5.0, 5.0, 5.0, 5.0, 5.0, 5.0]"
3.873756170272827,-0.2697655260562897,-0.36542248725891113,-0.06149521470069885,-0.01660788245499134,0.027600031346082687,0.9991589784622192,-0.0407201386988163,-0.0047891633585095406,9.77820873260498,-0.046829983592033386,"[5.0, 5.0, 5.0, 5.0, 5.0, 5.0, 5.0, 5.0, 5.0, 5.0, 5.0, 5.0, 5.0, 5.0, 5.0, 5.0, 5.0, 5.0, 5.0, 5.0, 5.0, 5.0, 5.0, 5.0, 5.0, 5.0, 5.0, 5.0, 5.0, 5.0, 5.0, 5.0, 5.0, 5.0, 5.0, 5.0, 5.0, 5.0, 5.0, 5.0, 5.0, 5.0, 5.0, 5.0, 5.0, 5.0, 5.0, 5.0, 5.0, 5.0, 5.0, 5.0, 5.0, 5.0, 5.0, 5.0, 5.0, 5.0, 5.0, 5.0]"
3.8724167346954346,-0.2679551839828491,-0.36500048637390137,-0.05663149431347847,-0.01673761010169983,0.026910360902547836,0.9991481304168701,-0.04102422297000885,-0.004457381088286638,9.700520515441895,-0.043239351361989975,"[5.0, 5.0, 5.0, 5.0, 5.0, 5.0, 5.0, 5.0, 5.0, 5.0, 5.0, 5.0, 5.0, 5.0, 5.0, 5.0, 5.0, 5.0, 5.0, 5.0, 5.0, 5.0, 5.0, 5.0, 5.0, 5.0, 5.0, 5.0, 5.0, 5.0, 5.0, 5.0, 5.0, 5.0, 5.0, 5.0, 5.0, 5.0, 5.0, 5.0, 5.0, 5.0, 5.0, 5.0, 5.0, 5.0, 5.0, 5.0, 5.0, 5.0, 5.0, 5.0, 5.0, 5.0, 5.0, 5.0, 5.0, 5.0, 5.0, 5.0]"
3.8710179328918457,-0.26595354080200195,-0.3644615709781647,-0.052699290215969086,-0.016448386013507843,0.027072347700595856,0.9991371035575867,-0.04132659360766411,-0.004111499525606632,9.622934341430664,-0.03956502676010132,"[5.0, 5.0, 5.0, 5.0, 5.0, 5.0, 5.0, 5.0, 5.0, 5.0, 5.0, 5.0, 5.0, 5.0, 5.0, 5.0, 5.0, 5.0, 5.0, 5.0, 5.0, 5.0, 5.0, 5.0, 5.0, 5.0, 5.0, 5.0, 5.0, 5.0, 5.0, 5.0, 5.0, 5.0, 5.0, 5.0, 5.0, 5.0, 5.0, 5.0, 5.0, 5.0, 5.0, 5.0, 5.0, 5.0, 5.0, 5.0, 5.0, 5.0, 5.0, 5.0, 5.0, 5.0, 5.0, 5.0, 5.0, 5.0, 5.0, 5.0]"
3.869568347930908,-0.26379671692848206,-0.3637792468070984,-0.0481439009308815,-0.015512960031628609,0.027251392602920532,0.9991253018379211,-0.041646651923656464,-0.0037409637589007616,9.545331001281738,-0.035708989948034286,"[5.0, 5.0, 5.0, 5.0, 5.0, 5.0, 5.0, 5.0, 5.0, 5.0, 5.0, 5.0, 5.0, 5.0, 5.0, 5.0, 5.0, 5.0, 5.0, 5.0, 5.0, 5.0, 5.0, 5.0, 5.0, 5.0, 5.0, 5.0, 5.0, 5.0, 5.0, 5.0, 5.0, 5.0, 5.0, 5.0, 5.0, 5.0, 5.0, 5.0, 5.0, 5.0, 5.0, 5.0, 5.0, 5.0, 5.0, 5.0, 5.0, 5.0, 5.0, 5.0, 5.0, 5.0, 5.0, 5.0, 5.0, 5.0, 5.0, 5.0]"
3.868070363998413,-0.26144683361053467,-0.36292368173599243,-0.04370737448334694,-0.01450215745717287,0.026736445724964142,0.9991133809089661,-0.04196620732545853,-0.003338666632771492,9.467758178710938,-0.03160986676812172,"[5.0, 5.0, 5.0, 5.0, 5.0, 5.0, 5.0, 5.0, 5.0, 5.0, 5.0, 5.0, 5.0, 5.0, 5.0, 5.0, 5.0, 5.0, 5.0, 5.0, 5.0, 5.0, 5.0, 5.0, 5.0, 5.0, 5.0, 5.0, 5.0, 5.0, 5.0, 5.0, 5.0, 5.0, 5.0, 5.0, 5.0, 5.0, 5.0, 5.0, 5.0, 5.0, 5.0, 5.0, 5.0, 5.0, 5.0, 5.0, 5.0, 5.0, 5.0, 5.0, 5.0, 5.0, 5.0, 5.0, 5.0, 5.0, 5.0, 5.0]"
3.8665246963500977,-0.25892865657806396,-0.36189401149749756,-0.040399808436632156,-0.013620148412883282,0.0265960656106472,0.9991012811660767,-0.04228382557630539,-0.0029073767364025116,9.390238761901855,-0.027301080524921417,"[5.0, 5.0, 5.0, 5.0, 5.0, 5.0, 5.0, 5.0, 5.0, 5.0, 5.0, 5.0, 5.0, 5.0, 5.0, 5.0, 5.0, 5.0, 5.0, 5.0, 5.0, 5.0, 5.0, 5.0, 5.0, 5.0, 5.0, 5.0, 5.0, 5.0, 5.0, 5.0, 5.0, 5.0, 5.0, 5.0, 5.0, 5.0, 5.0, 5.0, 5.0, 5.0, 5.0, 5.0, 5.0, 5.0, 5.0, 5.0, 5.0, 5.0, 5.0, 5.0, 5.0, 5.0, 5.0, 5.0, 5.0, 5.0, 5.0, 5.0]"
3.8649368286132812,-0.25631392002105713,-0.3606875538825989,-0.036815058439970016,-0.012482021003961563,0.027159465476870537,0.9990882873535156,-0.04262012615799904,-0.002444808604195714,9.312728881835938,-0.02276790887117386,"[5.0, 5.0, 5.0, 5.0, 5.0, 5.0, 5.0, 5.0, 5.0, 5.0, 5.0, 5.0, 5.0, 5.0, 5.0, 5.0, 5.0, 5.0, 5.0, 5.0, 5.0, 5.0, 5.0, 5.0, 5.0, 5.0, 5.0, 5.0, 5.0, 5.0, 5.0, 5.0, 5.0, 5.0, 5.0, 5.0, 5.0, 5.0, 5.0, 5.0, 5.0, 5.0, 5.0, 5.0, 5.0, 5.0, 5.0, 5.0, 5.0, 5.0, 5.0, 5.0, 5.0, 5.0, 5.0, 5.0, 5.0, 5.0, 5.0, 5.0]"
3.8633148670196533,-0.25360357761383057,-0.35928821563720703,-0.032217152416706085,-0.011134631000459194,0.02715504728257656,0.9990744590759277,-0.04296771064400673,-0.0019463275093585253,9.235289573669434,-0.017974935472011566,"[5.0, 5.0, 5.0, 5.0, 5.0, 5.0, 5.0, 5.0, 5.0, 5.0, 5.0, 5.0, 5.0, 5.0, 5.0, 5.0, 5.0, 5.0, 5.0, 5.0, 5.0, 5.0, 5.0, 5.0, 5.0, 5.0, 5.0, 5.0, 5.0, 5.0, 5.0, 5.0, 5.0, 5.0, 5.0, 5.0, 5.0, 5.0, 5.0, 5.0, 5.0, 5.0, 5.0, 5.0, 5.0, 5.0, 5.0, 5.0, 5.0, 5.0, 5.0, 5.0, 5.0, 5.0, 5.0, 5.0, 5.0, 5.0, 5.0, 5.0]"
3.8616621494293213,-0.25073865056037903,-0.3576849102973938,-0.028405174612998962,-0.010004113428294659,0.026499615982174873,0.9990605711936951,-0.0433090515434742,-0.001412280835211277,9.157896995544434,-0.012933537364006042,"[5.0, 5.0, 5.0, 5.0, 5.0, 5.0, 5.0, 5.0, 5.0, 5.0, 5.0, 5.0, 5.0, 5.0, 5.0, 5.0, 5.0, 5.0, 5.0, 5.0, 5.0, 5.0, 5.0, 5.0, 5.0, 5.0, 5.0, 5.0, 5.0, 5.0, 5.0, 5.0, 5.0, 5.0, 5.0, 5.0, 5.0, 5.0, 5.0, 5.0, 5.0, 5.0, 5.0, 5.0, 5.0, 5.0, 5.0, 5.0, 5.0, 5.0, 5.0, 5.0, 5.0, 5.0, 5.0, 5.0, 5.0, 5.0, 5.0, 5.0]"
3.8599822521209717,-0.2477559745311737,-0.35590118169784546,-0.025525934994220734,-0.009116358123719692,0.02634744718670845,0.999046266078949,-0.04365423694252968,-0.0008488711318932474,9.0805082321167,-0.0077081844210624695,"[5.0, 5.0, 5.0, 5.0, 5.0, 5.0, 5.0, 5.0, 5.0, 5.0, 5.0, 5.0, 5.0, 5.0, 5.0, 5.0, 5.0, 5.0, 5.0, 5.0, 5.0, 5.0, 5.0, 5.0, 5.0, 5.0, 5.0, 5.0, 5.0, 5.0, 5.0, 5.0, 5.0, 5.0, 5.0, 5.0, 5.0, 5.0, 5.0, 5.0, 5.0, 5.0, 5.0, 5.0, 5.0, 5.0, 5.0, 5.0, 5.0, 5.0, 5.0, 5.0, 5.0, 5.0, 5.0, 5.0, 5.0, 5.0, 5.0, 5.0]"
3.858279228210449,-0.24470962584018707,-0.35395461320877075,-0.02219109795987606,-0.008096533827483654,0.026392986997961998,0.9990308880805969,-0.044012121856212616,-0.0002571228542365134,9.003157615661621,-0.002314917743206024,"[5.0, 5.0, 5.0, 5.0, 5.0, 5.0, 5.0, 5.0, 5.0, 5.0, 5.0, 5.0, 5.0, 5.0, 5.0, 5.0, 5.0, 5.0, 5.0, 5.0, 5.0, 5.0, 5.0, 5.0, 5.0, 5.0, 5.0, 5.0, 5.0, 5.0, 5.0, 5.0, 5.0, 5.0, 5.0, 5.0, 5.0, 5.0, 5.0, 5.0, 5.0, 5.0, 5.0, 5.0, 5.0, 5.0, 5.0, 5.0, 5.0, 5.0, 5.0, 5.0, 5.0, 5.0, 5.0, 5.0, 5.0, 5.0, 5.0, 5.0]"
3.8565616607666016,-0.24154718220233917,-0.35183343291282654,-0.018413648009300232,-0.007106791250407696,0.02546827681362629,0.9990153312683105,-0.044364072382450104,0.0003649889840744436,8.925880432128906,0.00325784832239151,"[5.0, 5.0, 5.0, 5.0, 5.0, 5.0, 5.0, 5.0, 5.0, 5.0, 5.0, 5.0, 5.0, 5.0, 5.0, 5.0, 5.0, 5.0, 5.0, 5.0, 5.0, 5.0, 5.0, 5.0, 5.0, 5.0, 5.0, 5.0, 5.0, 5.0, 5.0, 5.0, 5.0, 5.0, 5.0, 5.0, 5.0, 5.0, 5.0, 5.0, 5.0, 5.0, 5.0, 5.0, 5.0, 5.0, 5.0, 5.0, 5.0, 5.0, 5.0, 5.0, 5.0, 5.0, 5.0, 5.0, 5.0, 5.0, 5.0, 5.0]"
3.854830265045166,-0.2382155805826187,-0.349526584148407,-0.016087578609585762,-0.006251558195799589,0.0241515152156353,0.9989995956420898,-0.04470335319638252,0.0010149249574169517,8.848590850830078,0.008980661630630493,"[5.0, 5.0, 5.0, 5.0, 5.0, 5.0, 5.0, 5.0, 5.0, 5.0, 5.0, 5.0, 5.0, 5.0, 5.0, 5.0, 5.0, 5.0, 5.0, 5.0, 5.0, 5.0, 5.0, 5.0, 5.0, 5.0, 5.0, 5.0, 5.0, 5.0, 5.0, 5.0, 5.0, 5.0, 5.0, 5.0, 5.0, 5.0, 5.0, 5.0, 5.0, 5.0, 5.0, 5.0, 5.0, 5.0, 5.0, 5.0, 5.0, 5.0, 5.0, 5.0, 5.0, 5.0, 5.0, 5.0, 5.0, 5.0, 5.0, 5.0]"
3.853086471557617,-0.23476408421993256,-0.3470431864261627,-0.01460604090243578,-0.005440433043986559,0.023434150964021683,0.998984158039093,-0.04502944275736809,0.0016900589689612389,8.771368026733398,0.014824151992797852,"[5.0, 5.0, 5.0, 5.0, 5.0, 5.0, 5.0, 5.0, 5.0, 5.0, 5.0, 5.0, 5.0, 5.0, 5.0, 5.0, 5.0, 5.0, 5.0, 5.0, 5.0, 5.0, 5.0, 5.0, 5.0, 5.0, 5.0, 5.0, 5.0, 5.0, 5.0, 5.0, 5.0, 5.0, 5.0, 5.0, 5.0, 5.0, 5.0, 5.0, 5.0, 5.0, 5.0, 5.0, 5.0, 5.0, 5.0, 5.0, 5.0, 5.0, 5.0, 5.0, 5.0, 5.0, 5.0, 5.0, 5.0, 5.0, 5.0, 5.0]"
3.8513405323028564,-0.2312164157629013,-0.3443771004676819,-0.012849090620875359,-0.004348019603639841,0.022631991654634476,0.9989679455757141,-0.045355357229709625,0.0023933148477226496,8.694177627563477,0.020807966589927673,"[5.0, 5.0, 5.0, 5.0, 5.0, 5.0, 5.0, 5.0, 5.0, 5.0, 5.0, 5.0, 5.0, 5.0, 5.0, 5.0, 5.0, 5.0, 5.0, 5.0, 5.0, 5.0, 5.0, 5.0, 5.0, 5.0, 5.0, 5.0, 5.0, 5.0, 5.0, 5.0, 5.0, 5.0, 5.0, 5.0, 5.0, 5.0, 5.0, 5.0, 5.0, 5.0, 5.0, 5.0, 5.0, 5.0, 5.0, 5.0, 5.0, 5.0, 5.0, 5.0, 5.0, 5.0, 5.0, 5.0, 5.0, 5.0, 5.0, 5.0]"
3.8495967388153076,-0.22750821709632874,-0.3414994478225708,-0.011287257075309753,-0.0031495937146246433,0.020951546728610992,0.9989520311355591,-0.04566110670566559,0.0031287134625017643,8.617036819458008,0.026960372924804688,"[5.0, 5.0, 5.0, 5.0, 5.0, 5.0, 5.0, 5.0, 5.0, 5.0, 5.0, 5.0, 5.0, 5.0, 5.0, 5.0, 5.0, 5.0, 5.0, 5.0, 5.0, 5.0, 5.0, 5.0, 5.0, 5.0, 5.0, 5.0, 5.0, 5.0, 5.0, 5.0, 5.0, 5.0, 5.0, 5.0, 5.0, 5.0, 5.0, 5.0, 5.0, 5.0, 5.0, 5.0, 5.0, 5.0, 5.0, 5.0, 5.0, 5.0, 5.0, 5.0, 5.0, 5.0, 5.0, 5.0, 5.0, 5.0, 5.0, 5.0]"
3.8478589057922363,-0.22361133992671967,-0.3383934497833252,-0.011174304410815239,-0.0020139040425419807,0.01933937706053257,0.998936653137207,-0.04593560844659805,0.003895255969837308,8.539968490600586,0.033265620470047,"[5.0, 5.0, 5.0, 5.0, 5.0, 5.0, 5.0, 5.0, 5.0, 5.0, 5.0, 5.0, 5.0, 5.0, 5.0, 5.0, 5.0, 5.0, 5.0, 5.0, 5.0, 5.0, 5.0, 5.0, 5.0, 5.0, 5.0, 5.0, 5.0, 5.0, 5.0, 5.0, 5.0, 5.0, 5.0, 5.0, 5.0, 5.0, 5.0, 5.0, 5.0, 5.0, 5.0, 5.0, 5.0, 5.0, 5.0, 5.0, 5.0, 5.0, 5.0, 5.0, 5.0, 5.0, 5.0, 5.0, 5.0, 5.0, 5.0, 5.0]"
3.846129894256592,-0.2196039855480194,-0.3350549638271332,-0.011920626275241375,-0.0006631348514929414,0.01853487640619278,0.9989205598831177,-0.04620995745062828,0.004693102557212114,8.462882995605469,0.039717622101306915,"[5.0, 5.0, 5.0, 5.0, 5.0, 5.0, 5.0, 5.0, 5.0, 5.0, 5.0, 5.0, 5.0, 5.0, 5.0, 5.0, 5.0, 5.0, 5.0, 5.0, 5.0, 5.0, 5.0, 5.0, 5.0, 5.0, 5.0, 5.0, 5.0, 5.0, 5.0, 5.0, 5.0, 5.0, 5.0, 5.0, 5.0, 5.0, 5.0, 5.0, 5.0, 5.0, 5.0, 5.0, 5.0, 5.0, 5.0, 5.0, 5.0, 5.0, 5.0, 5.0, 5.0, 5.0, 5.0, 5.0, 5.0, 5.0, 5.0, 5.0]"
3.844419002532959,-0.21547971665859222,-0.33146679401397705,-0.012077908962965012,0.0009171359124593437,0.017503131181001663,0.9989039301872253,-0.046475742012262344,0.005528142675757408,8.385857582092285,0.04635893553495407,"[5.0, 5.0, 5.0, 5.0, 5.0, 5.0, 5.0, 5.0, 5.0, 5.0, 5.0, 5.0, 5.0, 5.0, 5.0, 5.0, 5.0, 5.0, 5.0, 5.0, 5.0, 5.0, 5.0, 5.0, 5.0, 5.0, 5.0, 5.0, 5.0, 5.0, 5.0, 5.0, 5.0, 5.0, 5.0, 5.0, 5.0, 5.0, 5.0, 5.0, 5.0, 5.0, 5.0, 5.0, 5.0, 5.0, 5.0, 5.0, 5.0, 5.0, 5.0, 5.0, 5.0, 5.0, 5.0, 5.0, 5.0, 5.0, 5.0, 5.0]"
3.8427329063415527,-0.21117576956748962,-0.3275947570800781,-0.012752523645758629,0.0026456229388713837,0.015779957175254822,0.9988872408866882,-0.04672248661518097,0.006402974016964436,8.308873176574707,0.05320259928703308,"[5.0, 5.0, 5.0, 5.0, 5.0, 5.0, 5.0, 5.0, 5.0, 5.0, 5.0, 5.0, 5.0, 5.0, 5.0, 5.0, 5.0, 5.0, 5.0, 5.0, 5.0, 5.0, 5.0, 5.0, 5.0, 5.0, 5.0, 5.0, 5.0, 5.0, 5.0, 5.0, 5.0, 5.0, 5.0, 5.0, 5.0, 5.0, 5.0, 5.0, 5.0, 5.0, 5.0, 5.0, 5.0, 5.0, 5.0, 5.0, 5.0, 5.0, 5.0, 5.0, 5.0, 5.0, 5.0, 5.0, 5.0, 5.0, 5.0, 5.0]"
3.8410744667053223,-0.2066834270954132,-0.32341206073760986,-0.014897789806127548,0.004418329801410437,0.014410704374313354,0.9988704919815063,-0.046946171671152115,0.007316865958273411,8.23193645477295,0.06023359298706055,"[5.0, 5.0, 5.0, 5.0, 5.0, 5.0, 5.0, 5.0, 5.0, 5.0, 5.0, 5.0, 5.0, 5.0, 5.0, 5.0, 5.0, 5.0, 5.0, 5.0, 5.0, 5.0, 5.0, 5.0, 5.0, 5.0, 5.0, 5.0, 5.0, 5.0, 5.0, 5.0, 5.0, 5.0, 5.0, 5.0, 5.0, 5.0, 5.0, 5.0, 5.0, 5.0, 5.0, 5.0, 5.0, 5.0, 5.0, 5.0, 5.0, 5.0, 5.0, 5.0, 5.0, 5.0, 5.0, 5.0, 5.0, 5.0, 5.0, 5.0]"
3.8394551277160645,-0.20205941796302795,-0.3188982605934143,-0.01759764552116394,0.00638084439560771,0.013719961047172546,0.9988526105880737,-0.0471673421561718,0.00827255379408598,8.155036926269531,0.06746529787778854,"[5.0, 5.0, 5.0, 5.0, 5.0, 5.0, 5.0, 5.0, 5.0, 5.0, 5.0, 5.0, 5.0, 5.0, 5.0, 5.0, 5.0, 5.0, 5.0, 5.0, 5.0, 5.0, 5.0, 5.0, 5.0, 5.0, 5.0, 5.0, 5.0, 5.0, 5.0, 5.0, 5.0, 5.0, 5.0, 5.0, 5.0, 5.0, 5.0, 5.0, 5.0, 5.0, 5.0, 5.0, 5.0, 5.0, 5.0, 5.0, 5.0, 5.0, 5.0, 5.0, 5.0, 5.0, 5.0, 5.0, 5.0, 5.0, 5.0, 5.0]"
3.8378820419311523,-0.1972738355398178,-0.3140339255332947,-0.019898870959877968,0.00849054753780365,0.012542609125375748,0.998833417892456,-0.04738709330558777,0.009273529052734375,8.078139305114746,0.07491609454154968,"[5.0, 5.0, 5.0, 5.0, 5.0, 5.0, 5.0, 5.0, 5.0, 5.0, 5.0, 5.0, 5.0, 5.0, 5.0, 5.0, 5.0, 5.0, 5.0, 5.0, 5.0, 5.0, 5.0, 5.0, 5.0, 5.0, 5.0, 5.0, 5.0, 5.0, 5.0, 5.0, 5.0, 5.0, 5.0, 5.0, 5.0, 5.0, 5.0, 5.0, 5.0, 5.0, 5.0, 5.0, 5.0, 5.0, 5.0, 5.0, 5.0, 5.0, 5.0, 5.0, 5.0, 5.0, 5.0, 5.0, 5.0, 5.0, 5.0, 5.0]"
3.83636736869812,-0.19224324822425842,-0.30877286195755005,-0.023277247324585915,0.010874900966882706,0.010512861423194408,0.9988139867782593,-0.04757872596383095,0.010322824120521545,8.001320838928223,0.08260063827037811,"[5.0, 5.0, 5.0, 5.0, 5.0, 5.0, 5.0, 5.0, 5.0, 5.0, 5.0, 5.0, 5.0, 5.0, 5.0, 5.0, 5.0, 5.0, 5.0, 5.0, 5.0, 5.0, 5.0, 5.0, 5.0, 5.0, 5.0, 5.0, 5.0, 5.0, 5.0, 5.0, 5.0, 5.0, 5.0, 5.0, 5.0, 5.0, 5.0, 5.0, 5.0, 5.0, 5.0, 5.0, 5.0, 5.0, 5.0, 5.0, 5.0, 5.0, 5.0, 5.0, 5.0, 5.0, 5.0, 5.0, 5.0, 5.0, 5.0, 5.0]"
3.8349175453186035,-0.18693967163562775,-0.30305764079093933,-0.028694376349449158,0.01348233874887228,0.008732782676815987,0.99879390001297,-0.047748763114213943,0.011422439478337765,7.924516201019287,0.09052322059869766,"[5.0, 5.0, 5.0, 5.0, 5.0, 5.0, 5.0, 5.0, 5.0, 5.0, 5.0, 5.0, 5.0, 5.0, 5.0, 5.0, 5.0, 5.0, 5.0, 5.0, 5.0, 5.0, 5.0, 5.0, 5.0, 5.0, 5.0, 5.0, 5.0, 5.0, 5.0, 5.0, 5.0, 5.0, 5.0, 5.0, 5.0, 5.0, 5.0, 5.0, 5.0, 5.0, 5.0, 5.0, 5.0, 5.0, 5.0, 5.0, 5.0, 5.0, 5.0, 5.0, 5.0, 5.0, 5.0, 5.0, 5.0, 5.0, 5.0, 5.0]"
3.833545207977295,-0.1813860386610031,-0.2968251705169678,-0.03551211208105087,0.016648942604660988,0.007567043416202068,0.9987722635269165,-0.04791150242090225,0.012580175884068012,7.847718238830566,0.09873350709676743,"[5.0, 5.0, 5.0, 5.0, 5.0, 5.0, 5.0, 5.0, 5.0, 5.0, 5.0, 5.0, 5.0, 5.0, 5.0, 5.0, 5.0, 5.0, 5.0, 5.0, 5.0, 5.0, 5.0, 5.0, 5.0, 5.0, 5.0, 5.0, 5.0, 5.0, 5.0, 5.0, 5.0, 5.0, 5.0, 5.0, 5.0, 5.0, 5.0, 5.0, 5.0, 5.0, 5.0, 5.0, 5.0, 5.0, 5.0, 5.0, 5.0, 5.0, 5.0, 5.0, 5.0, 5.0, 5.0, 5.0, 5.0, 5.0, 5.0, 5.0]"
3.8322713375091553,-0.1755313277244568,-0.29000934958457947,-0.042558059096336365,0.020296089351177216,0.00584863405674696,0.9987489581108093,-0.04805990681052208,0.013804933987557888,7.770962715148926,0.10728786140680313,"[5.0, 5.0, 5.0, 5.0, 5.0, 5.0, 5.0, 5.0, 5.0, 5.0, 5.0, 5.0, 5.0, 5.0, 5.0, 5.0, 5.0, 5.0, 5.0, 5.0, 5.0, 5.0, 5.0, 5.0, 5.0, 5.0, 5.0, 5.0, 5.0, 5.0, 5.0, 5.0, 5.0, 5.0, 5.0, 5.0, 5.0, 5.0, 5.0, 5.0, 5.0, 5.0, 5.0, 5.0, 5.0, 5.0, 5.0, 5.0, 5.0, 5.0, 5.0, 5.0, 5.0, 5.0, 5.0, 5.0, 5.0, 5.0, 5.0, 5.0]"
3.8311028480529785,-0.16928382217884064,-0.28254234790802,-0.05067015439271927,0.024071384221315384,0.0033570779487490654,0.9987243413925171,-0.048180896788835526,0.01509979460388422,7.694225788116455,0.11619448661804199,"[5.0, 5.0, 5.0, 5.0, 5.0, 5.0, 5.0, 5.0, 5.0, 5.0, 5.0, 5.0, 5.0, 5.0, 5.0, 5.0, 5.0, 5.0, 5.0, 5.0, 5.0, 5.0, 5.0, 5.0, 5.0, 5.0, 5.0, 5.0, 5.0, 5.0, 5.0, 5.0, 5.0, 5.0, 5.0, 5.0, 5.0, 5.0, 5.0, 5.0, 5.0, 5.0, 5.0, 5.0, 5.0, 5.0, 5.0, 5.0, 5.0, 5.0, 5.0, 5.0, 5.0, 5.0, 5.0, 5.0, 5.0, 5.0, 5.0, 5.0]"
3.8300516605377197,-0.16261927783489227,-0.2743675112724304,-0.06095971167087555,0.027969123795628548,0.0012654238380491734,0.9986982941627502,-0.04827488586306572,0.01646328531205654,7.6175384521484375,0.12542672455310822,"[5.0, 5.0, 5.0, 5.0, 5.0, 5.0, 5.0, 5.0, 5.0, 5.0, 5.0, 5.0, 5.0, 5.0, 5.0, 5.0, 5.0, 5.0, 5.0, 5.0, 5.0, 5.0, 5.0, 5.0, 5.0, 5.0, 5.0, 5.0, 5.0, 5.0, 5.0, 5.0, 5.0, 5.0, 5.0, 5.0, 5.0, 5.0, 5.0, 5.0, 5.0, 5.0, 5.0, 5.0, 5.0, 5.0, 5.0, 5.0, 5.0, 5.0, 5.0, 5.0, 5.0, 5.0, 5.0, 5.0, 5.0, 5.0, 5.0, 5.0]"
3.8291401863098145,-0.1555251032114029,-0.2654179036617279,-0.0726151168346405,0.032303377985954285,-0.000384977029170841,0.9986695051193237,-0.04835866019129753,0.01789979450404644,7.540853500366211,0.13500137627124786,"[5.0, 5.0, 5.0, 5.0, 5.0, 5.0, 5.0, 5.0, 5.0, 5.0, 5.0, 5.0, 5.0, 5.0, 5.0, 5.0, 5.0, 5.0, 5.0, 5.0, 5.0, 5.0, 5.0, 5.0, 5.0, 5.0, 5.0, 5.0, 5.0, 5.0, 5.0, 5.0, 5.0, 5.0, 5.0, 5.0, 5.0, 5.0, 5.0, 5.0, 5.0, 5.0, 5.0, 5.0, 5.0, 5.0, 5.0, 5.0, 5.0, 5.0, 5.0, 5.0, 5.0, 5.0, 5.0, 5.0, 5.0, 5.0, 5.0, 5.0]"
3.8283801078796387,-0.14792518317699432,-0.2556498050689697,-0.08450698852539062,0.03683875501155853,-0.002763664349913597,0.9986379146575928,-0.04842725768685341,0.019412806257605553,7.464160442352295,0.14492762088775635,"[5.0, 5.0, 5.0, 5.0, 5.0, 5.0, 5.0, 5.0, 5.0, 5.0, 5.0, 5.0, 5.0, 5.0, 5.0, 5.0, 5.0, 5.0, 5.0, 5.0, 5.0, 5.0, 5.0, 5.0, 5.0, 5.0, 5.0, 5.0, 5.0, 5.0, 5.0, 5.0, 5.0, 5.0, 5.0, 5.0, 5.0, 5.0, 5.0, 5.0, 5.0, 5.0, 5.0, 5.0, 5.0, 5.0, 5.0, 5.0, 5.0, 5.0, 5.0, 5.0, 5.0, 5.0, 5.0, 5.0, 5.0, 5.0, 5.0, 5.0]"
3.8277788162231445,-0.1397218555212021,-0.24507640302181244,-0.09738674014806747,0.040834665298461914,-0.005729735363274813,0.9986040592193604,-0.04846512898802757,0.020994316786527634,7.387481689453125,0.1551293432712555,"[5.0, 5.0, 5.0, 5.0, 5.0, 5.0, 5.0, 5.0, 5.0, 5.0, 5.0, 5.0, 5.0, 5.0, 5.0, 5.0, 5.0, 5.0, 5.0, 5.0, 5.0, 5.0, 5.0, 5.0, 5.0, 5.0, 5.0, 5.0, 5.0, 5.0, 5.0, 5.0, 5.0, 5.0, 5.0, 5.0, 5.0, 5.0, 5.0, 5.0, 5.0, 5.0, 5.0, 5.0, 5.0, 5.0, 5.0, 5.0, 5.0, 5.0, 5.0, 5.0, 5.0, 5.0, 5.0, 5.0, 5.0, 5.0, 5.0, 5.0]"
3.8273491859436035,-0.13089431822299957,-0.23372101783752441,-0.11194010823965073,0.04424262046813965,-0.008107878267765045,0.9985676407814026,-0.048480428755283356,0.0226281825453043,7.310831546783447,0.16547322273254395,"[5.0, 5.0, 5.0, 5.0, 5.0, 5.0, 5.0, 5.0, 5.0, 5.0, 5.0, 5.0, 5.0, 5.0, 5.0, 5.0, 5.0, 5.0, 5.0, 5.0, 5.0, 5.0, 5.0, 5.0, 5.0, 5.0, 5.0, 5.0, 5.0, 5.0, 5.0, 5.0, 5.0, 5.0, 5.0, 5.0, 5.0, 5.0, 5.0, 5.0, 5.0, 5.0, 5.0, 5.0, 5.0, 5.0, 5.0, 5.0, 5.0, 5.0, 5.0, 5.0, 5.0, 5.0, 5.0, 5.0, 5.0, 5.0, 5.0, 5.0]"
3.8270998001098633,-0.12142127752304077,-0.22154641151428223,-0.1268695741891861,0.047346554696559906,-0.010219190269708633,0.9985280632972717,-0.0484854057431221,0.024304691702127457,7.234201908111572,0.17587701976299286,"[5.0, 5.0, 5.0, 5.0, 5.0, 5.0, 5.0, 5.0, 5.0, 5.0, 5.0, 5.0, 5.0, 5.0, 5.0, 5.0, 5.0, 5.0, 5.0, 5.0, 5.0, 5.0, 5.0, 5.0, 5.0, 5.0, 5.0, 5.0, 5.0, 5.0, 5.0, 5.0, 5.0, 5.0, 5.0, 5.0, 5.0, 5.0, 5.0, 5.0, 5.0, 5.0, 5.0, 5.0, 5.0, 5.0, 5.0, 5.0, 5.0, 5.0, 5.0, 5.0, 5.0, 5.0, 5.0, 5.0, 5.0, 5.0, 5.0, 5.0]"
3.827038526535034,-0.1112036183476448,-0.20850390195846558,-0.14138302206993103,0.04999461770057678,-0.013224792666733265,0.9984853863716125,-0.04847722873091698,0.02601347304880619,7.157541275024414,0.1862555593252182,"[5.0, 5.0, 5.0, 5.0, 5.0, 5.0, 5.0, 5.0, 5.0, 5.0, 5.0, 5.0, 5.0, 5.0, 5.0, 5.0, 5.0, 5.0, 5.0, 5.0, 5.0, 5.0, 5.0, 5.0, 5.0, 5.0, 5.0, 5.0, 5.0, 5.0, 5.0, 5.0, 5.0, 5.0, 5.0, 5.0, 5.0, 5.0, 5.0, 5.0, 5.0, 5.0, 5.0, 5.0, 5.0, 5.0, 5.0, 5.0, 5.0, 5.0, 5.0, 5.0, 5.0, 5.0, 5.0, 5.0, 5.0, 5.0, 5.0, 5.0]"
3.8271613121032715,-0.10013795644044876,-0.19456036388874054,-0.15646038949489594,0.051747728139162064,-0.016784030944108963,0.9984408617019653,-0.04843863099813461,0.02773774042725563,7.080885887145996,0.19648338854312897,"[5.0, 5.0, 5.0, 5.0, 5.0, 5.0, 5.0, 5.0, 5.0, 5.0, 5.0, 5.0, 5.0, 5.0, 5.0, 5.0, 5.0, 5.0, 5.0, 5.0, 5.0, 5.0, 5.0, 5.0, 5.0, 5.0, 5.0, 5.0, 5.0, 5.0, 5.0, 5.0, 5.0, 5.0, 5.0, 5.0, 5.0, 5.0, 5.0, 5.0, 5.0, 5.0, 5.0, 5.0, 5.0, 5.0, 5.0, 5.0, 5.0, 5.0, 5.0, 5.0, 5.0, 5.0, 5.0, 5.0, 5.0, 5.0, 5.0, 5.0]"
3.82747220993042,-0.08820351958274841,-0.17968466877937317,-0.17225360870361328,0.052932415157556534,-0.019866060465574265,0.9983943104743958,-0.04838109388947487,0.029459357261657715,7.004235744476318,0.20642989873886108,"[5.0, 5.0, 5.0, 5.0, 5.0, 5.0, 5.0, 5.0, 5.0, 5.0, 5.0, 5.0, 5.0, 5.0, 5.0, 5.0, 5.0, 5.0, 5.0, 5.0, 5.0, 5.0, 5.0, 5.0, 5.0, 5.0, 5.0, 5.0, 5.0, 5.0, 5.0, 5.0, 5.0, 5.0, 5.0, 5.0, 5.0, 5.0, 5.0, 5.0, 5.0, 5.0, 5.0, 5.0, 5.0, 5.0, 5.0, 5.0, 5.0, 5.0, 5.0, 5.0, 5.0, 5.0, 5.0, 5.0, 5.0, 5.0, 5.0, 5.0]"
3.8279762268066406,-0.07535484433174133,-0.16383028030395508,-0.18695180118083954,0.053751371800899506,-0.023106569424271584,0.9983459711074829,-0.0483086071908474,0.031167317181825638,6.927584648132324,0.21601921319961548,"[5.0, 5.0, 5.0, 5.0, 5.0, 5.0, 5.0, 5.0, 5.0, 5.0, 5.0, 5.0, 5.0, 5.0, 5.0, 5.0, 5.0, 5.0, 5.0, 5.0, 5.0, 5.0, 5.0, 5.0, 5.0, 5.0, 5.0, 5.0, 5.0, 5.0, 5.0, 5.0, 5.0, 5.0, 5.0, 5.0, 5.0, 5.0, 5.0, 5.0, 5.0, 5.0, 5.0, 5.0, 5.0, 5.0, 5.0, 5.0, 5.0, 5.0, 5.0, 5.0, 5.0, 5.0, 5.0, 5.0, 5.0, 5.0, 5.0, 5.0]"
3.8286657333374023,-0.06148108094930649,-0.14692991971969604,-0.19980312883853912,0.053878556936979294,-0.027489369735121727,0.9982967972755432,-0.04821159690618515,0.032848503440618515,6.8509016036987305,0.22516338527202606,"[5.0, 5.0, 5.0, 5.0, 5.0, 5.0, 5.0, 5.0, 5.0, 5.0, 5.0, 5.0, 5.0, 5.0, 5.0, 5.0, 5.0, 5.0, 5.0, 5.0, 5.0, 5.0, 5.0, 5.0, 5.0, 5.0, 5.0, 5.0, 5.0, 5.0, 5.0, 5.0, 5.0, 5.0, 5.0, 5.0, 5.0, 5.0, 5.0, 5.0, 5.0, 5.0, 5.0, 5.0, 5.0, 5.0, 5.0, 5.0, 5.0, 5.0, 5.0, 5.0, 5.0, 5.0, 5.0, 5.0, 5.0, 5.0, 5.0, 5.0]"
3.8295233249664307,-0.04650289937853813,-0.1290399581193924,-0.21154288947582245,0.05245234817266464,-0.032249391078948975,0.9982484579086304,-0.04807552695274353,0.03447401523590088,6.774226665496826,0.23367372155189514,"[5.0, 5.0, 5.0, 5.0, 5.0, 5.0, 5.0, 5.0, 5.0, 5.0, 5.0, 5.0, 5.0, 5.0, 5.0, 5.0, 5.0, 5.0, 5.0, 5.0, 5.0, 5.0, 5.0, 5.0, 5.0, 5.0, 5.0, 5.0, 5.0, 5.0, 5.0, 5.0, 5.0, 5.0, 5.0, 5.0, 5.0, 5.0, 5.0, 5.0, 5.0, 5.0, 5.0, 5.0, 5.0, 5.0, 5.0, 5.0, 5.0, 5.0, 5.0, 5.0, 5.0, 5.0, 5.0, 5.0, 5.0, 5.0, 5.0, 5.0]"
3.8305399417877197,-0.030433591455221176,-0.11032620817422867,-0.22211554646492004,0.04928760603070259,-0.03632175177335739,0.9982021450996399,-0.04791543260216713,0.03600630909204483,6.697547912597656,0.2413104921579361,"[5.0, 5.0, 5.0, 5.0, 5.0, 5.0, 5.0, 5.0, 5.0, 5.0, 5.0, 5.0, 5.0, 5.0, 5.0, 5.0, 5.0, 5.0, 5.0, 5.0, 5.0, 5.0, 5.0, 5.0, 5.0, 5.0, 5.0, 5.0, 5.0, 5.0, 5.0, 5.0, 5.0, 5.0, 5.0, 5.0, 5.0, 5.0, 5.0, 5.0, 5.0, 5.0, 5.0, 5.0, 5.0, 5.0, 5.0, 5.0, 5.0, 5.0, 5.0, 5.0, 5.0, 5.0, 5.0, 5.0, 5.0, 5.0, 5.0, 5.0]"
3.8316948413848877,-0.013266945257782936,-0.09097893536090851,-0.22936266660690308,0.044377103447914124,-0.040419626981019974,0.9981588125228882,-0.04774169996380806,0.037409745156764984,6.620859622955322,0.2478582113981247,"[5.0, 5.0, 5.0, 5.0, 5.0, 5.0, 5.0, 5.0, 5.0, 5.0, 5.0, 5.0, 5.0, 5.0, 5.0, 5.0, 5.0, 5.0, 5.0, 5.0, 5.0, 5.0, 5.0, 5.0, 5.0, 5.0, 5.0, 5.0, 5.0, 5.0, 5.0, 5.0, 5.0, 5.0, 5.0, 5.0, 5.0, 5.0, 5.0, 5.0, 5.0, 5.0, 5.0, 5.0, 5.0, 5.0, 5.0, 5.0, 5.0, 5.0, 5.0, 5.0, 5.0, 5.0, 5.0, 5.0, 5.0, 5.0, 5.0, 5.0]"
3.8329598903656006,0.005055725108832121,-0.07125778496265411,-0.2321711629629135,0.037332940846681595,-0.045214585959911346,0.9981213808059692,-0.047539740800857544,0.038643978536129,6.544191360473633,0.25308266282081604,"[5.0, 5.0, 5.0, 5.0, 5.0, 5.0, 5.0, 5.0, 5.0, 5.0, 5.0, 5.0, 5.0, 5.0, 5.0, 5.0, 5.0, 5.0, 5.0, 5.0, 5.0, 5.0, 5.0, 5.0, 5.0, 5.0, 5.0, 5.0, 5.0, 5.0, 5.0, 5.0, 5.0, 5.0, 5.0, 5.0, 5.0, 5.0, 5.0, 5.0, 5.0, 5.0, 5.0, 5.0, 5.0, 5.0, 5.0, 5.0, 5.0, 5.0, 5.0, 5.0, 5.0, 5.0, 5.0, 5.0, 5.0, 5.0, 5.0, 5.0]"
3.8342971801757812,0.024526037275791168,-0.051553450524806976,-0.23050223290920258,0.027335606515407562,-0.04971080273389816,0.998092532157898,-0.04731126129627228,0.03965554013848305,6.46754789352417,0.25667604804039,"[5.0, 5.0, 5.0, 5.0, 5.0, 5.0, 5.0, 5.0, 5.0, 5.0, 5.0, 5.0, 5.0, 5.0, 5.0, 5.0, 5.0, 5.0, 5.0, 5.0, 5.0, 5.0, 5.0, 5.0, 5.0, 5.0, 5.0, 5.0, 5.0, 5.0, 5.0, 5.0, 5.0, 5.0, 5.0, 5.0, 5.0, 5.0, 5.0, 5.0, 5.0, 5.0, 5.0, 5.0, 5.0, 5.0, 5.0, 5.0, 5.0, 5.0, 5.0, 5.0, 5.0, 5.0, 5.0, 5.0, 5.0, 5.0, 5.0, 5.0]"
3.835667133331299,0.045059531927108765,-0.032378971576690674,-0.22367683053016663,0.014188344590365887,-0.053194429725408554,0.9980743527412415,-0.04707847908139229,0.0403837151825428,6.390928745269775,0.25830018520355225,"[5.0, 5.0, 5.0, 5.0, 5.0, 5.0, 5.0, 5.0, 5.0, 5.0, 5.0, 5.0, 5.0, 5.0, 5.0, 5.0, 5.0, 5.0, 5.0, 5.0, 5.0, 5.0, 5.0, 5.0, 5.0, 5.0, 5.0, 5.0, 5.0, 5.0, 5.0, 5.0, 5.0, 5.0, 5.0, 5.0, 5.0, 5.0, 5.0, 5.0, 5.0, 5.0, 5.0, 5.0, 5.0, 5.0, 5.0, 5.0, 5.0, 5.0, 5.0, 5.0, 5.0, 5.0, 5.0, 5.0, 5.0, 5.0, 5.0, 5.0]"
3.8370273113250732,0.06660879403352737,-0.01431344449520111,-0.2102852761745453,-0.0018934615654870868,-0.05656436085700989,0.998069703578949,-0.046841565519571304,0.040773555636405945,6.314391136169434,0.2576744854450226,"[5.0, 5.0, 5.0, 5.0, 5.0, 5.0, 5.0, 5.0, 5.0, 5.0, 5.0, 5.0, 5.0, 5.0, 5.0, 5.0, 5.0, 5.0, 5.0, 5.0, 5.0, 5.0, 5.0, 5.0, 5.0, 5.0, 5.0, 5.0, 5.0, 5.0, 5.0, 5.0, 5.0, 5.0, 5.0, 5.0, 5.0, 5.0, 5.0, 5.0, 5.0, 5.0, 5.0, 5.0, 5.0, 5.0, 5.0, 5.0, 5.0, 5.0, 5.0, 5.0, 5.0, 5.0, 5.0, 5.0, 5.0, 5.0, 5.0, 5.0]"
3.8383142948150635,0.08915326744318008,0.0020390748977661133,-0.19000418484210968,-0.02073337510228157,-0.06019489839673042,0.9980806708335876,-0.04660717770457268,0.04077407345175743,6.237864971160889,0.2545548677444458,"[5.0, 5.0, 5.0, 5.0, 5.0, 5.0, 5.0, 5.0, 5.0, 5.0, 5.0, 5.0, 5.0, 5.0, 5.0, 5.0, 5.0, 5.0, 5.0, 5.0, 5.0, 5.0, 5.0, 5.0, 5.0, 5.0, 5.0, 5.0, 5.0, 5.0, 5.0, 5.0, 5.0, 5.0, 5.0, 5.0, 5.0, 5.0, 5.0, 5.0, 5.0, 5.0, 5.0, 5.0, 5.0, 5.0, 5.0, 5.0, 5.0, 5.0, 5.0, 5.0, 5.0, 5.0, 5.0, 5.0, 5.0, 5.0, 5.0, 5.0]"
3.839463710784912,0.11258862912654877,0.016122475266456604,-0.16457383334636688,-0.04149279370903969,-0.0629175528883934,0.9981085658073425,-0.046377912163734436,0.040348585695028305,6.161408424377441,0.24880677461624146,"[5.0, 5.0, 5.0, 5.0, 5.0, 5.0, 5.0, 5.0, 5.0, 5.0, 5.0, 5.0, 5.0, 5.0, 5.0, 5.0, 5.0, 5.0, 5.0, 5.0, 5.0, 5.0, 5.0, 5.0, 5.0, 5.0, 5.0, 5.0, 5.0, 5.0, 5.0, 5.0, 5.0, 5.0, 5.0, 5.0, 5.0, 5.0, 5.0, 5.0, 5.0, 5.0, 5.0, 5.0, 5.0, 5.0, 5.0, 5.0, 5.0, 5.0, 5.0, 5.0, 5.0, 5.0, 5.0, 5.0, 5.0, 5.0, 5.0, 5.0]"
3.8404107093811035,0.13673187792301178,0.027511686086654663,-0.13511300086975098,-0.06272628903388977,-0.06414621323347092,0.9981521964073181,-0.04618339240550995,0.0394858755171299,6.085029602050781,0.24046027660369873,"[5.0, 5.0, 5.0, 5.0, 5.0, 5.0, 5.0, 5.0, 5.0, 5.0, 5.0, 5.0, 5.0, 5.0, 5.0, 5.0, 5.0, 5.0, 5.0, 5.0, 5.0, 5.0, 5.0, 5.0, 5.0, 5.0, 5.0, 5.0, 5.0, 5.0, 5.0, 5.0, 5.0, 5.0, 5.0, 5.0, 5.0, 5.0, 5.0, 5.0, 5.0, 5.0, 5.0, 5.0, 5.0, 5.0, 5.0, 5.0, 5.0, 5.0, 5.0, 5.0, 5.0, 5.0, 5.0, 5.0, 5.0, 5.0, 5.0, 5.0]"
3.841093063354492,0.16144001483917236,0.0360238254070282,-0.1024162620306015,-0.08231294900178909,-0.06478334963321686,0.9982079863548279,-0.04604492336511612,0.038214728236198425,6.0087151527404785,0.22978930175304413,"[5.0, 5.0, 5.0, 5.0, 5.0, 5.0, 5.0, 5.0, 5.0, 5.0, 5.0, 5.0, 5.0, 5.0, 5.0, 5.0, 5.0, 5.0, 5.0, 5.0, 5.0, 5.0, 5.0, 5.0, 5.0, 5.0, 5.0, 5.0, 5.0, 5.0, 5.0, 5.0, 5.0, 5.0, 5.0, 5.0, 5.0, 5.0, 5.0, 5.0, 5.0, 5.0, 5.0, 5.0, 5.0, 5.0, 5.0, 5.0, 5.0, 5.0, 5.0, 5.0, 5.0, 5.0, 5.0, 5.0, 5.0, 5.0, 5.0, 5.0]"
3.8414337635040283,0.1865827590227127,0.04178573191165924,-0.06838925182819366,-0.09825076907873154,-0.06510332226753235,0.998271644115448,-0.04597483202815056,0.036602385342121124,5.932437419891357,0.21728698909282684,"[5.0, 5.0, 5.0, 5.0, 5.0, 5.0, 5.0, 5.0, 5.0, 5.0, 5.0, 5.0, 5.0, 5.0, 5.0, 5.0, 5.0, 5.0, 5.0, 5.0, 5.0, 5.0, 5.0, 5.0, 5.0, 5.0, 5.0, 5.0, 5.0, 5.0, 5.0, 5.0, 5.0, 5.0, 5.0, 5.0, 5.0, 5.0, 5.0, 5.0, 5.0, 5.0, 5.0, 5.0, 5.0, 5.0, 5.0, 5.0, 5.0, 5.0, 5.0, 5.0, 5.0, 5.0, 5.0, 5.0, 5.0, 5.0, 5.0, 5.0]"
3.841374158859253,0.21197549998760223,0.0452287495136261,-0.03547963872551918,-0.10896319150924683,-0.06422336399555206,0.9983368515968323,-0.04599940776824951,0.03474544733762741,5.8561625480651855,0.20359796285629272,"[5.0, 5.0, 5.0, 5.0, 5.0, 5.0, 5.0, 5.0, 5.0, 5.0, 5.0, 5.0, 5.0, 5.0, 5.0, 5.0, 5.0, 5.0, 5.0, 5.0, 5.0, 5.0, 5.0, 5.0, 5.0, 5.0, 5.0, 5.0, 5.0, 5.0, 5.0, 5.0, 5.0, 5.0, 5.0, 5.0, 5.0, 5.0, 5.0, 5.0, 5.0, 5.0, 5.0, 5.0, 5.0, 5.0, 5.0, 5.0, 5.0, 5.0, 5.0, 5.0, 5.0, 5.0, 5.0, 5.0, 5.0, 5.0, 5.0, 5.0]"
3.8408796787261963,0.23740246891975403,0.047089919447898865,-0.005095453932881355,-0.11292032897472382,-0.062238842248916626,0.9983965158462524,-0.04615000635385513,0.03277527913451195,5.779902935028076,0.18953979015350342,"[5.0, 5.0, 5.0, 5.0, 5.0, 5.0, 5.0, 5.0, 5.0, 5.0, 5.0, 5.0, 5.0, 5.0, 5.0, 5.0, 5.0, 5.0, 5.0, 5.0, 5.0, 5.0, 5.0, 5.0, 5.0, 5.0, 5.0, 5.0, 5.0, 5.0, 5.0, 5.0, 5.0, 5.0, 5.0, 5.0, 5.0, 5.0, 5.0, 5.0, 5.0, 5.0, 5.0, 5.0, 5.0, 5.0, 5.0, 5.0, 5.0, 5.0, 5.0, 5.0, 5.0, 5.0, 5.0, 5.0, 5.0, 5.0, 5.0, 5.0]"
3.839937686920166,0.26276230812072754,0.048346489667892456,0.022512298077344894,-0.10898762196302414,-0.06069941073656082,0.9984449744224548,-0.046432264149188995,0.030844172462821007,5.703659534454346,0.1760084331035614,"[5.0, 5.0, 5.0, 5.0, 5.0, 5.0, 5.0, 5.0, 5.0, 5.0, 5.0, 5.0, 5.0, 5.0, 5.0, 5.0, 5.0, 5.0, 5.0, 5.0, 5.0, 5.0, 5.0, 5.0, 5.0, 5.0, 5.0, 5.0, 5.0, 5.0, 5.0, 5.0, 5.0, 5.0, 5.0, 5.0, 5.0, 5.0, 5.0, 5.0, 5.0, 5.0, 5.0, 5.0, 5.0, 5.0, 5.0, 5.0, 5.0, 5.0, 5.0, 5.0, 5.0, 5.0, 5.0, 5.0, 5.0, 5.0, 5.0, 5.0]"
3.838545083999634,0.28803080320358276,0.050123199820518494,0.04620315134525299,-0.09690887480974197,-0.060251109302043915,0.9984785914421082,-0.046828027814626694,0.029109332710504532,5.627446174621582,0.16388067603111267,"[5.0, 5.0, 5.0, 5.0, 5.0, 5.0, 5.0, 5.0, 5.0, 5.0, 5.0, 5.0, 5.0, 5.0, 5.0, 5.0, 5.0, 5.0, 5.0, 5.0, 5.0, 5.0, 5.0, 5.0, 5.0, 5.0, 5.0, 5.0, 5.0, 5.0, 5.0, 5.0, 5.0, 5.0, 5.0, 5.0, 5.0, 5.0, 5.0, 5.0, 5.0, 5.0, 5.0, 5.0, 5.0, 5.0, 5.0, 5.0, 5.0, 5.0, 5.0, 5.0, 5.0, 5.0, 5.0, 5.0, 5.0, 5.0, 5.0, 5.0]"
3.8367366790771484,0.31315097212791443,0.05360676348209381,0.06456552445888519,-0.07715310901403427,-0.0601208359003067,0.9984937310218811,-0.047344401478767395,0.02772076055407524,5.551212310791016,0.1539430022239685,"[5.0, 5.0, 5.0, 5.0, 5.0, 5.0, 5.0, 5.0, 5.0, 5.0, 5.0, 5.0, 5.0, 5.0, 5.0, 5.0, 5.0, 5.0, 5.0, 5.0, 5.0, 5.0, 5.0, 5.0, 5.0, 5.0, 5.0, 5.0, 5.0, 5.0, 5.0, 5.0, 5.0, 5.0, 5.0, 5.0, 5.0, 5.0, 5.0, 5.0, 5.0, 5.0, 5.0, 5.0, 5.0, 5.0, 5.0, 5.0, 5.0, 5.0, 5.0, 5.0, 5.0, 5.0, 5.0, 5.0, 5.0, 5.0, 5.0, 5.0]"
3.8345839977264404,0.33808648586273193,0.05991056561470032,0.07812541723251343,-0.05082216113805771,-0.06055774539709091,0.9984886646270752,-0.047972969710826874,0.026807455345988274,5.475009441375732,0.14682386815547943,"[5.0, 5.0, 5.0, 5.0, 5.0, 5.0, 5.0, 5.0, 5.0, 5.0, 5.0, 5.0, 5.0, 5.0, 5.0, 5.0, 5.0, 5.0, 5.0, 5.0, 5.0, 5.0, 5.0, 5.0, 5.0, 5.0, 5.0, 5.0, 5.0, 5.0, 5.0, 5.0, 5.0, 5.0, 5.0, 5.0, 5.0, 5.0, 5.0, 5.0, 5.0, 5.0, 5.0, 5.0, 5.0, 5.0, 5.0, 5.0, 5.0, 5.0, 5.0, 5.0, 5.0, 5.0, 5.0, 5.0, 5.0, 5.0, 5.0, 5.0]"
3.832157611846924,0.3629101514816284,0.06993959099054337,0.08801871538162231,-0.019724156707525253,-0.06294571608304977,0.9984628558158875,-0.048695504665374756,0.02646447718143463,5.3988037109375,0.14292660355567932,"[5.0, 5.0, 5.0, 5.0, 5.0, 5.0, 5.0, 5.0, 5.0, 5.0, 5.0, 5.0, 5.0, 5.0, 5.0, 5.0, 5.0, 5.0, 5.0, 5.0, 5.0, 5.0, 5.0, 5.0, 5.0, 5.0, 5.0, 5.0, 5.0, 5.0, 5.0, 5.0, 5.0, 5.0, 5.0, 5.0, 5.0, 5.0, 5.0, 5.0, 5.0, 5.0, 5.0, 5.0, 5.0, 5.0, 5.0, 5.0, 5.0, 5.0, 5.0, 5.0, 5.0, 5.0, 5.0, 5.0, 5.0, 5.0, 5.0, 5.0]"
3.8295297622680664,0.3877485692501068,0.08424101024866104,0.09470551460981369,0.013090704567730427,-0.0672745406627655,0.9984176754951477,-0.04947077855467796,0.0267302468419075,5.322621822357178,0.14232587814331055,"[5.0, 5.0, 5.0, 5.0, 5.0, 5.0, 5.0, 5.0, 5.0, 5.0, 5.0, 5.0, 5.0, 5.0, 5.0, 5.0, 5.0, 5.0, 5.0, 5.0, 5.0, 5.0, 5.0, 5.0, 5.0, 5.0, 5.0, 5.0, 5.0, 5.0, 5.0, 5.0, 5.0, 5.0, 5.0, 5.0, 5.0, 5.0, 5.0, 5.0, 5.0, 5.0, 5.0, 5.0, 5.0, 5.0, 5.0, 5.0, 5.0, 5.0, 5.0, 5.0, 5.0, 5.0, 5.0, 5.0, 5.0, 5.0, 5.0, 5.0]"
3.826777219772339,0.4126540422439575,0.10290676355361938,0.0998883992433548,0.044074829667806625,-0.07248570770025253,0.9983548521995544,-0.05026713386178017,0.027575746178627014,5.246528625488281,0.1447320133447647,"[5.0, 5.0, 5.0, 5.0, 5.0, 5.0, 5.0, 5.0, 5.0, 5.0, 5.0, 5.0, 5.0, 5.0, 5.0, 5.0, 5.0, 5.0, 5.0, 5.0, 5.0, 5.0, 5.0, 5.0, 5.0, 5.0, 5.0, 5.0, 5.0, 5.0, 5.0, 5.0, 5.0, 5.0, 5.0, 5.0, 5.0, 5.0, 5.0, 5.0, 5.0, 5.0, 5.0, 5.0, 5.0, 5.0, 5.0, 5.0, 5.0, 5.0, 5.0, 5.0, 5.0, 5.0, 5.0, 5.0, 5.0, 5.0, 5.0, 5.0]"
3.8239784240722656,0.4376954436302185,0.12533822655677795,0.1081758365035057,0.0688464418053627,-0.07916272431612015,0.9982767105102539,-0.05107512325048447,0.02888931706547737,5.170480251312256,0.14943404495716095,"[5.0, 5.0, 5.0, 5.0, 5.0, 5.0, 5.0, 5.0, 5.0, 5.0, 5.0, 5.0, 5.0, 5.0, 5.0, 5.0, 5.0, 5.0, 5.0, 5.0, 5.0, 5.0, 5.0, 5.0, 5.0, 5.0, 5.0, 5.0, 5.0, 5.0, 5.0, 5.0, 5.0, 5.0, 5.0, 5.0, 5.0, 5.0, 5.0, 5.0, 5.0, 5.0, 5.0, 5.0, 5.0, 5.0, 5.0, 5.0, 5.0, 5.0, 5.0, 5.0, 5.0, 5.0, 5.0, 5.0, 5.0, 5.0, 5.0, 5.0]"
3.8211724758148193,0.4630645513534546,0.1501750648021698,0.12335920333862305,0.08261527121067047,-0.08881987631320953,0.9981896281242371,-0.05185025557875633,0.030474670231342316,5.094452381134033,0.15532392263412476,"[5.0, 5.0, 5.0, 5.0, 5.0, 5.0, 5.0, 5.0, 5.0, 5.0, 5.0, 5.0, 5.0, 5.0, 5.0, 5.0, 5.0, 5.0, 5.0, 5.0, 5.0, 5.0, 5.0, 5.0, 5.0, 5.0, 5.0, 5.0, 5.0, 5.0, 5.0, 5.0, 5.0, 5.0, 5.0, 5.0, 5.0, 5.0, 5.0, 5.0, 5.0, 5.0, 5.0, 5.0, 5.0, 5.0, 5.0, 5.0, 5.0, 5.0, 5.0, 5.0, 5.0, 5.0, 5.0, 5.0, 5.0, 5.0, 5.0, 5.0]"
3.8183813095092773,0.4889906048774719,0.1756335198879242,0.1478586196899414,0.0821991115808487,-0.1016407161951065,0.9981046319007874,-0.0525197871029377,0.03207072988152504,5.018499374389648,0.16102980077266693,"[5.0, 5.0, 5.0, 5.0, 5.0, 5.0, 5.0, 5.0, 5.0, 5.0, 5.0, 5.0, 5.0, 5.0, 5.0, 5.0, 5.0, 5.0, 5.0, 5.0, 5.0, 5.0, 5.0, 5.0, 5.0, 5.0, 5.0, 5.0, 5.0, 5.0, 5.0, 5.0, 5.0, 5.0, 5.0, 5.0, 5.0, 5.0, 5.0, 5.0, 5.0, 5.0, 5.0, 5.0, 5.0, 5.0, 5.0, 5.0, 5.0, 5.0, 5.0, 5.0, 5.0, 5.0, 5.0, 5.0, 5.0, 5.0, 5.0, 5.0]"
3.8156111240386963,0.5155890583992004,0.1998625099658966,0.18160350620746613,0.06824915111064911,-0.11640565097332001,0.9980334043502808,-0.053034257143735886,0.03341059386730194,4.942681312561035,0.1652301847934723,"[5.0, 5.0, 5.0, 5.0, 5.0, 5.0, 5.0, 5.0, 5.0, 5.0, 5.0, 5.0, 5.0, 5.0, 5.0, 5.0, 5.0, 5.0, 5.0, 5.0, 5.0, 5.0, 5.0, 5.0, 5.0, 5.0, 5.0, 5.0, 5.0, 5.0, 5.0, 5.0, 5.0, 5.0, 5.0, 5.0, 5.0, 5.0, 5.0, 5.0, 5.0, 5.0, 5.0, 5.0, 5.0, 5.0, 5.0, 5.0, 5.0, 5.0, 5.0, 5.0, 5.0, 5.0, 5.0, 5.0, 5.0, 5.0, 5.0, 5.0]"
3.812854766845703,0.5428998470306396,0.22128385305404663,0.22363729774951935,0.04415977746248245,-0.13274331390857697,0.9979853630065918,-0.053380198776721954,0.03428217023611069,4.866957664489746,0.16694803535938263,"[5.0, 5.0, 5.0, 5.0, 5.0, 5.0, 5.0, 5.0, 5.0, 5.0, 5.0, 5.0, 5.0, 5.0, 5.0, 5.0, 5.0, 5.0, 5.0, 5.0, 5.0, 5.0, 5.0, 5.0, 5.0, 5.0, 5.0, 5.0, 5.0, 5.0, 5.0, 5.0, 5.0, 5.0, 5.0, 5.0, 5.0, 5.0, 5.0, 5.0, 5.0, 5.0, 5.0, 5.0, 5.0, 5.0, 5.0, 5.0, 5.0, 5.0, 5.0, 5.0, 5.0, 5.0, 5.0, 5.0, 5.0, 5.0, 5.0, 5.0]"
3.8100502490997314,0.5709483027458191,0.23871514201164246,0.27143728733062744,0.013930568471550941,-0.15073764324188232,0.9979684352874756,-0.05352266505360603,0.03455550968647003,4.791362762451172,0.16566695272922516,"[5.0, 5.0, 5.0, 5.0, 5.0, 5.0, 5.0, 5.0, 5.0, 5.0, 5.0, 5.0, 5.0, 5.0, 5.0, 5.0, 5.0, 5.0, 5.0, 5.0, 5.0, 5.0, 5.0, 5.0, 5.0, 5.0, 5.0, 5.0, 5.0, 5.0, 5.0, 5.0, 5.0, 5.0, 5.0, 5.0, 5.0, 5.0, 5.0, 5.0, 5.0, 5.0, 5.0, 5.0, 5.0, 5.0, 5.0, 5.0, 5.0, 5.0, 5.0, 5.0, 5.0, 5.0, 5.0, 5.0, 5.0, 5.0, 5.0, 5.0]"
3.807096481323242,0.5996389389038086,0.25134557485580444,0.32147082686424255,-0.019046058878302574,-0.16899330914020538,0.9979858994483948,-0.053442537784576416,0.03416862338781357,4.715943813323975,0.16123150289058685,"[5.0, 5.0, 5.0, 5.0, 5.0, 5.0, 5.0, 5.0, 5.0, 5.0, 5.0, 5.0, 5.0, 5.0, 5.0, 5.0, 5.0, 5.0, 5.0, 5.0, 5.0, 5.0, 5.0, 5.0, 5.0, 5.0, 5.0, 5.0, 5.0, 5.0, 5.0, 5.0, 5.0, 5.0, 5.0, 5.0, 5.0, 5.0, 5.0, 5.0, 5.0, 5.0, 5.0, 5.0, 5.0, 5.0, 5.0, 5.0, 5.0, 5.0, 5.0, 5.0, 5.0, 5.0, 5.0, 5.0, 5.0, 5.0, 5.0, 5.0]"
3.8038899898529053,0.6286433339118958,0.2588527202606201,0.370015025138855,-0.05073760822415352,-0.18536053597927094,0.9980342984199524,-0.05319235473871231,0.03313225135207176,4.640641212463379,0.1538393795490265,"[5.0, 5.0, 5.0, 5.0, 5.0, 5.0, 5.0, 5.0, 5.0, 5.0, 5.0, 5.0, 5.0, 5.0, 5.0, 5.0, 5.0, 5.0, 5.0, 5.0, 5.0, 5.0, 5.0, 5.0, 5.0, 5.0, 5.0, 5.0, 5.0, 5.0, 5.0, 5.0, 5.0, 5.0, 5.0, 5.0, 5.0, 5.0, 5.0, 5.0, 5.0, 5.0, 5.0, 5.0, 5.0, 5.0, 5.0, 5.0, 5.0, 5.0, 5.0, 5.0, 5.0, 5.0, 5.0, 5.0, 5.0, 5.0, 5.0, 5.0]"
3.8003242015838623,0.6575597524642944,0.2614339590072632,0.4149376153945923,-0.07744669169187546,-0.19932252168655396,0.9981055855751038,-0.05282538756728172,0.03153305500745773,4.565459728240967,0.14403454959392548,"[5.0, 5.0, 5.0, 5.0, 5.0, 5.0, 5.0, 5.0, 5.0, 5.0, 5.0, 5.0, 5.0, 5.0, 5.0, 5.0, 5.0, 5.0, 5.0, 5.0, 5.0, 5.0, 5.0, 5.0, 5.0, 5.0, 5.0, 5.0, 5.0, 5.0, 5.0, 5.0, 5.0, 5.0, 5.0, 5.0, 5.0, 5.0, 5.0, 5.0, 5.0, 5.0, 5.0, 5.0, 5.0, 5.0, 5.0, 5.0, 5.0, 5.0, 5.0, 5.0, 5.0, 5.0, 5.0, 5.0, 5.0, 5.0, 5.0, 5.0]"
3.7962803840637207,0.6860020756721497,0.25973474979400635,0.4542370140552521,-0.0963391661643982,-0.211360365152359,0.99819016456604,-0.05239158123731613,0.029516717419028282,4.4904022216796875,0.13259974122047424,"[5.0, 5.0, 5.0, 5.0, 5.0, 5.0, 5.0, 5.0, 5.0, 5.0, 5.0, 5.0, 5.0, 5.0, 5.0, 5.0, 5.0, 5.0, 5.0, 5.0, 5.0, 5.0, 5.0, 5.0, 5.0, 5.0, 5.0, 5.0, 5.0, 5.0, 5.0, 5.0, 5.0, 5.0, 5.0, 5.0, 5.0, 5.0, 5.0, 5.0, 5.0, 5.0, 5.0, 5.0, 5.0, 5.0, 5.0, 5.0, 5.0, 5.0, 5.0, 5.0, 5.0, 5.0, 5.0, 5.0, 5.0, 5.0, 5.0, 5.0]"
3.7916526794433594,0.7135890126228333,0.254721462726593,0.48664191365242004,-0.10607261955738068,-0.2211940884590149,0.9982779622077942,-0.05193714797496796,0.02726093679666519,4.415468215942383,0.12041458487510681,"[5.0, 5.0, 5.0, 5.0, 5.0, 5.0, 5.0, 5.0, 5.0, 5.0, 5.0, 5.0, 5.0, 5.0, 5.0, 5.0, 5.0, 5.0, 5.0, 5.0, 5.0, 5.0, 5.0, 5.0, 5.0, 5.0, 5.0, 5.0, 5.0, 5.0, 5.0, 5.0, 5.0, 5.0, 5.0, 5.0, 5.0, 5.0, 5.0, 5.0, 5.0, 5.0, 5.0, 5.0, 5.0, 5.0, 5.0, 5.0, 5.0, 5.0, 5.0, 5.0, 5.0, 5.0, 5.0, 5.0, 5.0, 5.0, 5.0, 5.0]"
3.786389112472534,0.7399043440818787,0.24765172600746155,0.5114423632621765,-0.10550954192876816,-0.22806836664676666,0.9983590841293335,-0.05153106525540352,0.02496504969894886,4.340633392333984,0.1083979383111,"[5.0, 5.0, 5.0, 5.0, 5.0, 5.0, 5.0, 5.0, 5.0, 5.0, 5.0, 5.0, 5.0, 5.0, 5.0, 5.0, 5.0, 5.0, 5.0, 5.0, 5.0, 5.0, 5.0, 5.0, 5.0, 5.0, 5.0, 5.0, 5.0, 5.0, 5.0, 5.0, 5.0, 5.0, 5.0, 5.0, 5.0, 5.0, 5.0, 5.0, 5.0, 5.0, 5.0, 5.0, 5.0, 5.0, 5.0, 5.0, 5.0, 5.0, 5.0, 5.0, 5.0, 5.0, 5.0, 5.0, 5.0, 5.0, 5.0, 5.0]"
3.780487060546875,0.764613151550293,0.24000351130962372,0.5297271013259888,-0.09410858154296875,-0.2329411804676056,0.9984254240989685,-0.05122845619916916,0.02284346893429756,4.26588773727417,0.0974731296300888,"[5.0, 5.0, 5.0, 5.0, 5.0, 5.0, 5.0, 5.0, 5.0, 5.0, 5.0, 5.0, 5.0, 5.0, 5.0, 5.0, 5.0, 5.0, 5.0, 5.0, 5.0, 5.0, 5.0, 5.0, 5.0, 5.0, 5.0, 5.0, 5.0, 5.0, 5.0, 5.0, 5.0, 5.0, 5.0, 5.0, 5.0, 5.0, 5.0, 5.0, 5.0, 5.0, 5.0, 5.0, 5.0, 5.0, 5.0, 5.0, 5.0, 5.0, 5.0, 5.0, 5.0, 5.0, 5.0, 5.0, 5.0, 5.0, 5.0, 5.0]"
3.773961305618286,0.787578284740448,0.23324725031852722,0.5424087047576904,-0.0726018026471138,-0.23775120079517365,0.9984744787216187,-0.05102069675922394,0.021097972989082336,4.191309928894043,0.08844785392284393,"[5.0, 5.0, 5.0, 5.0, 5.0, 5.0, 5.0, 5.0, 5.0, 5.0, 5.0, 5.0, 5.0, 5.0, 5.0, 5.0, 5.0, 5.0, 5.0, 5.0, 5.0, 5.0, 5.0, 5.0, 5.0, 5.0, 5.0, 5.0, 5.0, 5.0, 5.0, 5.0, 5.0, 5.0, 5.0, 5.0, 5.0, 5.0, 5.0, 5.0, 5.0, 5.0, 5.0, 5.0, 5.0, 5.0, 5.0, 5.0, 5.0, 5.0, 5.0, 5.0, 5.0, 5.0, 5.0, 5.0, 5.0, 5.0, 5.0, 5.0]"
3.7668511867523193,0.8087822794914246,0.2286413311958313,0.5501182079315186,-0.04378459230065346,-0.24330464005470276,0.9985048770904541,-0.05091307684779167,0.019885685294866562,4.116840362548828,0.08188240975141525,"[5.0, 5.0, 5.0, 5.0, 5.0, 5.0, 5.0, 5.0, 5.0, 5.0, 5.0, 5.0, 5.0, 5.0, 5.0, 5.0, 5.0, 5.0, 5.0, 5.0, 5.0, 5.0, 5.0, 5.0, 5.0, 5.0, 5.0, 5.0, 5.0, 5.0, 5.0, 5.0, 5.0, 5.0, 5.0, 5.0, 5.0, 5.0, 5.0, 5.0, 5.0, 5.0, 5.0, 5.0, 5.0, 5.0, 5.0, 5.0, 5.0, 5.0, 5.0, 5.0, 5.0, 5.0, 5.0, 5.0, 5.0, 5.0, 5.0, 5.0]"
3.7592413425445557,0.8282533288002014,0.22707512974739075,0.5536984205245972,-0.011175258085131645,-0.24964505434036255,0.9985184073448181,-0.050875283777713776,0.019292665645480156,4.042532444000244,0.07800576090812683,"[5.0, 5.0, 5.0, 5.0, 5.0, 5.0, 5.0, 5.0, 5.0, 5.0, 5.0, 5.0, 5.0, 5.0, 5.0, 5.0, 5.0, 5.0, 5.0, 5.0, 5.0, 5.0, 5.0, 5.0, 5.0, 5.0, 5.0, 5.0, 5.0, 5.0, 5.0, 5.0, 5.0, 5.0, 5.0, 5.0, 5.0, 5.0, 5.0, 5.0, 5.0, 5.0, 5.0, 5.0, 5.0, 5.0, 5.0, 5.0, 5.0, 5.0, 5.0, 5.0, 5.0, 5.0, 5.0, 5.0, 5.0, 5.0, 5.0, 5.0]"
3.751232624053955,0.8461193442344666,0.22901013493537903,0.5548614859580994,0.021671153604984283,-0.2580539584159851,0.9985182881355286,-0.05086284130811691,0.019332829862833023,3.968404769897461,0.07673485577106476,"[5.0, 5.0, 5.0, 5.0, 5.0, 5.0, 5.0, 5.0, 5.0, 5.0, 5.0, 5.0, 5.0, 5.0, 5.0, 5.0, 5.0, 5.0, 5.0, 5.0, 5.0, 5.0, 5.0, 5.0, 5.0, 5.0, 5.0, 5.0, 5.0, 5.0, 5.0, 5.0, 5.0, 5.0, 5.0, 5.0, 5.0, 5.0, 5.0, 5.0, 5.0, 5.0, 5.0, 5.0, 5.0, 5.0, 5.0, 5.0, 5.0, 5.0, 5.0, 5.0, 5.0, 5.0, 5.0, 5.0, 5.0, 5.0, 5.0, 5.0]"
3.74289870262146,0.8626812696456909,0.23440766334533691,0.5549277067184448,0.050845663994550705,-0.2704390287399292,0.9985089898109436,-0.0508091077208519,0.01994526945054531,3.8944251537323,0.07769083231687546,"[5.0, 5.0, 5.0, 5.0, 5.0, 5.0, 5.0, 5.0, 5.0, 5.0, 5.0, 5.0, 5.0, 5.0, 5.0, 5.0, 5.0, 5.0, 5.0, 5.0, 5.0, 5.0, 5.0, 5.0, 5.0, 5.0, 5.0, 5.0, 5.0, 5.0, 5.0, 5.0, 5.0, 5.0, 5.0, 5.0, 5.0, 5.0, 5.0, 5.0, 5.0, 5.0, 5.0, 5.0, 5.0, 5.0, 5.0, 5.0, 5.0, 5.0, 5.0, 5.0, 5.0, 5.0, 5.0, 5.0, 5.0, 5.0, 5.0, 5.0]"
3.734292507171631,0.8782928586006165,0.24271301925182343,0.554488480091095,0.0724543109536171,-0.2871760427951813,0.9984978437423706,-0.050606802105903625,0.020987898111343384,3.8206348419189453,0.08020477741956711,"[5.0, 5.0, 5.0, 5.0, 5.0, 5.0, 5.0, 5.0, 5.0, 5.0, 5.0, 5.0, 5.0, 5.0, 5.0, 5.0, 5.0, 5.0, 5.0, 5.0, 5.0, 5.0, 5.0, 5.0, 5.0, 5.0, 5.0, 5.0, 5.0, 5.0, 5.0, 5.0, 5.0, 5.0, 5.0, 5.0, 5.0, 5.0, 5.0, 5.0, 5.0, 5.0, 5.0, 5.0, 5.0, 5.0, 5.0, 5.0, 5.0, 5.0, 5.0, 5.0, 5.0, 5.0, 5.0, 5.0, 5.0, 5.0, 5.0, 5.0]"
3.7254669666290283,0.8932353854179382,0.25306054949760437,0.5537654757499695,0.08444156497716904,-0.30728936195373535,0.998491108417511,-0.05019139498472214,0.02226884849369526,3.747006416320801,0.08346223831176758,"[5.0, 5.0, 5.0, 5.0, 5.0, 5.0, 5.0, 5.0, 5.0, 5.0, 5.0, 5.0, 5.0, 5.0, 5.0, 5.0, 5.0, 5.0, 5.0, 5.0, 5.0, 5.0, 5.0, 5.0, 5.0, 5.0, 5.0, 5.0, 5.0, 5.0, 5.0, 5.0, 5.0, 5.0, 5.0, 5.0, 5.0, 5.0, 5.0, 5.0, 5.0, 5.0, 5.0, 5.0, 5.0, 5.0, 5.0, 5.0, 5.0, 5.0, 5.0, 5.0, 5.0, 5.0, 5.0, 5.0, 5.0, 5.0, 5.0, 5.0]"
3.7164695262908936,0.9077557325363159,0.2644948661327362,0.5534573197364807,0.08701283484697342,-0.33067476749420166,0.998495876789093,-0.04948829486966133,0.023587830364704132,3.673551321029663,0.0866752415895462,"[5.0, 5.0, 5.0, 5.0, 5.0, 5.0, 5.0, 5.0, 5.0, 5.0, 5.0, 5.0, 5.0, 5.0, 5.0, 5.0, 5.0, 5.0, 5.0, 5.0, 5.0, 5.0, 5.0, 5.0, 5.0, 5.0, 5.0, 5.0, 5.0, 5.0, 5.0, 5.0, 5.0, 5.0, 5.0, 5.0, 5.0, 5.0, 5.0, 5.0, 5.0, 5.0, 5.0, 5.0, 5.0, 5.0, 5.0, 5.0, 5.0, 5.0, 5.0, 5.0, 5.0, 5.0, 5.0, 5.0, 5.0, 5.0, 5.0, 5.0]"
3.707313060760498,0.9221060872077942,0.2760324478149414,0.5530852675437927,0.08135739713907242,-0.35739293694496155,0.998519241809845,-0.048430416733026505,0.024765143170952797,3.60028076171875,0.0891888439655304,"[5.0, 5.0, 5.0, 5.0, 5.0, 5.0, 5.0, 5.0, 5.0, 5.0, 5.0, 5.0, 5.0, 5.0, 5.0, 5.0, 5.0, 5.0, 5.0, 5.0, 5.0, 5.0, 5.0, 5.0, 5.0, 5.0, 5.0, 5.0, 5.0, 5.0, 5.0, 5.0, 5.0, 5.0, 5.0, 5.0, 5.0, 5.0, 5.0, 5.0, 5.0, 5.0, 5.0, 5.0, 5.0, 5.0, 5.0, 5.0, 5.0, 5.0, 5.0, 5.0, 5.0, 5.0, 5.0, 5.0, 5.0, 5.0, 5.0, 5.0]"
3.69797945022583,0.9364357590675354,0.28669944405555725,0.5518770217895508,0.06843260675668716,-0.3859090209007263,0.9985668063163757,-0.046971164643764496,0.025642745196819305,3.527184009552002,0.09047645330429077,"[5.0, 5.0, 5.0, 5.0, 5.0, 5.0, 5.0, 5.0, 5.0, 5.0, 5.0, 5.0, 5.0, 5.0, 5.0, 5.0, 5.0, 5.0, 5.0, 5.0, 5.0, 5.0, 5.0, 5.0, 5.0, 5.0, 5.0, 5.0, 5.0, 5.0, 5.0, 5.0, 5.0, 5.0, 5.0, 5.0, 5.0, 5.0, 5.0, 5.0, 5.0, 5.0, 5.0, 5.0, 5.0, 5.0, 5.0, 5.0, 5.0, 5.0, 5.0, 5.0, 5.0, 5.0, 5.0, 5.0, 5.0, 5.0, 5.0, 5.0]"
3.6884829998016357,0.9506970047950745,0.2957593500614166,0.5486584901809692,0.05078042671084404,-0.41376274824142456,0.9986398816108704,-0.04512512683868408,0.02610575407743454,3.454240083694458,0.09020631015300751,"[5.0, 5.0, 5.0, 5.0, 5.0, 5.0, 5.0, 5.0, 5.0, 5.0, 5.0, 5.0, 5.0, 5.0, 5.0, 5.0, 5.0, 5.0, 5.0, 5.0, 5.0, 5.0, 5.0, 5.0, 5.0, 5.0, 5.0, 5.0, 5.0, 5.0, 5.0, 5.0, 5.0, 5.0, 5.0, 5.0, 5.0, 5.0, 5.0, 5.0, 5.0, 5.0, 5.0, 5.0, 5.0, 5.0, 5.0, 5.0, 5.0, 5.0, 5.0, 5.0, 5.0, 5.0, 5.0, 5.0, 5.0, 5.0, 5.0, 5.0]"
3.678844928741455,0.9647294282913208,0.30280983448028564,0.5426652431488037,0.0319046713411808,-0.43982332944869995,0.9987369775772095,-0.04292362555861473,0.02610287070274353,3.381458282470703,0.08829588443040848,"[5.0, 5.0, 5.0, 5.0, 5.0, 5.0, 5.0, 5.0, 5.0, 5.0, 5.0, 5.0, 5.0, 5.0, 5.0, 5.0, 5.0, 5.0, 5.0, 5.0, 5.0, 5.0, 5.0, 5.0, 5.0, 5.0, 5.0, 5.0, 5.0, 5.0, 5.0, 5.0, 5.0, 5.0, 5.0, 5.0, 5.0, 5.0, 5.0, 5.0, 5.0, 5.0, 5.0, 5.0, 5.0, 5.0, 5.0, 5.0, 5.0, 5.0, 5.0, 5.0, 5.0, 5.0, 5.0, 5.0, 5.0, 5.0, 5.0, 5.0]"
3.6690592765808105,0.9783591628074646,0.3076786398887634,0.533531129360199,0.01408314611762762,-0.4638470411300659,0.99885493516922,-0.04038522019982338,0.025635775178670883,3.308898448944092,0.08485408872365952,"[5.0, 5.0, 5.0, 5.0, 5.0, 5.0, 5.0, 5.0, 5.0, 5.0, 5.0, 5.0, 5.0, 5.0, 5.0, 5.0, 5.0, 5.0, 5.0, 5.0, 5.0, 5.0, 5.0, 5.0, 5.0, 5.0, 5.0, 5.0, 5.0, 5.0, 5.0, 5.0, 5.0, 5.0, 5.0, 5.0, 5.0, 5.0, 5.0, 5.0, 5.0, 5.0, 5.0, 5.0, 5.0, 5.0, 5.0, 5.0, 5.0, 5.0, 5.0, 5.0, 5.0, 5.0, 5.0, 5.0, 5.0, 5.0, 5.0, 5.0]"
3.659126043319702,0.9913643002510071,0.3103438913822174,0.5202752351760864,-0.0013314117677509785,-0.4845673739910126,0.9989854693412781,-0.03761691972613335,0.024748845025897026,3.236419439315796,0.080122210085392,"[5.0, 5.0, 5.0, 5.0, 5.0, 5.0, 5.0, 5.0, 5.0, 5.0, 5.0, 5.0, 5.0, 5.0, 5.0, 5.0, 5.0, 5.0, 5.0, 5.0, 5.0, 5.0, 5.0, 5.0, 5.0, 5.0, 5.0, 5.0, 5.0, 5.0, 5.0, 5.0, 5.0, 5.0, 5.0, 5.0, 5.0, 5.0, 5.0, 5.0, 5.0, 5.0, 5.0, 5.0, 5.0, 5.0, 5.0, 5.0, 5.0, 5.0, 5.0, 5.0, 5.0, 5.0, 5.0, 5.0, 5.0, 5.0, 5.0, 5.0]"
3.6490845680236816,1.0033999681472778,0.3110677897930145,0.5021240711212158,-0.01262134499847889,-0.5005171895027161,0.9991217255592346,-0.03467683866620064,0.02350785583257675,3.1641082763671875,0.07440198957920074,"[5.0, 5.0, 5.0, 5.0, 5.0, 5.0, 5.0, 5.0, 5.0, 5.0, 5.0, 5.0, 5.0, 5.0, 5.0, 5.0, 5.0, 5.0, 5.0, 5.0, 5.0, 5.0, 5.0, 5.0, 5.0, 5.0, 5.0, 5.0, 5.0, 5.0, 5.0, 5.0, 5.0, 5.0, 5.0, 5.0, 5.0, 5.0, 5.0, 5.0, 5.0, 5.0, 5.0, 5.0, 5.0, 5.0, 5.0, 5.0, 5.0, 5.0, 5.0, 5.0, 5.0, 5.0, 5.0, 5.0, 5.0, 5.0, 5.0, 5.0]"
3.6389989852905273,1.0141301155090332,0.3103831708431244,0.4789988100528717,-0.018137862905859947,-0.5118567943572998,0.9992555379867554,-0.03166799992322922,0.022019309923052788,3.091940402984619,0.06809892505407333,"[5.0, 5.0, 5.0, 5.0, 5.0, 5.0, 5.0, 5.0, 5.0, 5.0, 5.0, 5.0, 5.0, 5.0, 5.0, 5.0, 5.0, 5.0, 5.0, 5.0, 5.0, 5.0, 5.0, 5.0, 5.0, 5.0, 5.0, 5.0, 5.0, 5.0, 5.0, 5.0, 5.0, 5.0, 5.0, 5.0, 5.0, 5.0, 5.0, 5.0, 5.0, 5.0, 5.0, 5.0, 5.0, 5.0, 5.0, 5.0, 5.0, 5.0, 5.0, 5.0, 5.0, 5.0, 5.0, 5.0, 5.0, 5.0, 5.0, 5.0]"
3.6289236545562744,1.023354411125183,0.30892086029052734,0.4512014389038086,-0.01740335300564766,-0.5198038220405579,0.999380350112915,-0.028667019680142403,0.020405961200594902,3.0199005603790283,0.061636827886104584,"[5.0, 5.0, 5.0, 5.0, 5.0, 5.0, 5.0, 5.0, 5.0, 5.0, 5.0, 5.0, 5.0, 5.0, 5.0, 5.0, 5.0, 5.0, 5.0, 5.0, 5.0, 5.0, 5.0, 5.0, 5.0, 5.0, 5.0, 5.0, 5.0, 5.0, 5.0, 5.0, 5.0, 5.0, 5.0, 5.0, 5.0, 5.0, 5.0, 5.0, 5.0, 5.0, 5.0, 5.0, 5.0, 5.0, 5.0, 5.0, 5.0, 5.0, 5.0, 5.0, 5.0, 5.0, 5.0, 5.0, 5.0, 5.0, 5.0, 5.0]"
3.618907928466797,1.0309364795684814,0.3072822391986847,0.41923442482948303,-0.011382035911083221,-0.5247506499290466,0.9994925856590271,-0.02571643888950348,0.018776314333081245,2.9480092525482178,0.0553625226020813,"[5.0, 5.0, 5.0, 5.0, 5.0, 5.0, 5.0, 5.0, 5.0, 5.0, 5.0, 5.0, 5.0, 5.0, 5.0, 5.0, 5.0, 5.0, 5.0, 5.0, 5.0, 5.0, 5.0, 5.0, 5.0, 5.0, 5.0, 5.0, 5.0, 5.0, 5.0, 5.0, 5.0, 5.0, 5.0, 5.0, 5.0, 5.0, 5.0, 5.0, 5.0, 5.0, 5.0, 5.0, 5.0, 5.0, 5.0, 5.0, 5.0, 5.0, 5.0, 5.0, 5.0, 5.0, 5.0, 5.0, 5.0, 5.0, 5.0, 5.0]"
3.6090452671051025,1.036763072013855,0.3060537874698639,0.383402019739151,-0.0007461169734597206,-0.5265858769416809,0.999589741230011,-0.022868432104587555,0.017224296927452087,2.876277446746826,0.049549221992492676,"[5.0, 5.0, 5.0, 5.0, 5.0, 5.0, 5.0, 5.0, 5.0, 5.0, 5.0, 5.0, 5.0, 5.0, 5.0, 5.0, 5.0, 5.0, 5.0, 5.0, 5.0, 5.0, 5.0, 5.0, 5.0, 5.0, 5.0, 5.0, 5.0, 5.0, 5.0, 5.0, 5.0, 5.0, 5.0, 5.0, 5.0, 5.0, 5.0, 5.0, 5.0, 5.0, 5.0, 5.0, 5.0, 5.0, 5.0, 5.0, 5.0, 5.0, 5.0, 5.0, 5.0, 5.0, 5.0, 5.0, 5.0, 5.0, 5.0, 5.0]"
3.5994417667388916,1.0407847166061401,0.3058125376701355,0.3446173667907715,0.01396561972796917,-0.526375412940979,0.9996703863143921,-0.02019079215824604,0.015836212784051895,2.8046605587005615,0.04442078620195389,"[5.0, 5.0, 5.0, 5.0, 5.0, 5.0, 5.0, 5.0, 5.0, 5.0, 5.0, 5.0, 5.0, 5.0, 5.0, 5.0, 5.0, 5.0, 5.0, 5.0, 5.0, 5.0, 5.0, 5.0, 5.0, 5.0, 5.0, 5.0, 5.0, 5.0, 5.0, 5.0, 5.0, 5.0, 5.0, 5.0, 5.0, 5.0, 5.0, 5.0, 5.0, 5.0, 5.0, 5.0, 5.0, 5.0, 5.0, 5.0, 5.0, 5.0, 5.0, 5.0, 5.0, 5.0, 5.0, 5.0, 5.0, 5.0, 5.0, 5.0]"
3.5901706218719482,1.0431309938430786,0.3070109486579895,0.30371585488319397,0.03162562847137451,-0.5259976387023926,0.9997355341911316,-0.017688941210508347,0.014673307538032532,2.7331676483154297,0.04010894149541855,"[5.0, 5.0, 5.0, 5.0, 5.0, 5.0, 5.0, 5.0, 5.0, 5.0, 5.0, 5.0, 5.0, 5.0, 5.0, 5.0, 5.0, 5.0, 5.0, 5.0, 5.0, 5.0, 5.0, 5.0, 5.0, 5.0, 5.0, 5.0, 5.0, 5.0, 5.0, 5.0, 5.0, 5.0, 5.0, 5.0, 5.0, 5.0, 5.0, 5.0, 5.0, 5.0, 5.0, 5.0, 5.0, 5.0, 5.0, 5.0, 5.0, 5.0, 5.0, 5.0, 5.0, 5.0, 5.0, 5.0, 5.0, 5.0, 5.0, 5.0]"
3.581293821334839,1.0440154075622559,0.30983901023864746,0.2618156969547272,0.0498373918235302,-0.526362419128418,0.9997876286506653,-0.015324097126722336,0.013750425539910793,2.6618359088897705,0.036604851484298706,"[5.0, 5.0, 5.0, 5.0, 5.0, 5.0, 5.0, 5.0, 5.0, 5.0, 5.0, 5.0, 5.0, 5.0, 5.0, 5.0, 5.0, 5.0, 5.0, 5.0, 5.0, 5.0, 5.0, 5.0, 5.0, 5.0, 5.0, 5.0, 5.0, 5.0, 5.0, 5.0, 5.0, 5.0, 5.0, 5.0, 5.0, 5.0, 5.0, 5.0, 5.0, 5.0, 5.0, 5.0, 5.0, 5.0, 5.0, 5.0, 5.0, 5.0, 5.0, 5.0, 5.0, 5.0, 5.0, 5.0, 5.0, 5.0, 5.0, 5.0]"
3.572885036468506,1.043653130531311,0.3142526149749756,0.21942609548568726,0.06664074957370758,-0.5272628664970398,0.9998289346694946,-0.013089059852063656,0.013044296763837337,2.5906426906585693,0.03379599750041962,"[5.0, 5.0, 5.0, 5.0, 5.0, 5.0, 5.0, 5.0, 5.0, 5.0, 5.0, 5.0, 5.0, 5.0, 5.0, 5.0, 5.0, 5.0, 5.0, 5.0, 5.0, 5.0, 5.0, 5.0, 5.0, 5.0, 5.0, 5.0, 5.0, 5.0, 5.0, 5.0, 5.0, 5.0, 5.0, 5.0, 5.0, 5.0, 5.0, 5.0, 5.0, 5.0, 5.0, 5.0, 5.0, 5.0, 5.0, 5.0, 5.0, 5.0, 5.0, 5.0, 5.0, 5.0, 5.0, 5.0, 5.0, 5.0, 5.0, 5.0]"
3.5650246143341064,1.0422790050506592,0.32008489966392517,0.17685659229755402,0.0811493918299675,-0.5292508602142334,0.9998612999916077,-0.010968254879117012,0.012504869140684605,2.5195887088775635,0.03150960057973862,"[5.0, 5.0, 5.0, 5.0, 5.0, 5.0, 5.0, 5.0, 5.0, 5.0, 5.0, 5.0, 5.0, 5.0, 5.0, 5.0, 5.0, 5.0, 5.0, 5.0, 5.0, 5.0, 5.0, 5.0, 5.0, 5.0, 5.0, 5.0, 5.0, 5.0, 5.0, 5.0, 5.0, 5.0, 5.0, 5.0, 5.0, 5.0, 5.0, 5.0, 5.0, 5.0, 5.0, 5.0, 5.0, 5.0, 5.0, 5.0, 5.0, 5.0, 5.0, 5.0, 5.0, 5.0, 5.0, 5.0, 5.0, 5.0, 5.0, 5.0]"
3.55776047706604,1.0402021408081055,0.3269633650779724,0.13493388891220093,0.09200616925954819,-0.5334437489509583,0.999886691570282,-0.008959720842540264,0.012064156122505665,2.4486083984375,0.029542557895183563,"[5.0, 5.0, 5.0, 5.0, 5.0, 5.0, 5.0, 5.0, 5.0, 5.0, 5.0, 5.0, 5.0, 5.0, 5.0, 5.0, 5.0, 5.0, 5.0, 5.0, 5.0, 5.0, 5.0, 5.0, 5.0, 5.0, 5.0, 5.0, 5.0, 5.0, 5.0, 5.0, 5.0, 5.0, 5.0, 5.0, 5.0, 5.0, 5.0, 5.0, 5.0, 5.0, 5.0, 5.0, 5.0, 5.0, 5.0, 5.0, 5.0, 5.0, 5.0, 5.0, 5.0, 5.0, 5.0, 5.0, 5.0, 5.0, 5.0, 5.0]"
3.5511069297790527,1.037774920463562,0.3342686891555786,0.0944393053650856,0.09744447469711304,-0.5399758219718933,0.9999078512191772,-0.0069858962669968605,0.011609882116317749,2.377739906311035,0.027607150375843048,"[5.0, 5.0, 5.0, 5.0, 5.0, 5.0, 5.0, 5.0, 5.0, 5.0, 5.0, 5.0, 5.0, 5.0, 5.0, 5.0, 5.0, 5.0, 5.0, 5.0, 5.0, 5.0, 5.0, 5.0, 5.0, 5.0, 5.0, 5.0, 5.0, 5.0, 5.0, 5.0, 5.0, 5.0, 5.0, 5.0, 5.0, 5.0, 5.0, 5.0, 5.0, 5.0, 5.0, 5.0, 5.0, 5.0, 5.0, 5.0, 5.0, 5.0, 5.0, 5.0, 5.0, 5.0, 5.0, 5.0, 5.0, 5.0, 5.0, 5.0]"
3.5451080799102783,1.0352606773376465,0.3412166237831116,0.055417634546756744,0.09657534956932068,-0.5476807951927185,0.9999263286590576,-0.005023493431508541,0.011011946946382523,2.306968927383423,0.025405772030353546,"[5.0, 5.0, 5.0, 5.0, 5.0, 5.0, 5.0, 5.0, 5.0, 5.0, 5.0, 5.0, 5.0, 5.0, 5.0, 5.0, 5.0, 5.0, 5.0, 5.0, 5.0, 5.0, 5.0, 5.0, 5.0, 5.0, 5.0, 5.0, 5.0, 5.0, 5.0, 5.0, 5.0, 5.0, 5.0, 5.0, 5.0, 5.0, 5.0, 5.0, 5.0, 5.0, 5.0, 5.0, 5.0, 5.0, 5.0, 5.0, 5.0, 5.0, 5.0, 5.0, 5.0, 5.0, 5.0, 5.0, 5.0, 5.0, 5.0, 5.0]"
3.539801836013794,1.0328586101531982,0.347055047750473,0.017543509602546692,0.09008222073316574,-0.5559345483779907,0.9999433755874634,-0.0030679309275001287,0.010148538276553154,2.236283779144287,0.02269618958234787,"[5.0, 5.0, 5.0, 5.0, 5.0, 5.0, 5.0, 5.0, 5.0, 5.0, 5.0, 5.0, 5.0, 5.0, 5.0, 5.0, 5.0, 5.0, 5.0, 5.0, 5.0, 5.0, 5.0, 5.0, 5.0, 5.0, 5.0, 5.0, 5.0, 5.0, 5.0, 5.0, 5.0, 5.0, 5.0, 5.0, 5.0, 5.0, 5.0, 5.0, 5.0, 5.0, 5.0, 5.0, 5.0, 5.0, 5.0, 5.0, 5.0, 5.0, 5.0, 5.0, 5.0, 5.0, 5.0, 5.0, 5.0, 5.0, 5.0, 5.0]"
3.5352020263671875,1.0307772159576416,0.35104331374168396,-0.019534066319465637,0.07866563647985458,-0.5649157166481018,0.9999591708183289,-0.001137193408794701,0.008918005973100662,2.1656386852264404,0.019313953816890717,"[5.0, 5.0, 5.0, 5.0, 5.0, 5.0, 5.0, 5.0, 5.0, 5.0, 5.0, 5.0, 5.0, 5.0, 5.0, 5.0, 5.0, 5.0, 5.0, 5.0, 5.0, 5.0, 5.0, 5.0, 5.0, 5.0, 5.0, 5.0, 5.0, 5.0, 5.0, 5.0, 5.0, 5.0, 5.0, 5.0, 5.0, 5.0, 5.0, 5.0, 5.0, 5.0, 5.0, 5.0, 5.0, 5.0, 5.0, 5.0, 5.0, 5.0, 5.0, 5.0, 5.0, 5.0, 5.0, 5.0, 5.0, 5.0, 5.0, 5.0]"
3.531291961669922,1.0292129516601562,0.35236266255378723,-0.0552985817193985,0.06198342889547348,-0.5742427706718445,0.9999731183052063,0.0007571682217530906,0.007219798397272825,2.095010995864868,0.015125960111618042,"[5.0, 5.0, 5.0, 5.0, 5.0, 5.0, 5.0, 5.0, 5.0, 5.0, 5.0, 5.0, 5.0, 5.0, 5.0, 5.0, 5.0, 5.0, 5.0, 5.0, 5.0, 5.0, 5.0, 5.0, 5.0, 5.0, 5.0, 5.0, 5.0, 5.0, 5.0, 5.0, 5.0, 5.0, 5.0, 5.0, 5.0, 5.0, 5.0, 5.0, 5.0, 5.0, 5.0, 5.0, 5.0, 5.0, 5.0, 5.0, 5.0, 5.0, 5.0, 5.0, 5.0, 5.0, 5.0, 5.0, 5.0, 5.0, 5.0, 5.0]"
3.5280537605285645,1.0282857418060303,0.35017871856689453,-0.08977644145488739,0.04010441526770592,-0.5826565027236938,0.9999838471412659,0.0026143661234527826,0.004948633257299662,2.024407386779785,0.010018177330493927,"[5.0, 5.0, 5.0, 5.0, 5.0, 5.0, 5.0, 5.0, 5.0, 5.0, 5.0, 5.0, 5.0, 5.0, 5.0, 5.0, 5.0, 5.0, 5.0, 5.0, 5.0, 5.0, 5.0, 5.0, 5.0, 5.0, 5.0, 5.0, 5.0, 5.0, 5.0, 5.0, 5.0, 5.0, 5.0, 5.0, 5.0, 5.0, 5.0, 5.0, 5.0, 5.0, 5.0, 5.0, 5.0, 5.0, 5.0, 5.0, 5.0, 5.0, 5.0, 5.0, 5.0, 5.0, 5.0, 5.0, 5.0, 5.0, 5.0, 5.0]"
3.5254743099212646,1.0280346870422363,0.3437250554561615,-0.12323389202356339,0.013860363513231277,-0.589259684085846,0.9999879598617554,0.004350712057203054,0.0020264124032109976,1.953786015510559,0.003959186375141144,"[5.0, 5.0, 5.0, 5.0, 5.0, 5.0, 5.0, 5.0, 5.0, 5.0, 5.0, 5.0, 5.0, 5.0, 5.0, 5.0, 5.0, 5.0, 5.0, 5.0, 5.0, 5.0, 5.0, 5.0, 5.0, 5.0, 5.0, 5.0, 5.0, 5.0, 5.0, 5.0, 5.0, 5.0, 5.0, 5.0, 5.0, 5.0, 5.0, 5.0, 5.0, 5.0, 5.0, 5.0, 5.0, 5.0, 5.0, 5.0, 5.0, 5.0, 5.0, 5.0, 5.0, 5.0, 5.0, 5.0, 5.0, 5.0, 5.0, 5.0]"
3.5235037803649902,1.0285179615020752,0.33232754468917847,-0.15575158596038818,-0.015825286507606506,-0.5945325493812561,0.9999808073043823,0.005901515483856201,-0.0016048456309363246,1.8831182718276978,-0.003022119402885437,"[5.0, 5.0, 5.0, 5.0, 5.0, 5.0, 5.0, 5.0, 5.0, 5.0, 5.0, 5.0, 5.0, 5.0, 5.0, 5.0, 5.0, 5.0, 5.0, 5.0, 5.0, 5.0, 5.0, 5.0, 5.0, 5.0, 5.0, 5.0, 5.0, 5.0, 5.0, 5.0, 5.0, 5.0, 5.0, 5.0, 5.0, 5.0, 5.0, 5.0, 5.0, 5.0, 5.0, 5.0, 5.0, 5.0, 5.0, 5.0, 5.0, 5.0, 5.0, 5.0, 5.0, 5.0, 5.0, 5.0, 5.0, 5.0, 5.0, 5.0]"
3.5220375061035156,1.0298435688018799,0.31521761417388916,-0.18573801219463348,-0.04954298958182335,-0.5986459851264954,0.9999549984931946,0.00725964829325676,-0.006009955890476704,1.812435507774353,-0.01089286059141159,"[5.0, 5.0, 5.0, 5.0, 5.0, 5.0, 5.0, 5.0, 5.0, 5.0, 5.0, 5.0, 5.0, 5.0, 5.0, 5.0, 5.0, 5.0, 5.0, 5.0, 5.0, 5.0, 5.0, 5.0, 5.0, 5.0, 5.0, 5.0, 5.0, 5.0, 5.0, 5.0, 5.0, 5.0, 5.0, 5.0, 5.0, 5.0, 5.0, 5.0, 5.0, 5.0, 5.0, 5.0, 5.0, 5.0, 5.0, 5.0, 5.0, 5.0, 5.0, 5.0, 5.0, 5.0, 5.0, 5.0, 5.0, 5.0, 5.0, 5.0]"
3.520949602127075,1.0320886373519897,0.2916516065597534,-0.2118007242679596,-0.08658073842525482,-0.6011108756065369,0.9999019503593445,0.008312385529279709,-0.011223112232983112,1.741668701171875,-0.019548185169696808,"[5.0, 5.0, 5.0, 5.0, 5.0, 5.0, 5.0, 5.0, 5.0, 5.0, 5.0, 5.0, 5.0, 5.0, 5.0, 5.0, 5.0, 5.0, 5.0, 5.0, 5.0, 5.0, 5.0, 5.0, 5.0, 5.0, 5.0, 5.0, 5.0, 5.0, 5.0, 5.0, 5.0, 5.0, 5.0, 5.0, 5.0, 5.0, 5.0, 5.0, 5.0, 5.0, 5.0, 5.0, 5.0, 5.0, 5.0, 5.0, 5.0, 5.0, 5.0, 5.0, 5.0, 5.0, 5.0, 5.0, 5.0, 5.0, 5.0, 5.0]"
3.5200886726379395,1.035317301750183,0.26099371910095215,-0.23249366879463196,-0.12558753788471222,-0.601930558681488,0.9998101592063904,0.008984193205833435,-0.017255013808608055,1.670816421508789,-0.028834268450737,"[5.0, 5.0, 5.0, 5.0, 5.0, 5.0, 5.0, 5.0, 5.0, 5.0, 5.0, 5.0, 5.0, 5.0, 5.0, 5.0, 5.0, 5.0, 5.0, 5.0, 5.0, 5.0, 5.0, 5.0, 5.0, 5.0, 5.0, 5.0, 5.0, 5.0, 5.0, 5.0, 5.0, 5.0, 5.0, 5.0, 5.0, 5.0, 5.0, 5.0, 5.0, 5.0, 5.0, 5.0, 5.0, 5.0, 5.0, 5.0, 5.0, 5.0, 5.0, 5.0, 5.0, 5.0, 5.0, 5.0, 5.0, 5.0, 5.0, 5.0]"
3.519240379333496,1.0396537780761719,0.22272425889968872,-0.24558040499687195,-0.16524557769298553,-0.6024864912033081,0.9996674656867981,0.009174084290862083,-0.02407396025955677,1.599852204322815,-0.03852596879005432,"[5.0, 5.0, 5.0, 5.0, 5.0, 5.0, 5.0, 5.0, 5.0, 5.0, 5.0, 5.0, 5.0, 5.0, 5.0, 5.0, 5.0, 5.0, 5.0, 5.0, 5.0, 5.0, 5.0, 5.0, 5.0, 5.0, 5.0, 5.0, 5.0, 5.0, 5.0, 5.0, 5.0, 5.0, 5.0, 5.0, 5.0, 5.0, 5.0, 5.0, 5.0, 5.0, 5.0, 5.0, 5.0, 5.0, 5.0, 5.0, 5.0, 5.0, 5.0, 5.0, 5.0, 5.0, 5.0, 5.0, 5.0, 5.0, 5.0, 5.0]"
3.5181145668029785,1.0453357696533203,0.176372230052948,-0.24720615148544312,-0.20507144927978516,-0.60472571849823,0.999459981918335,0.008841889910399914,-0.031627777963876724,1.5287950038909912,-0.048376619815826416,"[5.0, 5.0, 5.0, 5.0, 5.0, 5.0, 5.0, 5.0, 5.0, 5.0, 5.0, 5.0, 5.0, 5.0, 5.0, 5.0, 5.0, 5.0, 5.0, 5.0, 5.0, 5.0, 5.0, 5.0, 5.0, 5.0, 5.0, 5.0, 5.0, 5.0, 5.0, 5.0, 5.0, 5.0, 5.0, 5.0, 5.0, 5.0, 5.0, 5.0, 5.0, 5.0, 5.0, 5.0, 5.0, 5.0, 5.0, 5.0, 5.0, 5.0, 5.0, 5.0, 5.0, 5.0, 5.0, 5.0, 5.0, 5.0, 5.0, 5.0]"
3.5163581371307373,1.052628755569458,0.12177295237779617,-0.23337134718894958,-0.2452591508626938,-0.6098833084106445,0.999174177646637,0.007895379327237606,-0.039842408150434494,1.4576387405395508,-0.058122023940086365,"[5.0, 5.0, 5.0, 5.0, 5.0, 5.0, 5.0, 5.0, 5.0, 5.0, 5.0, 5.0, 5.0, 5.0, 5.0, 5.0, 5.0, 5.0, 5.0, 5.0, 5.0, 5.0, 5.0, 5.0, 5.0, 5.0, 5.0, 5.0, 5.0, 5.0, 5.0, 5.0, 5.0, 5.0, 5.0, 5.0, 5.0, 5.0, 5.0, 5.0, 5.0, 5.0, 5.0, 5.0, 5.0, 5.0, 5.0, 5.0, 5.0, 5.0, 5.0, 5.0, 5.0, 5.0, 5.0, 5.0, 5.0, 5.0, 5.0, 5.0]"
3.51357102394104,1.0618469715118408,0.05942566692829132,-0.20123085379600525,-0.28331458568573,-0.6203171014785767,0.9987979531288147,0.0062717655673623085,-0.048599712550640106,1.3863985538482666,-0.06745833158493042,"[5.0, 5.0, 5.0, 5.0, 5.0, 5.0, 5.0, 5.0, 5.0, 5.0, 5.0, 5.0, 5.0, 5.0, 5.0, 5.0, 5.0, 5.0, 5.0, 5.0, 5.0, 5.0, 5.0, 5.0, 5.0, 5.0, 5.0, 5.0, 5.0, 5.0, 5.0, 5.0, 5.0, 5.0, 5.0, 5.0, 5.0, 5.0, 5.0, 5.0, 5.0, 5.0, 5.0, 5.0, 5.0, 5.0, 5.0, 5.0, 5.0, 5.0, 5.0, 5.0, 5.0, 5.0, 5.0, 5.0, 5.0, 5.0, 5.0, 5.0]"
3.509291172027588,1.073415756225586,-0.009352125227451324,-0.14997521042823792,-0.3135315775871277,-0.6402555108070374,0.9983271360397339,0.003948506433516741,-0.0576699934899807,1.315137267112732,-0.07597045600414276,"[5.0, 5.0, 5.0, 5.0, 5.0, 5.0, 5.0, 5.0, 5.0, 5.0, 5.0, 5.0, 5.0, 5.0, 5.0, 5.0, 5.0, 5.0, 5.0, 5.0, 5.0, 5.0, 5.0, 5.0, 5.0, 5.0, 5.0, 5.0, 5.0, 5.0, 5.0, 5.0, 5.0, 5.0, 5.0, 5.0, 5.0, 5.0, 5.0, 5.0, 5.0, 5.0, 5.0, 5.0, 5.0, 5.0, 5.0, 5.0, 5.0, 5.0, 5.0, 5.0, 5.0, 5.0, 5.0, 5.0, 5.0, 5.0, 5.0, 5.0]"
3.5029842853546143,1.087937831878662,-0.0828203335404396,-0.0767432153224945,-0.3326760530471802,-0.6747256517410278,0.9977701306343079,0.0008866009302437305,-0.06672702729701996,1.2439141273498535,-0.08318816125392914,"[5.0, 5.0, 5.0, 5.0, 5.0, 5.0, 5.0, 5.0, 5.0, 5.0, 5.0, 5.0, 5.0, 5.0, 5.0, 5.0, 5.0, 5.0, 5.0, 5.0, 5.0, 5.0, 5.0, 5.0, 5.0, 5.0, 5.0, 5.0, 5.0, 5.0, 5.0, 5.0, 5.0, 5.0, 5.0, 5.0, 5.0, 5.0, 5.0, 5.0, 5.0, 5.0, 5.0, 5.0, 5.0, 5.0, 5.0, 5.0, 5.0, 5.0, 5.0, 5.0, 5.0, 5.0, 5.0, 5.0, 5.0, 5.0, 5.0, 5.0]"
3.494089365005493,1.1061352491378784,-0.15876825153827667,0.02185050956904888,-0.33810436725616455,-0.7285645604133606,0.9971494078636169,-0.0028258967213332653,-0.07538802921772003,1.1728628873825073,-0.08867223560810089,"[5.0, 5.0, 5.0, 5.0, 5.0, 5.0, 5.0, 5.0, 5.0, 5.0, 5.0, 5.0, 5.0, 5.0, 5.0, 5.0, 5.0, 5.0, 5.0, 5.0, 5.0, 5.0, 5.0, 5.0, 5.0, 5.0, 5.0, 5.0, 5.0, 5.0, 5.0, 5.0, 5.0, 5.0, 5.0, 5.0, 5.0, 5.0, 5.0, 5.0, 5.0, 5.0, 5.0, 5.0, 5.0, 5.0, 5.0, 5.0, 5.0, 5.0, 5.0, 5.0, 5.0, 5.0, 5.0, 5.0, 5.0, 5.0, 5.0, 5.0]"
3.4820501804351807,1.1288176774978638,-0.23444703221321106,0.14890366792678833,-0.3283045291900635,-0.8071739673614502,0.9965056777000427,-0.007177278865128756,-0.08320507407188416,1.1021007299423218,-0.09201954305171967,"[5.0, 5.0, 5.0, 5.0, 5.0, 5.0, 5.0, 5.0, 5.0, 5.0, 5.0, 5.0, 5.0, 5.0, 5.0, 5.0, 5.0, 5.0, 5.0, 5.0, 5.0, 5.0, 5.0, 5.0, 5.0, 5.0, 5.0, 5.0, 5.0, 5.0, 5.0, 5.0, 5.0, 5.0, 5.0, 5.0, 5.0, 5.0, 5.0, 5.0, 5.0, 5.0, 5.0, 5.0, 5.0, 5.0, 5.0, 5.0, 5.0, 5.0, 5.0, 5.0, 5.0, 5.0, 5.0, 5.0, 5.0, 5.0, 5.0, 5.0]"
3.466221332550049,1.1570242643356323,-0.3073081374168396,0.3097103536128998,-0.30641835927963257,-0.9181855916976929,0.9958893060684204,-0.0120824184268713,-0.0897587314248085,1.0317775011062622,-0.09298646450042725,"[5.0, 5.0, 5.0, 5.0, 5.0, 5.0, 5.0, 5.0, 5.0, 5.0, 5.0, 5.0, 5.0, 5.0, 5.0, 5.0, 5.0, 5.0, 5.0, 5.0, 5.0, 5.0, 5.0, 5.0, 5.0, 5.0, 5.0, 5.0, 5.0, 5.0, 5.0, 5.0, 5.0, 5.0, 5.0, 5.0, 5.0, 5.0, 5.0, 5.0, 5.0, 5.0, 5.0, 5.0, 5.0, 5.0, 5.0, 5.0, 5.0, 5.0, 5.0, 5.0, 5.0, 5.0, 5.0, 5.0, 5.0, 5.0, 5.0, 5.0]"
3.445723295211792,1.1917845010757446,-0.3771868646144867,0.5054230093955994,-0.2906505763530731,-1.0651426315307617,0.9953351020812988,-0.017409516498446465,-0.09488317370414734,0.9620227813720703,-0.09169355779886246,"[5.0, 5.0, 5.0, 5.0, 5.0, 5.0, 5.0, 5.0, 5.0, 5.0, 5.0, 5.0, 5.0, 5.0, 5.0, 5.0, 5.0, 5.0, 5.0, 5.0, 5.0, 5.0, 5.0, 5.0, 5.0, 5.0, 5.0, 5.0, 5.0, 5.0, 5.0, 5.0, 5.0, 5.0, 5.0, 5.0, 5.0, 5.0, 5.0, 5.0, 5.0, 5.0, 5.0, 5.0, 5.0, 5.0, 5.0, 5.0, 5.0, 5.0, 5.0, 5.0, 5.0, 5.0, 5.0, 5.0, 5.0, 5.0, 5.0, 5.0]"
3.419224739074707,1.2338671684265137,-0.44758838415145874,0.7444324493408203,-0.30749279260635376,-1.250622272491455,0.9948370456695557,-0.02311103045940399,-0.09880740940570831,0.8929136395454407,-0.08866043388843536,"[5.0, 5.0, 5.0, 5.0, 5.0, 5.0, 5.0, 5.0, 5.0, 5.0, 5.0, 5.0, 5.0, 5.0, 5.0, 5.0, 5.0, 5.0, 5.0, 5.0, 5.0, 5.0, 5.0, 5.0, 5.0, 5.0, 5.0, 5.0, 5.0, 5.0, 5.0, 5.0, 5.0, 5.0, 5.0, 5.0, 5.0, 5.0, 5.0, 5.0, 5.0, 5.0, 5.0, 5.0, 5.0, 5.0, 5.0, 5.0, 5.0, 5.0, 5.0, 5.0, 5.0, 5.0, 5.0, 5.0, 5.0, 5.0, 5.0, 5.0]"
3.384884834289551,1.283669352531433,-0.5233403444290161,1.0301105976104736,-0.36782050132751465,-1.477528691291809,0.9943606853485107,-0.029408903792500496,-0.10187950730323792,0.8244737386703491,-0.08443642407655716,"[5.0, 5.0, 5.0, 5.0, 5.0, 5.0, 5.0, 5.0, 5.0, 5.0, 5.0, 5.0, 5.0, 5.0, 5.0, 5.0, 5.0, 5.0, 5.0, 5.0, 5.0, 5.0, 5.0, 5.0, 5.0, 5.0, 5.0, 5.0, 5.0, 5.0, 5.0, 5.0, 5.0, 5.0, 5.0, 5.0, 5.0, 5.0, 5.0, 5.0, 5.0, 5.0, 5.0, 5.0, 5.0, 5.0, 5.0, 5.0, 5.0, 5.0, 5.0, 5.0, 5.0, 5.0, 5.0, 5.0, 5.0, 5.0, 5.0, 5.0]"
3.3402626514434814,1.3410252332687378,-0.6087204217910767,1.3626492023468018,-0.47553178668022156,-1.7486939430236816,0.9938673377037048,-0.03640039637684822,-0.10440315306186676,0.7568438649177551,-0.07945118844509125,"[5.0, 5.0, 5.0, 5.0, 5.0, 5.0, 5.0, 5.0, 5.0, 5.0, 5.0, 5.0, 5.0, 5.0, 5.0, 5.0, 5.0, 5.0, 5.0, 5.0, 5.0, 5.0, 5.0, 5.0, 5.0, 5.0, 5.0, 5.0, 5.0, 5.0, 5.0, 5.0, 5.0, 5.0, 5.0, 5.0, 5.0, 5.0, 5.0, 5.0, 5.0, 5.0, 5.0, 5.0, 5.0, 5.0, 5.0, 5.0, 5.0, 5.0, 5.0, 5.0, 5.0, 5.0, 5.0, 5.0, 5.0, 5.0, 5.0, 5.0]"
3.282137870788574,1.4049562215805054,-0.707452654838562,1.7400898933410645,-0.639522910118103,-2.0662496089935303,0.9933041930198669,-0.044772226363420486,-0.10648595541715622,0.6901631951332092,-0.07391305267810822,"[5.0, 5.0, 5.0, 5.0, 5.0, 5.0, 5.0, 5.0, 5.0, 5.0, 5.0, 5.0, 5.0, 5.0, 5.0, 5.0, 5.0, 5.0, 5.0, 5.0, 5.0, 5.0, 5.0, 5.0, 5.0, 5.0, 5.0, 5.0, 5.0, 5.0, 5.0, 5.0, 5.0, 5.0, 5.0, 5.0, 5.0, 5.0, 5.0, 5.0, 5.0, 5.0, 5.0, 5.0, 5.0, 5.0, 5.0, 5.0, 5.0, 5.0, 5.0, 5.0, 5.0, 5.0, 5.0, 5.0, 5.0, 5.0, 5.0, 5.0]"
3.2063469886779785,1.4733362197875977,-0.8225311040878296,2.162623643875122,-0.8717966079711914,-2.4317524433135986,0.9926013350486755,-0.05518780276179314,-0.10813760757446289,0.6247227787971497,-0.06795462965965271,"[5.0, 5.0, 5.0, 5.0, 5.0, 5.0, 5.0, 5.0, 5.0, 5.0, 5.0, 5.0, 5.0, 5.0, 5.0, 5.0, 5.0, 5.0, 5.0, 5.0, 5.0, 5.0, 5.0, 5.0, 5.0, 5.0, 5.0, 5.0, 5.0, 5.0, 5.0, 5.0, 5.0, 5.0, 5.0, 5.0, 5.0, 5.0, 5.0, 5.0, 5.0, 5.0, 5.0, 5.0, 5.0, 5.0, 5.0, 5.0, 5.0, 5.0, 5.0, 5.0, 5.0, 5.0, 5.0, 5.0, 5.0, 5.0, 5.0, 5.0]"
3.1076536178588867,1.542391061782837,-0.9556652307510376,2.628711462020874,-1.1923094987869263,-2.843796491622925,0.9916280508041382,-0.0690479725599289,-0.10909873992204666,0.5609056353569031,-0.06156168133020401,"[5.0, 5.0, 5.0, 5.0, 5.0, 5.0, 5.0, 5.0, 5.0, 5.0, 5.0, 5.0, 5.0, 5.0, 5.0, 5.0, 5.0, 5.0, 5.0, 5.0, 5.0, 5.0, 5.0, 5.0, 5.0, 5.0, 5.0, 5.0, 5.0, 5.0, 5.0, 5.0, 5.0, 5.0, 5.0, 5.0, 5.0, 5.0, 5.0, 5.0, 5.0, 5.0, 5.0, 5.0, 5.0, 5.0, 5.0, 5.0, 5.0, 5.0, 5.0, 5.0, 5.0, 5.0, 5.0, 5.0, 5.0, 5.0, 5.0, 5.0]"
2.9796574115753174,1.6063488721847534,-1.1054728031158447,3.1154747009277344,-1.6340768337249756,-3.2912726402282715,0.9901173114776611,-0.08817394822835922,-0.10903667658567429,0.499271422624588,-0.05476553738117218,"[5.0, 5.0, 5.0, 5.0, 5.0, 5.0, 5.0, 5.0, 5.0, 5.0, 5.0, 5.0, 5.0, 5.0, 5.0, 5.0, 5.0, 5.0, 5.0, 5.0, 5.0, 5.0, 5.0, 5.0, 5.0, 5.0, 5.0, 5.0, 5.0, 5.0, 5.0, 5.0, 5.0, 5.0, 5.0, 5.0, 5.0, 5.0, 5.0, 5.0, 5.0, 5.0, 5.0, 5.0, 5.0, 5.0, 5.0, 5.0, 5.0, 5.0, 5.0, 5.0, 5.0, 5.0, 5.0, 5.0, 5.0, 5.0, 5.0, 5.0]"
2.815310478210449,1.6572771072387695,-1.2678494453430176,3.5606539249420166,-2.230408191680908,-3.7411417961120605,0.9875085353851318,-0.11531658470630646,-0.10735204815864563,0.44059380888938904,-0.04757368192076683,"[5.0, 5.0, 5.0, 5.0, 5.0, 5.0, 5.0, 5.0, 5.0, 5.0, 5.0, 5.0, 5.0, 5.0, 5.0, 5.0, 5.0, 5.0, 5.0, 5.0, 5.0, 5.0, 5.0, 5.0, 5.0, 5.0, 5.0, 5.0, 5.0, 5.0, 5.0, 5.0, 5.0, 5.0, 5.0, 5.0, 5.0, 5.0, 5.0, 5.0, 5.0, 5.0, 5.0, 5.0, 5.0, 5.0, 5.0, 5.0, 5.0, 5.0, 5.0, 5.0, 5.0, 5.0, 5.0, 5.0, 5.0, 5.0, 5.0, 5.0]"
2.61037278175354,1.6847854852676392,-1.4302432537078857,3.9657387733459473,-2.8959872722625732,-4.158199310302734,0.9828628301620483,-0.15409786999225616,-0.10114005953073502,0.3861340284347534,-0.039255015552043915,"[4.436363697052002, 4.621841907501221, 4.830671787261963, 5.0, 5.0, 5.0, 5.0, 5.0, 5.0, 5.0, 5.0, 5.0, 5.0, 5.0, 5.0, 5.0, 5.0, 5.0, 5.0, 5.0, 5.0, 5.0, 5.0, 5.0, 5.0, 5.0, 5.0, 5.0, 5.0, 5.0, 5.0, 5.0, 5.0, 5.0, 5.0, 5.0, 5.0, 5.0, 5.0, 5.0, 5.0, 5.0, 5.0, 5.0, 5.0, 5.0, 5.0, 5.0, 5.0, 5.0, 5.0, 5.0, 5.0, 5.0, 5.0, 5.0, 5.0, 5.0, 5.0, 5.0]"
2.353206157684326,1.66691255569458,-1.639016032218933,4.262184143066406,-4.1100687980651855,-4.307503700256348,0.9731997847557068,-0.21120938658714294,-0.09092213958501816,0.33684682846069336,-0.030754312872886658,"[3.655194044113159, 3.8018417358398438, 3.9661777019500732, 4.151125431060791, 4.360377788543701, 4.5985565185546875, 4.871524333953857, 5.0, 5.0, 5.0, 5.0, 5.0, 5.0, 5.0, 5.0, 5.0, 5.0, 5.0, 5.0, 5.0, 5.0, 5.0, 5.0, 5.0, 5.0, 5.0, 5.0, 5.0, 5.0, 5.0, 5.0, 5.0, 5.0, 5.0, 5.0, 5.0, 5.0, 5.0, 5.0, 5.0, 5.0, 5.0, 5.0, 5.0, 5.0, 5.0, 5.0, 5.0, 5.0, 5.0, 5.0, 5.0, 5.0, 5.0, 5.0, 5.0, 5.0, 5.0, 5.0, 5.0]"
2.0589163303375244,1.5778194665908813,-1.8252300024032593,4.124676704406738,-5.217528343200684,-3.7494068145751953,0.9524106383323669,-0.2967609465122223,-0.06957168877124786,0.29480212926864624,-0.0205597672611475,"[3.1846652030944824, 3.3141703605651855, 3.45912504196167, 3.6221072673797607, 3.806317090988159, 4.0157928466796875, 4.255650520324707, 4.532546520233154, 4.855235576629639, 5.0, 5.0, 5.0, 5.0, 5.0, 5.0, 5.0, 5.0, 5.0, 5.0, 5.0, 5.0, 5.0, 5.0, 5.0, 5.0, 5.0, 5.0, 5.0, 5.0, 5.0, 5.0, 5.0, 5.0, 5.0, 5.0, 5.0, 5.0, 5.0, 5.0, 5.0, 5.0, 5.0, 5.0, 5.0, 5.0, 5.0, 5.0, 5.0, 5.0, 5.0, 5.0, 5.0, 5.0, 5.0, 5.0, 5.0, 5.0, 5.0, 5.0, 5.0]"
1.7778024673461914,1.4241331815719604,-1.8658783435821533,3.475891590118408,-5.404163360595703,-2.6176962852478027,0.9111505150794983,-0.41145023703575134,-0.022488605231046677,0.26280486583709717,-0.005911632440984249,"[2.9256105422973633, 3.0505378246307373, 3.190584659576416, 3.3483872413635254, 3.5272057056427, 3.731156587600708, 3.9655508995056152, 4.237306594848633, 4.555640697479248, 4.933084011077881, 5.0, 5.0, 5.0, 5.0, 5.0, 5.0, 5.0, 5.0, 5.0, 5.0, 5.0, 5.0, 5.0, 5.0, 5.0, 5.0, 5.0, 5.0, 5.0, 5.0, 5.0, 5.0, 5.0, 5.0, 5.0, 5.0, 5.0, 5.0, 5.0, 5.0, 5.0, 5.0, 5.0, 5.0, 5.0, 5.0, 5.0, 5.0, 5.0, 5.0, 5.0, 5.0, 5.0, 5.0, 5.0, 5.0, 5.0, 5.0, 5.0, 5.0]"
1.5433132648468018,1.2342485189437866,-1.7786766290664673,2.5472495555877686,-5.090003490447998,-1.309362769126892,0.8399627804756165,-0.5401856303215027,0.051514700055122375,0.24140751361846924,0.012452621012926102,"[2.8309061527252197, 2.9617769718170166, 3.109175443649292, 3.2761406898498535, 3.4665277004241943, 3.6852610111236572, 3.9387879371643066, 4.235692024230957, 4.587618827819824, 5.0, 5.0, 5.0, 5.0, 5.0, 5.0, 5.0, 5.0, 5.0, 5.0, 5.0, 5.0, 5.0, 5.0, 5.0, 5.0, 5.0, 5.0, 5.0, 5.0, 5.0, 5.0, 5.0, 5.0, 5.0, 5.0, 5.0, 5.0, 5.0, 5.0, 5.0, 5.0, 5.0, 5.0, 5.0, 5.0, 5.0, 5.0, 5.0, 5.0, 5.0, 5.0, 5.0, 5.0, 5.0, 5.0, 5.0, 5.0, 5.0, 5.0, 5.0]"
1.36812162399292,1.0342895984649658,-1.580728530883789,1.3944135904312134,-4.473306655883789,0.02653205394744873,0.736647367477417,-0.6624177694320679,0.13617931306362152,0.22885160148143768,0.0314580462872982,"[2.901686191558838, 3.052741050720215, 3.224407434463501, 3.420905113220215, 3.647667407989502, 3.9118738174438477, 4.223206043243408, 4.594969272613525, 5.0, 5.0, 5.0, 5.0, 5.0, 5.0, 5.0, 5.0, 5.0, 5.0, 5.0, 5.0, 5.0, 5.0, 5.0, 5.0, 5.0, 5.0, 5.0, 5.0, 5.0, 5.0, 5.0, 5.0, 5.0, 5.0, 5.0, 5.0, 5.0, 5.0, 5.0, 5.0, 5.0, 5.0, 5.0, 5.0, 5.0, 5.0, 5.0, 5.0, 5.0, 5.0, 5.0, 5.0, 5.0, 5.0, 5.0, 5.0, 5.0, 5.0, 5.0, 5.0]"
1.244248628616333,0.8385758399963379,-1.319927453994751,0.1821349561214447,-3.799008369445801,1.215432047843933,0.6087316274642944,-0.7651742696762085,0.20963142812252045,0.22256864607334137,0.0477178655564785,"[3.1827895641326904, 3.3797101974487305, 3.6072702407836914, 3.872856855392456, 4.186423301696777, 4.561709880828857, 5.0, 5.0, 5.0, 5.0, 5.0, 5.0, 5.0, 5.0, 5.0, 5.0, 5.0, 5.0, 5.0, 5.0, 5.0, 5.0, 5.0, 5.0, 5.0, 5.0, 5.0, 5.0, 5.0, 5.0, 5.0, 5.0, 5.0, 5.0, 5.0, 5.0, 5.0, 5.0, 5.0, 5.0, 5.0, 5.0, 5.0, 5.0, 5.0, 5.0, 5.0, 5.0, 5.0, 5.0, 5.0, 5.0, 5.0, 5.0, 5.0, 5.0, 5.0, 5.0, 5.0, 5.0]"
1.151188611984253,0.6528364419937134,-1.050784945487976,-0.957353949546814,-3.205698013305664,2.0669281482696533,0.46806901693344116,-0.8451860547065735,0.25799837708473206,0.22027181088924408,0.0588214136660099,"[3.7908315658569336, 4.090475082397461, 4.447815418243408, 4.880702495574951, 5.0, 5.0, 5.0, 5.0, 5.0, 5.0, 5.0, 5.0, 5.0, 5.0, 5.0, 5.0, 5.0, 5.0, 5.0, 5.0, 5.0, 5.0, 5.0, 5.0, 5.0, 5.0, 5.0, 5.0, 5.0, 5.0, 5.0, 5.0, 5.0, 5.0, 5.0, 5.0, 5.0, 5.0, 5.0, 5.0, 5.0, 5.0, 5.0, 5.0, 5.0, 5.0, 5.0, 5.0, 5.0, 5.0, 5.0, 5.0, 5.0, 5.0, 5.0, 5.0, 5.0, 5.0, 5.0, 5.0]"
1.0677464008331299,0.48158347606658936,-0.8078882694244385,-2.1625425815582275,-2.796198844909668,2.56974458694458,0.3243313133716583,-0.9050124883651733,0.2752322852611542,0.2203025221824646,0.06307058036327362,"[5.0, 5.0, 5.0, 5.0, 5.0, 5.0, 5.0, 5.0, 5.0, 5.0, 5.0, 5.0, 5.0, 5.0, 5.0, 5.0, 5.0, 5.0, 5.0, 5.0, 5.0, 5.0, 5.0, 5.0, 5.0, 5.0, 5.0, 5.0, 5.0, 5.0, 5.0, 5.0, 5.0, 5.0, 5.0, 5.0, 5.0, 5.0, 5.0, 5.0, 5.0, 5.0, 5.0, 5.0, 5.0, 5.0, 5.0, 5.0, 5.0, 5.0, 5.0, 5.0, 5.0, 5.0, 5.0, 5.0, 5.0, 5.0, 5.0, 5.0]"
0.9799948334693909,0.31983065605163574,-0.6227068901062012,-2.8715474605560303,-2.507887125015259,2.8354651927948,0.18228189647197723,-0.9459474682807922,0.26823118329048157,0.2215214967727661,0.061679523438215256,"[5.0, 5.0, 5.0, 5.0, 5.0, 5.0, 5.0, 5.0, 5.0, 5.0, 5.0, 5.0, 5.0, 5.0, 5.0, 5.0, 5.0, 5.0, 5.0, 5.0, 5.0, 5.0, 5.0, 5.0, 5.0, 5.0, 5.0, 5.0, 5.0, 5.0, 5.0, 5.0, 5.0, 5.0, 5.0, 5.0, 5.0, 5.0, 5.0, 5.0, 5.0, 5.0, 5.0, 5.0, 5.0, 5.0, 5.0, 5.0, 5.0, 5.0, 5.0, 5.0, 5.0, 5.0, 5.0, 5.0, 5.0, 5.0, 5.0, 5.0]"
0.8786443471908569,0.1682468205690384,-0.5239477157592773,-3.4732677936553955,-2.405334234237671,3.1706652641296387,0.041504789143800735,-0.9684526920318604,0.24569910764694214,0.22283494472503662,0.056481994688510895,"[5.0, 5.0, 5.0, 5.0, 5.0, 5.0, 5.0, 5.0, 5.0, 5.0, 5.0, 5.0, 5.0, 5.0, 5.0, 5.0, 5.0, 5.0, 5.0, 5.0, 5.0, 5.0, 5.0, 5.0, 5.0, 5.0, 5.0, 5.0, 5.0, 5.0, 5.0, 5.0, 5.0, 5.0, 5.0, 5.0, 5.0, 5.0, 5.0, 5.0, 5.0, 5.0, 5.0, 5.0, 5.0, 5.0, 5.0, 5.0, 5.0, 5.0, 5.0, 5.0, 5.0, 5.0, 5.0, 5.0, 5.0, 5.0, 5.0, 5.0]"
0.76010662317276,0.03158065676689148,-0.4814857244491577,-3.908082962036133,-2.2516849040985107,3.5637011528015137,-0.09915920346975327,-0.9713446497917175,0.21598221361637115,0.22339783608913422,0.049416542053222656,"[5.0, 5.0, 5.0, 5.0, 5.0, 5.0, 5.0, 5.0, 5.0, 5.0, 5.0, 5.0, 5.0, 5.0, 5.0, 5.0, 5.0, 5.0, 5.0, 5.0, 5.0, 5.0, 5.0, 5.0, 5.0, 5.0, 5.0, 5.0, 5.0, 5.0, 5.0, 5.0, 5.0, 5.0, 5.0, 5.0, 5.0, 5.0, 5.0, 5.0, 5.0, 5.0, 5.0, 5.0, 5.0, 5.0, 5.0, 5.0, 5.0, 5.0, 5.0, 5.0, 5.0, 5.0, 5.0, 5.0, 5.0, 5.0, 5.0, 5.0]"
0.6237126588821411,-0.08363644778728485,-0.4609066843986511,-4.248509407043457,-1.9743379354476929,3.997898817062378,-0.238790363073349,-0.9534370303153992,0.1841961294412613,0.22282782196998596,0.04175871983170509,"[5.0, 5.0, 5.0, 5.0, 5.0, 5.0, 5.0, 5.0, 5.0, 5.0, 5.0, 5.0, 5.0, 5.0, 5.0, 5.0, 5.0, 5.0, 5.0, 5.0, 5.0, 5.0, 5.0, 5.0, 5.0, 5.0, 5.0, 5.0, 5.0, 5.0, 5.0, 5.0, 5.0, 5.0, 5.0, 5.0, 5.0, 5.0, 5.0, 5.0, 5.0, 5.0, 5.0, 5.0, 5.0, 5.0, 5.0, 5.0, 5.0, 5.0, 5.0, 5.0, 5.0, 5.0, 5.0, 5.0, 5.0, 5.0, 5.0, 5.0]"
0.4711836874485016,-0.1718321591615677,-0.4419604241847992,-4.408544063568115,-1.5841147899627686,4.432151794433594,-0.374931275844574,-0.9142165780067444,0.1537061482667923,0.22091343998908997,0.03436427563428879,"[5.0, 5.0, 5.0, 5.0, 5.0, 5.0, 5.0, 5.0, 5.0, 5.0, 5.0, 5.0, 5.0, 5.0, 5.0, 5.0, 5.0, 5.0, 5.0, 5.0, 5.0, 5.0, 5.0, 5.0, 5.0, 5.0, 5.0, 5.0, 5.0, 5.0, 5.0, 5.0, 5.0, 5.0, 5.0, 5.0, 5.0, 5.0, 5.0, 5.0, 5.0, 5.0, 5.0, 5.0, 5.0, 5.0, 5.0, 5.0, 5.0, 5.0, 5.0, 5.0, 5.0, 5.0, 5.0, 5.0, 5.0, 5.0, 5.0, 5.0]"
0.30667799711227417,-0.22913232445716858,-0.41084134578704834,-4.296933650970459,-1.0915809869766235,4.821750164031982,-0.5033820867538452,-0.8546543121337891,0.12713538110256195,0.21765866875648499,0.02789863385260105,"[5.0, 5.0, 5.0, 5.0, 5.0, 5.0, 5.0, 5.0, 5.0, 5.0, 5.0, 5.0, 5.0, 5.0, 5.0, 5.0, 5.0, 5.0, 5.0, 5.0, 5.0, 5.0, 5.0, 5.0, 5.0, 5.0, 5.0, 5.0, 5.0, 5.0, 5.0, 5.0, 5.0, 5.0, 5.0, 5.0, 5.0, 5.0, 5.0, 5.0, 5.0, 5.0, 5.0, 5.0, 5.0, 5.0, 5.0, 5.0, 5.0, 5.0, 5.0, 5.0, 5.0, 5.0, 5.0, 5.0, 5.0, 5.0, 5.0, 5.0]"
0.13633698225021362,-0.2539999783039093,-0.357597678899765,-3.8312582969665527,-0.5083358287811279,5.118536949157715,-0.6192099452018738,-0.7780212163925171,0.10607866197824478,0.2131049931049347,0.022734271362423897,"[5.0, 5.0, 5.0, 5.0, 5.0, 5.0, 5.0, 5.0, 5.0, 5.0, 5.0, 5.0, 5.0, 5.0, 5.0, 5.0, 5.0, 5.0, 5.0, 5.0, 5.0, 5.0, 5.0, 5.0, 5.0, 5.0, 5.0, 5.0, 5.0, 5.0, 5.0, 5.0, 5.0, 5.0, 5.0, 5.0, 5.0, 5.0, 5.0, 5.0, 5.0, 5.0, 5.0, 5.0, 5.0, 5.0, 5.0, 5.0, 5.0, 5.0, 5.0, 5.0, 5.0, 5.0, 5.0, 5.0, 5.0, 5.0, 5.0, 5.0]"
-0.03328298032283783,-0.2470109462738037,-0.2815397083759308,-2.9334850311279297,0.09947007894515991,5.253852367401123,-0.7169771790504456,-0.6911219954490662,0.09101904928684235,0.20738619565963745,0.018954865634441376,"[5.0, 5.0, 5.0, 5.0, 5.0, 5.0, 5.0, 5.0, 5.0, 5.0, 5.0, 5.0, 5.0, 5.0, 5.0, 5.0, 5.0, 5.0, 5.0, 5.0, 5.0, 5.0, 5.0, 5.0, 5.0, 5.0, 5.0, 5.0, 5.0, 5.0, 5.0, 5.0, 5.0, 5.0, 5.0, 5.0, 5.0, 5.0, 5.0, 5.0, 5.0, 5.0, 5.0, 5.0, 5.0, 5.0, 5.0, 5.0, 5.0, 5.0, 5.0, 5.0, 5.0, 5.0, 5.0, 5.0, 5.0, 5.0, 5.0, 5.0]"
-0.19707126915454865,-0.20979198813438416,-0.19647791981697083,-1.6046509742736816,0.5365166664123535,5.143075942993164,-0.7926704287528992,-0.6039140224456787,0.08337615430355072,0.20060616731643677,0.016784293577075005,"[5.0, 5.0, 5.0, 5.0, 5.0, 5.0, 5.0, 5.0, 5.0, 5.0, 5.0, 5.0, 5.0, 5.0, 5.0, 5.0, 5.0, 5.0, 5.0, 5.0, 5.0, 5.0, 5.0, 5.0, 5.0, 5.0, 5.0, 5.0, 5.0, 5.0, 5.0, 5.0, 5.0, 5.0, 5.0, 5.0, 5.0, 5.0, 5.0, 5.0, 5.0, 5.0, 5.0, 5.0, 5.0, 5.0, 5.0, 5.0, 5.0, 5.0, 5.0, 5.0, 5.0, 5.0, 5.0, 5.0, 5.0, 5.0, 5.0, 5.0]"
-0.35156866908073425,-0.14585386216640472,-0.12502148747444153,0.0685189962387085,0.5893099308013916,4.722254753112793,-0.8443509936332703,-0.5285469889640808,0.08774510771036148,0.19296424090862274,0.016997314989566803,"[5.0, 5.0, 5.0, 5.0, 5.0, 5.0, 5.0, 5.0, 5.0, 5.0, 5.0, 5.0, 5.0, 5.0, 5.0, 5.0, 5.0, 5.0, 5.0, 5.0, 5.0, 5.0, 5.0, 5.0, 5.0, 5.0, 5.0, 5.0, 5.0, 5.0, 5.0, 5.0, 5.0, 5.0, 5.0, 5.0, 5.0, 5.0, 5.0, 5.0, 5.0, 5.0, 5.0, 5.0, 5.0, 5.0, 5.0, 5.0, 5.0, 5.0, 5.0, 5.0, 5.0, 5.0, 5.0, 5.0, 5.0, 5.0, 5.0, 5.0]"
-0.4953545928001404,-0.06236724928021431,-0.084212526679039,1.8055384159088135,0.17642426490783691,4.049242973327637,-0.8723097443580627,-0.47622907161712646,0.1107737123966217,0.1847505420446396,0.020592348650097847,"[5.0, 5.0, 5.0, 5.0, 5.0, 5.0, 5.0, 5.0, 5.0, 5.0, 5.0, 5.0, 5.0, 5.0, 5.0, 5.0, 5.0, 5.0, 5.0, 5.0, 5.0, 5.0, 5.0, 5.0, 5.0, 5.0, 5.0, 5.0, 5.0, 5.0, 5.0, 5.0, 5.0, 5.0, 5.0, 5.0, 5.0, 5.0, 5.0, 5.0, 5.0, 5.0, 5.0, 5.0, 5.0, 5.0, 5.0, 5.0, 5.0, 5.0, 5.0, 5.0, 5.0, 5.0, 5.0, 5.0, 5.0, 5.0, 5.0, 5.0]"
-0.6298050284385681,0.03274879232048988,-0.06470513343811035,2.8636107444763184,-0.5774697065353394,3.3269400596618652,-0.8794991374015808,-0.449897825717926,0.15511922538280487,0.1758190095424652,0.027607230469584465,"[5.0, 5.0, 5.0, 5.0, 5.0, 5.0, 5.0, 5.0, 5.0, 5.0, 5.0, 5.0, 5.0, 5.0, 5.0, 5.0, 5.0, 5.0, 5.0, 5.0, 5.0, 5.0, 5.0, 5.0, 5.0, 5.0, 5.0, 5.0, 5.0, 5.0, 5.0, 5.0, 5.0, 5.0, 5.0, 5.0, 5.0, 5.0, 5.0, 5.0, 5.0, 5.0, 5.0, 5.0, 5.0, 5.0, 5.0, 5.0, 5.0, 5.0, 5.0, 5.0, 5.0, 5.0, 5.0, 5.0, 5.0, 5.0, 5.0, 5.0]"
-0.7560244798660278,0.13336718082427979,-0.03835398331284523,3.008249521255493,-1.1143484115600586,2.8097009658813477,-0.8691351413726807,-0.4463996887207031,0.21288441121578217,0.1656961739063263,0.03610190004110336,"[5.0, 5.0, 5.0, 5.0, 5.0, 5.0, 5.0, 5.0, 5.0, 5.0, 5.0, 5.0, 5.0, 5.0, 5.0, 5.0, 5.0, 5.0, 5.0, 5.0, 5.0, 5.0, 5.0, 5.0, 5.0, 5.0, 5.0, 5.0, 5.0, 5.0, 5.0, 5.0, 5.0, 5.0, 5.0, 5.0, 5.0, 5.0, 5.0, 5.0, 5.0, 5.0, 5.0, 5.0, 5.0, 5.0, 5.0, 5.0, 5.0, 5.0, 5.0, 5.0, 5.0, 5.0, 5.0, 5.0, 5.0, 5.0, 5.0, 5.0]"
-0.8748437762260437,0.23737986385822296,0.023945201188325882,2.824676990509033,-1.22880220413208,2.499664306640625,-0.8427269458770752,-0.4645214080810547,0.27206385135650635,0.15426762402057648,0.0436161607503891,"[5.0, 5.0, 5.0, 5.0, 5.0, 5.0, 5.0, 5.0, 5.0, 5.0, 5.0, 5.0, 5.0, 5.0, 5.0, 5.0, 5.0, 5.0, 5.0, 5.0, 5.0, 5.0, 5.0, 5.0, 5.0, 5.0, 5.0, 5.0, 5.0, 5.0, 5.0, 5.0, 5.0, 5.0, 5.0, 5.0, 5.0, 5.0, 5.0, 5.0, 5.0, 5.0, 5.0, 5.0, 5.0, 5.0, 5.0, 5.0, 5.0, 5.0, 5.0, 5.0, 5.0, 5.0, 5.0, 5.0, 5.0, 5.0, 5.0, 5.0]"
-0.9866151213645935,0.3458198606967926,0.12143995612859726,2.7169156074523926,-0.9087653756141663,2.3294320106506348,-0.7993953824043274,-0.5073452591896057,0.3217988610267639,0.14206093549728394,0.048283688724040985,"[5.0, 5.0, 5.0, 5.0, 5.0, 5.0, 5.0, 5.0, 5.0, 5.0, 5.0, 5.0, 5.0, 5.0, 5.0, 5.0, 5.0, 5.0, 5.0, 5.0, 5.0, 5.0, 5.0, 5.0, 5.0, 5.0, 5.0, 5.0, 5.0, 5.0, 5.0, 5.0, 5.0, 5.0, 5.0, 5.0, 5.0, 5.0, 5.0, 5.0, 5.0, 5.0, 5.0, 5.0, 5.0, 5.0, 5.0, 5.0, 5.0, 5.0, 5.0, 5.0, 5.0, 5.0, 5.0, 5.0, 5.0, 5.0, 5.0, 5.0]"
-1.09320068359375,0.4600237011909485,0.23087939620018005,2.923107862472534,-0.25724154710769653,2.1967663764953613,-0.7326820492744446,-0.5804954171180725,0.3552292585372925,0.13040389120578766,0.04955571889877319,"[5.0, 5.0, 5.0, 5.0, 5.0, 5.0, 5.0, 5.0, 5.0, 5.0, 5.0, 5.0, 5.0, 5.0, 5.0, 5.0, 5.0, 5.0, 5.0, 5.0, 5.0, 5.0, 5.0, 5.0, 5.0, 5.0, 5.0, 5.0, 5.0, 5.0, 5.0, 5.0, 5.0, 5.0, 5.0, 5.0, 5.0, 5.0, 5.0, 5.0, 5.0, 5.0, 5.0, 5.0, 5.0, 5.0, 5.0, 5.0, 5.0, 5.0, 5.0, 5.0, 5.0, 5.0, 5.0, 5.0, 5.0, 5.0, 5.0, 5.0]"
-1.19880211353302,0.57956463098526,0.3237113356590271,3.505547285079956,0.6734510064125061,1.9466142654418945,-0.6267259120941162,-0.6861446499824524,0.3693303167819977,0.12140195816755295,0.04824912175536156,"[5.0, 5.0, 5.0, 5.0, 5.0, 5.0, 5.0, 5.0, 5.0, 5.0, 5.0, 5.0, 5.0, 5.0, 5.0, 5.0, 5.0, 5.0, 5.0, 5.0, 5.0, 5.0, 5.0, 5.0, 5.0, 5.0, 5.0, 5.0, 5.0, 5.0, 5.0, 5.0, 5.0, 5.0, 5.0, 5.0, 5.0, 5.0, 5.0, 5.0, 5.0, 5.0, 5.0, 5.0, 5.0, 5.0, 5.0, 5.0, 5.0, 5.0, 5.0, 5.0, 5.0, 5.0, 5.0, 5.0, 5.0, 5.0, 5.0, 5.0]"
-1.3097069263458252,0.6966257691383362,0.35724398493766785,4.370368480682373,1.6606202125549316,1.3918660879135132,-0.45942145586013794,-0.8080022931098938,0.3688473701477051,0.11815815418958664,0.04688885807991028,"[5.0, 5.0, 5.0, 5.0, 5.0, 5.0, 5.0, 5.0, 5.0, 5.0, 5.0, 5.0, 5.0, 5.0, 5.0, 5.0, 5.0, 5.0, 5.0, 5.0, 5.0, 5.0, 5.0, 5.0, 5.0, 5.0, 5.0, 5.0, 5.0, 5.0, 5.0, 5.0, 5.0, 5.0, 5.0, 5.0, 5.0, 5.0, 5.0, 5.0, 5.0, 5.0, 5.0, 5.0, 5.0, 5.0, 5.0, 5.0, 5.0, 5.0, 5.0, 5.0, 5.0, 5.0, 5.0, 5.0, 5.0, 5.0, 5.0, 5.0]"
-1.4306257963180542,0.7910075187683105,0.3059757947921753,5.278750896453857,2.802307605743408,0.46204474568367004,-0.23069649934768677,-0.9008587002754211,0.36771953105926514,0.12371601164340973,0.04892073571681976,"[5.0, 5.0, 5.0, 5.0, 5.0, 5.0, 5.0, 5.0, 5.0, 5.0, 5.0, 5.0, 5.0, 5.0, 5.0, 5.0, 5.0, 5.0, 5.0, 5.0, 5.0, 5.0, 5.0, 5.0, 5.0, 5.0, 5.0, 5.0, 5.0, 5.0, 5.0, 5.0, 5.0, 5.0, 5.0, 5.0, 5.0, 5.0, 5.0, 5.0, 5.0, 5.0, 5.0, 5.0, 5.0, 5.0, 5.0, 5.0, 5.0, 5.0, 5.0, 5.0, 5.0, 5.0, 5.0, 5.0, 5.0, 5.0, 5.0, 5.0]"
-1.5646556615829468,0.8325052857398987,0.20313295722007751,5.8280558586120605,3.8146166801452637,-0.9112199544906616,0.01837400160729885,-0.9240937829017639,0.3817063868045807,0.13878487050533295,0.05731517821550369,"[5.0, 5.0, 5.0, 5.0, 5.0, 5.0, 5.0, 5.0, 5.0, 5.0, 5.0, 5.0, 5.0, 5.0, 5.0, 5.0, 5.0, 5.0, 5.0, 5.0, 5.0, 5.0, 5.0, 5.0, 5.0, 5.0, 5.0, 5.0, 5.0, 5.0, 5.0, 5.0, 5.0, 5.0, 5.0, 5.0, 5.0, 5.0, 5.0, 5.0, 5.0, 5.0, 5.0, 5.0, 5.0, 5.0, 5.0, 5.0, 5.0, 5.0, 5.0, 5.0, 5.0, 5.0, 5.0, 5.0, 5.0, 5.0, 5.0, 5.0]"
-1.707868218421936,0.7982421517372131,0.12866713106632233,5.456571578979492,4.592105388641357,-2.3375396728515625,0.24215474724769592,-0.8802875876426697,0.40797489881515503,0.16093631088733673,0.07191556692123413,"[5.0, 5.0, 5.0, 5.0, 5.0, 5.0, 5.0, 5.0, 5.0, 5.0, 5.0, 5.0, 5.0, 5.0, 5.0, 5.0, 5.0, 5.0, 5.0, 5.0, 5.0, 5.0, 5.0, 5.0, 5.0, 5.0, 5.0, 5.0, 5.0, 5.0, 5.0, 5.0, 5.0, 5.0, 5.0, 5.0, 5.0, 5.0, 5.0, 5.0, 5.0, 5.0, 5.0, 5.0, 5.0, 5.0, 5.0, 5.0, 5.0, 5.0, 5.0, 5.0, 5.0, 5.0, 5.0, 5.0, 5.0, 5.0, 5.0, 5.0]"
-1.8493000268936157,0.6819104552268982,0.10871194303035736,5.062150478363037,5.103678226470947,-3.558018207550049,0.4244425594806671,-0.7904868721961975,0.44155341386795044,0.18687193095684052,0.09196524322032928,"[5.0, 5.0, 5.0, 5.0, 5.0, 5.0, 5.0, 5.0, 5.0, 5.0, 5.0, 5.0, 5.0, 5.0, 5.0, 5.0, 5.0, 5.0, 5.0, 5.0, 5.0, 5.0, 5.0, 5.0, 5.0, 5.0, 5.0, 5.0, 5.0, 5.0, 5.0, 5.0, 5.0, 5.0, 5.0, 5.0, 5.0, 5.0, 5.0, 5.0, 5.0, 5.0, 5.0, 5.0, 5.0, 5.0, 5.0, 5.0, 5.0, 5.0, 5.0, 5.0, 5.0, 5.0, 5.0, 5.0, 5.0, 5.0, 5.0, 5.0]"
-1.9745979309082031,0.4860634505748749,0.12293770909309387,4.946087837219238,5.032776355743408,-4.690266132354736,0.5689757466316223,-0.6681860089302063,0.479359894990921,0.2137109488248825,0.11673068255186081,"[5.0, 5.0, 5.0, 5.0, 5.0, 5.0, 5.0, 5.0, 5.0, 5.0, 5.0, 5.0, 5.0, 5.0, 5.0, 5.0, 5.0, 5.0, 5.0, 5.0, 5.0, 5.0, 5.0, 5.0, 5.0, 5.0, 5.0, 5.0, 5.0, 5.0, 5.0, 5.0, 5.0, 5.0, 5.0, 5.0, 5.0, 5.0, 5.0, 5.0, 5.0, 5.0, 5.0, 5.0, 5.0, 5.0, 5.0, 5.0, 5.0, 5.0, 5.0, 5.0, 5.0, 5.0, 5.0, 5.0, 5.0, 5.0, 5.0, 5.0]"
-2.064068555831909,0.22698275744915009,0.18176986277103424,4.525393486022949,4.65343713760376,-5.351369380950928,0.6802480816841125,-0.5251041054725647,0.5113910436630249,0.24020126461982727,0.14294251799583435,"[5.0, 5.0, 5.0, 5.0, 5.0, 5.0, 5.0, 5.0, 5.0, 5.0, 5.0, 5.0, 5.0, 5.0, 5.0, 5.0, 5.0, 5.0, 5.0, 5.0, 5.0, 5.0, 5.0, 5.0, 5.0, 5.0, 5.0, 5.0, 5.0, 5.0, 5.0, 5.0, 5.0, 5.0, 5.0, 5.0, 5.0, 5.0, 5.0, 5.0, 5.0, 5.0, 5.0, 5.0, 5.0, 5.0, 5.0, 5.0, 5.0, 5.0, 5.0, 5.0, 5.0, 5.0, 5.0, 5.0, 5.0, 5.0, 5.0, 5.0]"
-2.105151414871216,-0.06221887841820717,0.2896754741668701,3.5899569988250732,4.275253772735596,-5.324282169342041,0.7606488466262817,-0.37631019949913025,0.5289587378501892,0.2668667137622833,0.1663377583026886,"[3.986842393875122, 4.130801200866699, 4.291970729827881, 4.473055839538574, 4.677402973175049, 4.909155368804932, 5.0, 5.0, 5.0, 5.0, 5.0, 5.0, 5.0, 5.0, 5.0, 5.0, 5.0, 5.0, 5.0, 5.0, 5.0, 5.0, 5.0, 5.0, 5.0, 5.0, 5.0, 5.0, 5.0, 5.0, 5.0, 5.0, 5.0, 5.0, 5.0, 5.0, 5.0, 5.0, 5.0, 5.0, 5.0, 5.0, 5.0, 5.0, 5.0, 5.0, 5.0, 5.0, 5.0, 5.0, 5.0, 5.0, 5.0, 5.0, 5.0, 5.0, 5.0, 5.0, 5.0, 5.0]"
-2.1018638610839844,-0.33544009923934937,0.3919447660446167,1.280860424041748,4.054158687591553,-4.0874762535095215,0.8111529350280762,-0.24935144186019897,0.5290075540542603,0.2950409948825836,0.18392221629619598,"[2.896183967590332, 2.9520392417907715, 3.0139412879943848, 3.0824685096740723, 3.1582932472229004, 3.242217779159546, 3.3351759910583496, 3.4382612705230713, 3.5527942180633545, 3.680351972579956, 3.822817087173462, 3.9825093746185303, 4.162250995635986, 4.365560054779053, 4.5968546867370605, 4.861746788024902, 5.0, 5.0, 5.0, 5.0, 5.0, 5.0, 5.0, 5.0, 5.0, 5.0, 5.0, 5.0, 5.0, 5.0, 5.0, 5.0, 5.0, 5.0, 5.0, 5.0, 5.0, 5.0, 5.0, 5.0, 5.0, 5.0, 5.0, 5.0, 5.0, 5.0, 5.0, 5.0, 5.0, 5.0, 5.0, 5.0, 5.0, 5.0, 5.0, 5.0, 5.0, 5.0, 5.0, 5.0]"
-2.074160099029541,-0.5613240003585815,0.4305334985256195,-1.5460103750228882,3.5892136096954346,-2.2560665607452393,0.8403784036636353,-0.16497421264648438,0.5162773728370667,0.325179785490036,0.1960291713476181,"[2.627589702606201, 2.6557059288024902, 2.687683343887329, 2.7237720489501953, 2.764225482940674, 2.809375762939453, 2.8595807552337646, 2.9152753353118896, 2.97694730758667, 3.0451772212982178, 3.1206345558166504, 3.204115152359009, 3.296536922454834, 3.399000406265259, 3.5128092765808105, 3.6395270824432373, 3.7810311317443848, 3.939614772796631, 4.118088722229004, 4.319948673248291, 4.5495734214782715, 4.812536239624023, 5.0, 5.0, 5.0, 5.0, 5.0, 5.0, 5.0, 5.0, 5.0, 5.0, 5.0, 5.0, 5.0, 5.0, 5.0, 5.0, 5.0, 5.0, 5.0, 5.0, 5.0, 5.0, 5.0, 5.0, 5.0, 5.0, 5.0, 5.0, 5.0, 5.0, 5.0, 5.0, 5.0, 5.0, 5.0, 5.0, 5.0, 5.0]"
-2.0381290912628174,-0.7330540418624878,0.41772109270095825,-3.384387969970703,3.282715320587158,-0.7739335298538208,0.8571337461471558,-0.11884710937738419,0.5011907815933228,0.35606619715690613,0.20622915029525757,"[2.6674439907073975, 2.678239583969116, 2.6923558712005615, 2.7098944187164307, 2.7309749126434326, 2.755739450454712, 2.7843518257141113, 2.817028284072876, 2.8540074825286865, 2.895573616027832, 2.9420430660247803, 2.993806838989258, 3.051298141479492, 3.1150383949279785, 3.1856157779693604, 3.2637364864349365, 3.3502089977264404, 3.4460086822509766, 3.552257776260376, 3.6703238487243652, 3.8018157482147217, 3.9486892223358154, 4.113329887390137, 4.29865026473999, 4.508272647857666, 4.746745586395264, 5.0, 5.0, 5.0, 5.0, 5.0, 5.0, 5.0, 5.0, 5.0, 5.0, 5.0, 5.0, 5.0, 5.0, 5.0, 5.0, 5.0, 5.0, 5.0, 5.0, 5.0, 5.0, 5.0, 5.0, 5.0, 5.0, 5.0, 5.0, 5.0, 5.0, 5.0, 5.0, 5.0, 5.0]"
-1.9997234344482422,-0.8515512347221375,0.34999048709869385,-4.305019855499268,2.6467196941375732,0.2786251902580261,0.8687260150909424,-0.09912177175283432,0.48526841402053833,0.38754528760910034,0.21508637070655823,"[2.8898870944976807, 2.883324384689331, 2.8803200721740723, 2.880850076675415, 2.8849151134490967, 2.892540693283081, 2.903791666030884, 2.9187276363372803, 2.937445878982544, 2.9600985050201416, 2.986820697784424, 3.017817974090576, 3.05330753326416, 3.0935661792755127, 3.1389060020446777, 3.1896867752075195, 3.246337652206421, 3.309361219406128, 3.3793256282806396, 3.4569127559661865, 3.542907476425171, 3.638240098953247, 3.74399995803833, 3.8614864349365234, 3.9922471046447754, 4.138136386871338, 4.301408290863037, 4.484799861907959, 4.691704273223877, 4.926335334777832, 5.0, 5.0, 5.0, 5.0, 5.0, 5.0, 5.0, 5.0, 5.0, 5.0, 5.0, 5.0, 5.0, 5.0, 5.0, 5.0, 5.0, 5.0, 5.0, 5.0, 5.0, 5.0, 5.0, 5.0, 5.0, 5.0, 5.0, 5.0, 5.0, 5.0]"
-1.9613834619522095,-0.9176381826400757,0.2660406231880188,-4.932572841644287,1.9019945859909058,1.1521270275115967,0.879311203956604,-0.09965328127145767,0.4657003879547119,0.42005300521850586,0.22105322778224945,"[3.3107433319091797, 3.2805325984954834, 3.2550084590911865, 3.2339704036712646, 3.217285633087158, 3.204829692840576, 3.1965091228485107, 3.1922802925109863, 3.1920974254608154, 3.1959750652313232, 3.2039334774017334, 3.2160234451293945, 3.232330560684204, 3.2529749870300293, 3.2780978679656982, 3.3078808784484863, 3.3425517082214355, 3.3823697566986084, 3.4276459217071533, 3.478742837905884, 3.536100387573242, 3.600207805633545, 3.6716554164886475, 3.7511229515075684, 3.8394079208374023, 3.937451124191284, 4.046358585357666, 4.167437553405762, 4.302247524261475, 4.4526567459106445, 4.620920181274414, 4.809787273406982, 5.0, 5.0, 5.0, 5.0, 5.0, 5.0, 5.0, 5.0, 5.0, 5.0, 5.0, 5.0, 5.0, 5.0, 5.0, 5.0, 5.0, 5.0, 5.0, 5.0, 5.0, 5.0, 5.0, 5.0, 5.0, 5.0, 5.0, 5.0]"
-1.927554965019226,-0.9322679042816162,0.1873476505279541,-5.130809783935547,1.1747275590896606,1.972383975982666,0.8900941610336304,-0.11702687293291092,0.44049176573753357,0.4538055956363678,0.22266405820846558,"[3.994861364364624, 3.925583839416504, 3.8638768196105957, 3.8091843128204346, 3.7610435485839844, 3.719052314758301, 3.6828701496124268, 3.6522183418273926, 3.6268553733825684, 3.6066014766693115, 3.5913052558898926, 3.5808491706848145, 3.575162649154663, 3.574204206466675, 3.577970027923584, 3.5864815711975098, 3.5998055934906006, 3.6180315017700195, 3.64129900932312, 3.669779062271118, 3.703683614730835, 3.743283748626709, 3.7888870239257812, 3.840866804122925, 3.8996644020080566, 3.9657976627349854, 4.0398664474487305, 4.122587203979492, 4.21478796005249, 4.317445278167725, 4.431707382202148, 4.558945178985596, 4.700778007507324, 4.859150409698486, 5.0, 5.0, 5.0, 5.0, 5.0, 5.0, 5.0, 5.0, 5.0, 5.0, 5.0, 5.0, 5.0, 5.0, 5.0, 5.0, 5.0, 5.0, 5.0, 5.0, 5.0, 5.0, 5.0, 5.0, 5.0, 5.0]"
-1.9019834995269775,-0.8946584463119507,0.11875797063112259,-5.050093173980713,0.624855637550354,2.8499438762664795,0.8997063636779785,-0.15026192367076874,0.4098120927810669,0.48852676153182983,0.2194817215204239,"[5.0, 4.901477813720703, 4.775556564331055, 4.662693023681641, 4.561589241027832, 4.471146583557129, 4.390424728393555, 4.318641185760498, 4.255110740661621, 4.199265003204346, 4.15061616897583, 4.108758926391602, 4.0733418464660645, 4.044090747833252, 4.020768642425537, 4.003203868865967, 3.9912562370300293, 3.9848380088806152, 3.9839046001434326, 3.988445997238159, 3.998495101928711, 4.014132022857666, 4.035470008850098, 4.062671184539795, 4.095957279205322, 4.135582447052002, 4.181869983673096, 4.2352070808410645, 4.296049118041992, 4.364945411682129, 4.442536354064941, 4.5295586585998535, 4.62691068649292, 4.7356181144714355, 4.856923580169678, 4.9922709465026855, 5.0, 5.0, 5.0, 5.0, 5.0, 5.0, 5.0, 5.0, 5.0, 5.0, 5.0, 5.0, 5.0, 5.0, 5.0, 5.0, 5.0, 5.0, 5.0, 5.0, 5.0, 5.0, 5.0, 5.0]"
-1.883725643157959,-0.805861234664917,0.05686027556657791,-4.6611409187316895,0.506148099899292,3.740042209625244,0.9041067361831665,-0.19857683777809143,0.378357857465744,0.5231145620346069,0.2138204723596573,"[5.0, 5.0, 5.0, 5.0, 5.0, 5.0, 5.0, 5.0, 4.979249000549316, 4.873430252075195, 4.778988361358643, 4.6949462890625, 4.620462417602539, 4.554828643798828, 4.4974493980407715, 4.447818756103516, 4.405506134033203, 4.370161533355713, 4.341499328613281, 4.319290637969971, 4.303356647491455, 4.293577671051025, 4.289880275726318, 4.29223108291626, 4.300650596618652, 4.315206527709961, 4.336008548736572, 4.3632121086120605, 4.39705228805542, 4.437780380249023, 4.485748291015625, 4.541363716125488, 4.605109691619873, 4.67756986618042, 4.759421348571777, 4.851466655731201, 4.954658508300781, 5.0, 5.0, 5.0, 5.0, 5.0, 5.0, 5.0, 5.0, 5.0, 5.0, 5.0, 5.0, 5.0, 5.0, 5.0, 5.0, 5.0, 5.0, 5.0, 5.0, 5.0, 5.0, 5.0]"
-1.8636040687561035,-0.6765232086181641,-0.006770443171262741,-3.724090337753296,0.8198032379150391,4.316328525543213,0.8994090557098389,-0.25609636306762695,0.35422396659851074,0.5561161637306213,0.21064837276935577,"[5.0, 5.0, 5.0, 5.0, 5.0, 5.0, 5.0, 5.0, 5.0, 5.0, 5.0, 5.0, 4.9264044761657715, 4.830135822296143, 4.744422912597656, 4.6684136390686035, 4.601386070251465, 4.542723178863525, 4.491908550262451, 4.448506832122803, 4.412153244018555, 4.38255500793457, 4.35947847366333, 4.342735767364502, 4.332200527191162, 4.327792167663574, 4.329479694366455, 4.337271690368652, 4.351225852966309, 4.371466159820557, 4.398125648498535, 4.431426048278809, 4.471644878387451, 4.519103527069092, 4.5741987228393555, 4.637423515319824, 4.709347724914551, 4.790623664855957, 4.882074356079102, 4.98460578918457, 5.0, 5.0, 5.0, 5.0, 5.0, 5.0, 5.0, 5.0, 5.0, 5.0, 5.0, 5.0, 5.0, 5.0, 5.0, 5.0, 5.0, 5.0, 5.0, 5.0]"
-1.8321759700775146,-0.5419899225234985,-0.04817602038383484,-1.860029935836792,0.09153228998184204,3.8926639556884766,0.8929610848426819,-0.3053204417228699,0.33075183629989624,0.5885805487632751,0.20628461241722107,"[5.0, 5.0, 5.0, 5.0, 5.0, 5.0, 5.0, 5.0, 5.0, 5.0, 5.0, 5.0, 5.0, 4.959060192108154, 4.864644527435303, 4.780659198760986, 4.706283092498779, 4.640819072723389, 4.583668231964111, 4.534331321716309, 4.492383003234863, 4.457489490509033, 4.4293532371521, 4.407773017883301, 4.39255428314209, 4.383597373962402, 4.380824565887451, 4.3842244148254395, 4.393807411193848, 4.409665584564209, 4.43190336227417, 4.4607133865356445, 4.496304512023926, 4.538981914520264, 4.589089393615723, 4.647054195404053, 4.71339750289917, 4.7887115478515625, 4.873719215393066, 4.969236373901367, 5.0, 5.0, 5.0, 5.0, 5.0, 5.0, 5.0, 5.0, 5.0, 5.0, 5.0, 5.0, 5.0, 5.0, 5.0, 5.0, 5.0, 5.0, 5.0, 5.0]"
-1.7834745645523071,-0.4334019422531128,-0.05745868384838104,-0.29690635204315186,-0.37391361594200134,3.0468504428863525,0.8893226981163025,-0.33691278100013733,0.3091791868209839,0.6202107667922974,0.20163598656654358,"[5.0, 5.0, 5.0, 5.0, 5.0, 5.0, 5.0, 5.0, 5.0, 5.0, 5.0, 5.0, 5.0, 5.0, 4.951186180114746, 4.875241756439209, 4.808536052703857, 4.750458717346191, 4.700502395629883, 4.658240795135498, 4.6233086585998535, 4.595444679260254, 4.574406623840332, 4.560029029846191, 4.552207946777344, 4.550886154174805, 4.55603551864624, 4.567708492279053, 4.585996627807617, 4.611045837402344, 4.643050193786621, 4.6822686195373535, 4.7290167808532715, 4.783708572387695, 4.846813678741455, 4.91888427734375, 5.0, 5.0, 5.0, 5.0, 5.0, 5.0, 5.0, 5.0, 5.0, 5.0, 5.0, 5.0, 5.0, 5.0, 5.0, 5.0, 5.0, 5.0, 5.0, 5.0, 5.0, 5.0, 5.0, 5.0]"
-1.7190744876861572,-0.3609127402305603,-0.06720905750989914,0.5798729658126831,0.2191222757101059,2.144796133041382,0.8864484429359436,-0.3509639799594879,0.30171236395835876,0.6491507291793823,0.20543038845062256,"[5.0, 5.0, 5.0, 5.0, 5.0, 5.0, 5.0, 5.0, 5.0, 5.0, 5.0, 5.0, 4.943826198577881, 4.869259357452393, 4.803810119628906, 4.746883869171143, 4.6979899406433105, 4.656713485717773, 4.622707843780518, 4.595699310302734, 4.575482368469238, 4.561877727508545, 4.554806232452393, 4.554186820983887, 4.560033321380615, 4.572379112243652, 4.591328144073486, 4.617032051086426, 4.649679660797119, 4.689548492431641, 4.736962795257568, 4.792313098907471, 4.856098175048828, 4.9288763999938965, 5.0, 5.0, 5.0, 5.0, 5.0, 5.0, 5.0, 5.0, 5.0, 5.0, 5.0, 5.0, 5.0, 5.0, 5.0, 5.0, 5.0, 5.0, 5.0, 5.0, 5.0, 5.0, 5.0, 5.0, 5.0, 5.0]"
-1.647969126701355,-0.3272089660167694,-0.03797834366559982,1.088944911956787,0.3191811442375183,1.15627920627594,0.8872736692428589,-0.3480234444141388,0.30269160866737366,0.6758724451065063,0.21465080976486206,"[5.0, 5.0, 5.0, 5.0, 5.0, 5.0, 5.0, 5.0, 4.949819087982178, 4.861554145812988, 4.783198356628418, 4.71400260925293, 4.6533379554748535, 4.600686550140381, 4.5555901527404785, 4.517671585083008, 4.486632823944092, 4.462228775024414, 4.444263458251953, 4.4326043128967285, 4.4271626472473145, 4.4278974533081055, 4.434804916381836, 4.4479475021362305, 4.467425346374512, 4.493390083312988, 4.526026248931885, 4.565621852874756, 4.612471580505371, 4.666982650756836, 4.729611873626709, 4.8009209632873535, 4.881548881530762, 4.972290992736816, 5.0, 5.0, 5.0, 5.0, 5.0, 5.0, 5.0, 5.0, 5.0, 5.0, 5.0, 5.0, 5.0, 5.0, 5.0, 5.0, 5.0, 5.0, 5.0, 5.0, 5.0, 5.0, 5.0, 5.0, 5.0, 5.0]"
-1.5728986263275146,-0.3242402970790863,0.02257871814072132,1.183524489402771,0.11335298418998718,0.5255641937255859,0.8928923606872559,-0.3338339030742645,0.3021514117717743,0.701553463935852,0.2223692238330841,"[5.0, 5.0, 5.0, 5.0, 5.0, 4.912862300872803, 4.817877769470215, 4.733164310455322, 4.65790319442749, 4.591407775878906, 4.533066272735596, 4.482387542724609, 4.43894624710083, 4.40239143371582, 4.372434616088867, 4.348839282989502, 4.331422805786133, 4.320061206817627, 4.314662933349609, 4.315192699432373, 4.321642875671387, 4.334085464477539, 4.352582931518555, 4.3773016929626465, 4.408415794372559, 4.446177005767822, 4.49087381362915, 4.542882442474365, 4.6026411056518555, 4.670653820037842, 4.747537612915039, 4.834024429321289, 4.930932998657227, 5.0, 5.0, 5.0, 5.0, 5.0, 5.0, 5.0, 5.0, 5.0, 5.0, 5.0, 5.0, 5.0, 5.0, 5.0, 5.0, 5.0, 5.0, 5.0, 5.0, 5.0, 5.0, 5.0, 5.0, 5.0, 5.0, 5.0]"
-1.4955748319625854,-0.3352961838245392,0.098090760409832,0.9129341244697571,0.13716155290603638,0.453522264957428,0.8996497392654419,-0.3184043765068054,0.29874128103256226,0.7263315916061401,0.2273685336112976,"[5.0, 5.0, 4.9538726806640625, 4.846343517303467, 4.7500433921813965, 4.663991928100586, 4.5873565673828125, 4.519423007965088, 4.459586143493652, 4.4073309898376465, 4.3622212409973145, 4.323896408081055, 4.292052745819092, 4.266442775726318, 4.246871471405029, 4.233202934265137, 4.225319862365723, 4.223171710968018, 4.226743221282959, 4.236064910888672, 4.251194953918457, 4.272249221801758, 4.299391269683838, 4.332827568054199, 4.372815132141113, 4.419662952423096, 4.4737677574157715, 4.535574913024902, 4.60561466217041, 4.684521198272705, 4.773048400878906, 4.872047424316406, 4.982550144195557, 5.0, 5.0, 5.0, 5.0, 5.0, 5.0, 5.0, 5.0, 5.0, 5.0, 5.0, 5.0, 5.0, 5.0, 5.0, 5.0, 5.0, 5.0, 5.0, 5.0, 5.0, 5.0, 5.0, 5.0, 5.0, 5.0, 5.0]"
-1.41910719871521,-0.3498740792274475,0.15674985945224762,0.6766021847724915,0.11750415712594986,0.5921645760536194,0.9054996371269226,-0.30701369047164917,0.2929340898990631,0.7500923871994019,0.22980907559394836,"[4.9552531242370605, 4.841916084289551, 4.740251064300537, 4.649198055267334, 4.567853927612305, 4.4954514503479, 4.431332111358643, 4.374939441680908, 4.32580041885376, 4.283512592315674, 4.247745037078857, 4.218209266662598, 4.194695949554443, 4.177021503448486, 4.165058612823486, 4.158714771270752, 4.157945156097412, 4.16275691986084, 4.173167705535889, 4.18926477432251, 4.211157321929932, 4.239015102386475, 4.273039817810059, 4.313510894775391, 4.36072301864624, 4.415077209472656, 4.477024555206299, 4.547084808349609, 4.6259050369262695, 4.714208602905273, 4.812853813171387, 4.922860622406006, 5.0, 5.0, 5.0, 5.0, 5.0, 5.0, 5.0, 5.0, 5.0, 5.0, 5.0, 5.0, 5.0, 5.0, 5.0, 5.0, 5.0, 5.0, 5.0, 5.0, 5.0, 5.0, 5.0, 5.0, 5.0, 5.0, 5.0, 5.0]"
-1.3440769910812378,-0.36450058221817017,0.19834503531455994,0.46937325596809387,0.1097090095281601,0.779434323310852,0.9099598526954651,-0.3007712662220001,0.28549447655677795,0.7727491855621338,0.23019662499427795,"[4.780099391937256, 4.6812825202941895, 4.5927581787109375, 4.513664722442627, 4.443265438079834, 4.380927562713623, 4.326120853424072, 4.27838659286499, 4.237339019775391, 4.202661037445068, 4.1740851402282715, 4.151400089263916, 4.134432315826416, 4.123067855834961, 4.117212772369385, 4.116835594177246, 4.121923923492432, 4.132519721984863, 4.148703575134277, 4.170583724975586, 4.198322772979736, 4.232138633728027, 4.272279739379883, 4.319063663482666, 4.372860431671143, 4.43411922454834, 4.503366470336914, 4.581204891204834, 4.668362617492676, 4.765686988830566, 4.8741679191589355, 4.994971752166748, 5.0, 5.0, 5.0, 5.0, 5.0, 5.0, 5.0, 5.0, 5.0, 5.0, 5.0, 5.0, 5.0, 5.0, 5.0, 5.0, 5.0, 5.0, 5.0, 5.0, 5.0, 5.0, 5.0, 5.0, 5.0, 5.0, 5.0, 5.0]"
-1.2710251808166504,-0.37811437249183655,0.22143462300300598,0.18798217177391052,0.24380376935005188,1.0259431600570679,0.9121599793434143,-0.3006068170070648,0.27856287360191345,0.7939366698265076,0.23027639091014862,"[4.649934768676758, 4.561465263366699, 4.48235559463501, 4.411870002746582, 4.34937858581543, 4.294352054595947, 4.246333599090576, 4.2049407958984375, 4.1698479652404785, 4.140791416168213, 4.11754846572876, 4.099952697753906, 4.0878777503967285, 4.081235408782959, 4.07998514175415, 4.084107875823975, 4.093638896942139, 4.108638763427734, 4.129223823547363, 4.155544757843018, 4.1877899169921875, 4.226210594177246, 4.271090030670166, 4.32279634475708, 4.381740093231201, 4.448416233062744, 4.523419380187988, 4.607422351837158, 4.701225280761719, 4.805759906768799, 4.922119140625, 5.0, 5.0, 5.0, 5.0, 5.0, 5.0, 5.0, 5.0, 5.0, 5.0, 5.0, 5.0, 5.0, 5.0, 5.0, 5.0, 5.0, 5.0, 5.0, 5.0, 5.0, 5.0, 5.0, 5.0, 5.0, 5.0, 5.0, 5.0, 5.0]"
-1.2005497217178345,-0.39115360379219055,0.22643230855464935,-0.03510269522666931,0.3110607862472534,1.2263619899749756,0.91229647397995,-0.30578964948654175,0.27240681648254395,0.8136200308799744,0.2303471565246582,"[4.555348873138428, 4.474267959594727, 4.401902675628662, 4.337604999542236, 4.280829429626465, 4.231102466583252, 4.188017845153809, 4.151249408721924, 4.120509624481201, 4.095576763153076, 4.076263904571533, 4.062438011169434, 4.053987979888916, 4.050869464874268, 4.053048133850098, 4.060539245605469, 4.073404312133789, 4.09173059463501, 4.115646839141846, 4.145339488983154, 4.181012153625488, 4.222952365875244, 4.27146577835083, 4.326957702636719, 4.38987398147583, 4.460757732391357, 4.540234565734863, 4.629042148590088, 4.728036880493164, 4.838230133056641, 4.960821151733398, 5.0, 5.0, 5.0, 5.0, 5.0, 5.0, 5.0, 5.0, 5.0, 5.0, 5.0, 5.0, 5.0, 5.0, 5.0, 5.0, 5.0, 5.0, 5.0, 5.0, 5.0, 5.0, 5.0, 5.0, 5.0, 5.0, 5.0, 5.0, 5.0]"
-1.131990671157837,-0.40452033281326294,0.21987463533878326,-0.21153034269809723,0.34176453948020935,1.382793664932251,0.9108070731163025,-0.3151109516620636,0.2667080760002136,0.8318529725074768,0.23020067811012268,"[4.491333484649658, 4.4156389236450195, 4.348211765289307, 4.288469314575195, 4.235910892486572, 4.190115451812744, 4.150718688964844, 4.117416858673096, 4.089965343475342, 4.068163871765137, 4.051854133605957, 4.040918827056885, 4.035280227661133, 4.0348992347717285, 4.039775848388672, 4.049942493438721, 4.065466403961182, 4.08646297454834, 4.113081932067871, 4.145527362823486, 4.184023857116699, 4.228872776031494, 4.280422687530518, 4.3390984535217285, 4.4053754806518555, 4.479839324951172, 4.563143253326416, 4.656085968017578, 4.759577751159668, 4.87469482421875, 5.0, 5.0, 5.0, 5.0, 5.0, 5.0, 5.0, 5.0, 5.0, 5.0, 5.0, 5.0, 5.0, 5.0, 5.0, 5.0, 5.0, 5.0, 5.0, 5.0, 5.0, 5.0, 5.0, 5.0, 5.0, 5.0, 5.0, 5.0, 5.0, 5.0]"
-1.0649582147598267,-0.41882121562957764,0.20595799386501312,-0.3617652654647827,0.37289947271347046,1.5057734251022339,0.9079006314277649,-0.32759010791778564,0.2615317404270172,0.8486372232437134,0.22994926571846008,"[4.4509429931640625, 4.379169464111328, 4.315356254577637, 4.258957862854004, 4.2095160484313965, 4.166638374328613, 4.129989147186279, 4.099297523498535, 4.0743303298950195, 4.054915904998779, 4.0409064292907715, 4.03220796585083, 4.028759479522705, 4.030532360076904, 4.037541389465332, 4.049839973449707, 4.067511081695557, 4.0906782150268555, 4.119518756866455, 4.154229640960693, 4.1950788497924805, 4.242376327514648, 4.296502590179443, 4.357879161834717, 4.4270339012146, 4.504573822021484, 4.591197967529297, 4.687746524810791, 4.795165538787842, 4.914614200592041, 5.0, 5.0, 5.0, 5.0, 5.0, 5.0, 5.0, 5.0, 5.0, 5.0, 5.0, 5.0, 5.0, 5.0, 5.0, 5.0, 5.0, 5.0, 5.0, 5.0, 5.0, 5.0, 5.0, 5.0, 5.0, 5.0, 5.0, 5.0, 5.0, 5.0]"
-0.9992918372154236,-0.4344910979270935,0.18694238364696503,-0.47915157675743103,0.3894056975841522,1.596778154373169,0.903774082660675,-0.3423827886581421,0.2568347156047821,0.863960325717926,0.2295970320701599,"[4.4289374351501465, 4.360015869140625, 4.298841953277588, 4.244905948638916, 4.197768211364746, 4.157060146331787, 4.122477054595947, 4.093750953674316, 4.070682048797607, 4.05309534072876, 4.040876388549805, 4.033926486968994, 4.032207012176514, 4.035698890686035, 4.044437885284424, 4.058470726013184, 4.077910900115967, 4.102883815765381, 4.133578777313232, 4.170210838317871, 4.213071346282959, 4.262477874755859, 4.318823337554932, 4.382574081420898, 4.454268932342529, 4.534525394439697, 4.6241135597229, 4.723875045776367, 4.834818363189697, 4.95815372467041, 5.0, 5.0, 5.0, 5.0, 5.0, 5.0, 5.0, 5.0, 5.0, 5.0, 5.0, 5.0, 5.0, 5.0, 5.0, 5.0, 5.0, 5.0, 5.0, 5.0, 5.0, 5.0, 5.0, 5.0, 5.0, 5.0, 5.0, 5.0, 5.0, 5.0]"
-0.9348047375679016,-0.45177340507507324,0.16519150137901306,-0.5815446972846985,0.41211187839508057,1.6642982959747314,0.8985385298728943,-0.3588610589504242,0.2526755928993225,0.8777942061424255,0.2292359173297882,"[4.420871734619141, 4.353931427001953, 4.294598579406738, 4.242393970489502, 4.196893692016602, 4.15773344039917, 4.12462854385376, 4.097339153289795, 4.075653076171875, 4.0594258308410645, 4.048537731170654, 4.042914867401123, 4.042511940002441, 4.047340393066406, 4.057411193847656, 4.072815418243408, 4.093661308288574, 4.120082378387451, 4.152282238006592, 4.190488338470459, 4.235006332397461, 4.28616189956665, 4.344367027282715, 4.410109996795654, 4.483948230743408, 4.566524982452393, 4.658633232116699, 4.761148929595947, 4.875133037567139, 5.0, 5.0, 5.0, 5.0, 5.0, 5.0, 5.0, 5.0, 5.0, 5.0, 5.0, 5.0, 5.0, 5.0, 5.0, 5.0, 5.0, 5.0, 5.0, 5.0, 5.0, 5.0, 5.0, 5.0, 5.0, 5.0, 5.0, 5.0, 5.0, 5.0, 5.0]"
-0.8713933229446411,-0.4708332419395447,0.1417951136827469,-0.67154860496521,0.4350930452346802,1.7071574926376343,0.892317533493042,-0.3764783442020416,0.24906089901924133,0.8900934457778931,0.22890087962150574,"[4.423947334289551, 4.358200550079346, 4.299993515014648, 4.248844623565674, 4.204347610473633, 4.166164875030518, 4.1340012550354, 4.10762357711792, 4.086840629577637, 4.071506023406982, 4.0615010261535645, 4.0567731857299805, 4.057282447814941, 4.063024044036865, 4.074048042297363, 4.090425491333008, 4.112277507781982, 4.139760494232178, 4.173064708709717, 4.212441921234131, 4.258200168609619, 4.310676574707031, 4.370299339294434, 4.437567710876465, 4.513047695159912, 4.5974249839782715, 4.691482067108154, 4.796141147613525, 4.912487506866455, 5.0, 5.0, 5.0, 5.0, 5.0, 5.0, 5.0, 5.0, 5.0, 5.0, 5.0, 5.0, 5.0, 5.0, 5.0, 5.0, 5.0, 5.0, 5.0, 5.0, 5.0, 5.0, 5.0, 5.0, 5.0, 5.0, 5.0, 5.0, 5.0, 5.0, 5.0]"
-0.8088964223861694,-0.49183180928230286,0.11670055985450745,-0.7358453869819641,0.43765562772750854,1.721710443496704,0.8853729963302612,-0.3945832848548889,0.24579788744449615,0.9008978009223938,0.2284475564956665,"[4.437011241912842, 4.37180757522583, 4.314123153686523, 4.263485431671143, 4.21948766708374, 4.181789875030518, 4.150121212005615, 4.124234199523926, 4.1039533615112305, 4.089125156402588, 4.079662799835205, 4.075469970703125, 4.076545238494873, 4.082886219024658, 4.094536781311035, 4.111575126647949, 4.134130001068115, 4.162342548370361, 4.196445941925049, 4.236686706542969, 4.28334903717041, 4.336819171905518, 4.39750862121582, 4.465938568115234, 4.542681694030762, 4.628448009490967, 4.724025726318359, 4.8303608894348145, 4.948566436767578, 5.0, 5.0, 5.0, 5.0, 5.0, 5.0, 5.0, 5.0, 5.0, 5.0, 5.0, 5.0, 5.0, 5.0, 5.0, 5.0, 5.0, 5.0, 5.0, 5.0, 5.0, 5.0, 5.0, 5.0, 5.0, 5.0, 5.0, 5.0, 5.0, 5.0, 5.0]"
-0.7470735907554626,-0.5148487091064453,0.09157522022724152,-0.7842701077461243,0.4352935552597046,1.7134883403778076,0.8779191970825195,-0.41269004344940186,0.24278122186660767,0.9101817607879639,0.22779053449630737,"[4.458659648895264, 4.393444538116455, 4.335757732391357, 4.285146713256836, 4.241199970245361, 4.203582286834717, 4.172008991241455, 4.146252632141113, 4.126120090484619, 4.111475944519043, 4.102216720581055, 4.098267078399658, 4.099610805511475, 4.106253623962402, 4.118246078491211, 4.1356658935546875, 4.158641815185547, 4.187327861785889, 4.221942901611328, 4.262739181518555, 4.310028553009033, 4.364190101623535, 4.425632953643799, 4.494897842407227, 4.572565078735352, 4.659338474273682, 4.75604248046875, 4.863624572753906, 4.983217716217041, 5.0, 5.0, 5.0, 5.0, 5.0, 5.0, 5.0, 5.0, 5.0, 5.0, 5.0, 5.0, 5.0, 5.0, 5.0, 5.0, 5.0, 5.0, 5.0, 5.0, 5.0, 5.0, 5.0, 5.0, 5.0, 5.0, 5.0, 5.0, 5.0, 5.0, 5.0]"
-0.6857549548149109,-0.5399166941642761,0.06715292483568192,-0.8179852962493896,0.4288920760154724,1.683032751083374,0.8702021241188049,-0.4302924871444702,0.23998843133449554,0.9179748892784119,0.22693562507629395,"[4.487426280975342, 4.421667098999023, 4.363509178161621, 4.312474250793457, 4.268161773681641, 4.230227947235107, 4.198387622833252, 4.1724019050598145, 4.152096271514893, 4.137310981750488, 4.127955436706543, 4.1239471435546875, 4.125266075134277, 4.131930828094482, 4.143984794616699, 4.161502838134766, 4.184614181518555, 4.213489532470703, 4.24832820892334, 4.289402008056641, 4.33701229095459, 4.391526699066162, 4.453403949737549, 4.52315616607666, 4.601369857788086, 4.688761234283447, 4.7861504554748535, 4.894520282745361, 5.0, 5.0, 5.0, 5.0, 5.0, 5.0, 5.0, 5.0, 5.0, 5.0, 5.0, 5.0, 5.0, 5.0, 5.0, 5.0, 5.0, 5.0, 5.0, 5.0, 5.0, 5.0, 5.0, 5.0, 5.0, 5.0, 5.0, 5.0, 5.0, 5.0, 5.0, 5.0]"
-0.6247798204421997,-0.5670567750930786,0.043795980513095856,-0.8337557315826416,0.4097593426704407,1.63071608543396,0.8624825477600098,-0.44699257612228394,0.2373170554637909,0.9242447018623352,0.22578957676887512,"[4.522672653198242, 4.455920219421387, 4.396859645843506, 4.345020294189453, 4.299971103668213, 4.261380195617676, 4.228952884674072, 4.202441692352295, 4.181661128997803, 4.166461944580078, 4.156737804412842, 4.1524224281311035, 4.153478145599365, 4.159919738769531, 4.171780586242676, 4.189159870147705, 4.212180137634277, 4.240995407104492, 4.275820732116699, 4.31691837310791, 4.364583492279053, 4.41922664642334, 4.4812493324279785, 4.5511860847473145, 4.629641532897949, 4.71731424331665, 4.815048694610596, 4.923799514770508, 5.0, 5.0, 5.0, 5.0, 5.0, 5.0, 5.0, 5.0, 5.0, 5.0, 5.0, 5.0, 5.0, 5.0, 5.0, 5.0, 5.0, 5.0, 5.0, 5.0, 5.0, 5.0, 5.0, 5.0, 5.0, 5.0, 5.0, 5.0, 5.0, 5.0, 5.0, 5.0]"
-0.5639700293540955,-0.5962416529655457,0.021883413195610046,-0.832690954208374,0.3814544677734375,1.5618276596069336,0.8550432920455933,-0.462391197681427,0.23471936583518982,0.9290283918380737,0.22432821989059448,"[4.563661098480225, 4.495530128479004, 4.4352192878723145, 4.382246494293213, 4.336169242858887, 4.296638488769531, 4.263355255126953, 4.236074924468994, 4.214597702026367, 4.1987624168396, 4.1884660720825195, 4.183633327484131, 4.18422269821167, 4.190258026123047, 4.20176362991333, 4.218820571899414, 4.241566181182861, 4.270143032073975, 4.304772853851318, 4.345708847045898, 4.393265247344971, 4.447816848754883, 4.5097880363464355, 4.579718589782715, 4.658194541931152, 4.745937347412109, 4.843762397766113, 4.9526495933532715, 5.0, 5.0, 5.0, 5.0, 5.0, 5.0, 5.0, 5.0, 5.0, 5.0, 5.0, 5.0, 5.0, 5.0, 5.0, 5.0, 5.0, 5.0, 5.0, 5.0, 5.0, 5.0, 5.0, 5.0, 5.0, 5.0, 5.0, 5.0, 5.0, 5.0, 5.0, 5.0]"
-0.5031472444534302,-0.627358078956604,0.0020365864038467407,-0.8241071701049805,0.3591226041316986,1.4818198680877686,0.8480567336082458,-0.4762728810310364,0.2322968989610672,0.9323036074638367,0.22266243398189545,"[4.60863733291626, 4.538765907287598, 4.476871967315674, 4.422451019287109, 4.375059604644775, 4.334323406219482, 4.299936771392822, 4.271639823913574, 4.2492241859436035, 4.232546329498291, 4.221458435058594, 4.21589994430542, 4.215831756591797, 4.221247673034668, 4.232192516326904, 4.248730182647705, 4.270996570587158, 4.299129962921143, 4.333362102508545, 4.373929023742676, 4.421148777008057, 4.47538948059082, 4.537081241607666, 4.6067304611206055, 4.684972286224365, 4.772469997406006, 4.8700761795043945, 4.978754997253418, 5.0, 5.0, 5.0, 5.0, 5.0, 5.0, 5.0, 5.0, 5.0, 5.0, 5.0, 5.0, 5.0, 5.0, 5.0, 5.0, 5.0, 5.0, 5.0, 5.0, 5.0, 5.0, 5.0, 5.0, 5.0, 5.0, 5.0, 5.0, 5.0, 5.0, 5.0, 5.0]"
-0.44215455651283264,-0.6602377891540527,-0.015403136610984802,-0.8118712902069092,0.34122762084007263,1.3910882472991943,0.8416551351547241,-0.4885176718235016,0.23014117777347565,0.9340094923973083,0.22088341414928436,"[4.656334400177002, 4.584338188171387, 4.520501613616943, 4.464306354522705, 4.41527795791626, 4.373037815093994, 4.337255954742432, 4.30767822265625, 4.2840752601623535, 4.266272068023682, 4.254151821136475, 4.247634410858154, 4.246652126312256, 4.251209259033203, 4.261340618133545, 4.277120590209961, 4.298655033111572, 4.3261027336120605, 4.359656810760498, 4.399576663970947, 4.446161270141602, 4.499781131744385, 4.560848712921143, 4.629900932312012, 4.707502841949463, 4.794378757476807, 4.891310214996338, 4.999286651611328, 5.0, 5.0, 5.0, 5.0, 5.0, 5.0, 5.0, 5.0, 5.0, 5.0, 5.0, 5.0, 5.0, 5.0, 5.0, 5.0, 5.0, 5.0, 5.0, 5.0, 5.0, 5.0, 5.0, 5.0, 5.0, 5.0, 5.0, 5.0, 5.0, 5.0, 5.0, 5.0]"
-0.38081616163253784,-0.6946946382522583,-0.03020419180393219,-0.7980894446372986,0.3186465799808502,1.290047287940979,0.8360462188720703,-0.4989401400089264,0.2282177060842514,0.9341675043106079,0.21897247433662415,"[4.707581996917725, 4.633005142211914, 4.566806316375732, 4.508443355560303, 4.4574151039123535, 4.413328170776367, 4.375842094421387, 4.344658374786377, 4.319560527801514, 4.300362586975098, 4.286929607391357, 4.2791595458984375, 4.2769999504089355, 4.2804412841796875, 4.289488315582275, 4.304237365722656, 4.32475471496582, 4.351220607757568, 4.383810520172119, 4.422776699066162, 4.468423366546631, 4.521085262298584, 4.5811920166015625, 4.649233818054199, 4.7258219718933105, 4.811622619628906, 4.907425880432129, 5.0, 5.0, 5.0, 5.0, 5.0, 5.0, 5.0, 5.0, 5.0, 5.0, 5.0, 5.0, 5.0, 5.0, 5.0, 5.0, 5.0, 5.0, 5.0, 5.0, 5.0, 5.0, 5.0, 5.0, 5.0, 5.0, 5.0, 5.0, 5.0, 5.0, 5.0, 5.0, 5.0]"
-0.3189615309238434,-0.7305141091346741,-0.0427812784910202,-0.7803779244422913,0.28181955218315125,1.1812078952789307,0.8314352631568909,-0.5074193477630615,0.22635993361473083,0.93281090259552,0.2167780101299286,"[4.765023708343506, 4.687365531921387, 4.618342876434326, 4.557386875152588, 4.503965854644775, 4.457676410675049, 4.418126583099365, 4.385038375854492, 4.358144760131836, 4.3372673988342285, 4.322238922119141, 4.31296443939209, 4.309367656707764, 4.311437129974365, 4.319159507751465, 4.33262300491333, 4.35190486907959, 4.37716007232666, 4.408540725708008, 4.446314334869385, 4.490759372711182, 4.542205333709717, 4.601080894470215, 4.667859077453613, 4.743113994598389, 4.827520370483398, 4.921862602233887, 5.0, 5.0, 5.0, 5.0, 5.0, 5.0, 5.0, 5.0, 5.0, 5.0, 5.0, 5.0, 5.0, 5.0, 5.0, 5.0, 5.0, 5.0, 5.0, 5.0, 5.0, 5.0, 5.0, 5.0, 5.0, 5.0, 5.0, 5.0, 5.0, 5.0, 5.0, 5.0, 5.0]"
-0.2564082741737366,-0.7674309015274048,-0.053185299038887024,-0.7625317573547363,0.24409037828445435,1.07163405418396,0.827938973903656,-0.5139157772064209,0.22451171278953552,0.9299587607383728,0.21425653994083405,"[4.830239295959473, 4.748924255371094, 4.676565647125244, 4.61254358291626, 4.556305885314941, 4.5073957443237305, 4.465425491333008, 4.430069923400879, 4.401066303253174, 4.378200054168701, 4.36129903793335, 4.3502373695373535, 4.344955921173096, 4.345383167266846, 4.351560115814209, 4.363501071929932, 4.381305694580078, 4.405104637145996, 4.435074329376221, 4.471421241760254, 4.51442289352417, 4.56442403793335, 4.621833801269531, 4.687085151672363, 4.7607741355896, 4.843523979187012, 4.93611478805542, 5.0, 5.0, 5.0, 5.0, 5.0, 5.0, 5.0, 5.0, 5.0, 5.0, 5.0, 5.0, 5.0, 5.0, 5.0, 5.0, 5.0, 5.0, 5.0, 5.0, 5.0, 5.0, 5.0, 5.0, 5.0, 5.0, 5.0, 5.0, 5.0, 5.0, 5.0, 5.0, 5.0]"
-0.19299492239952087,-0.8051159977912903,-0.06162293255329132,-0.7430238723754883,0.2129911631345749,0.9610854983329773,0.8255900144577026,-0.5184351801872253,0.22276447713375092,0.9255988597869873,0.21150542795658112,"[4.902828693389893, 4.817234992980957, 4.7409820556640625, 4.673376083374023, 4.613833427429199, 4.5618791580200195, 4.51707649230957, 4.47908353805542, 4.447608470916748, 4.422414302825928, 4.403319358825684, 4.390177249908447, 4.382897853851318, 4.3814263343811035, 4.385753631591797, 4.395913600921631, 4.411977767944336, 4.434062480926514, 4.462332725524902, 4.496991157531738, 4.538293361663818, 4.586569309234619, 4.642219066619873, 4.705664157867432, 4.777449607849121, 4.858219146728516, 4.94870138168335, 5.0, 5.0, 5.0, 5.0, 5.0, 5.0, 5.0, 5.0, 5.0, 5.0, 5.0, 5.0, 5.0, 5.0, 5.0, 5.0, 5.0, 5.0, 5.0, 5.0, 5.0, 5.0, 5.0, 5.0, 5.0, 5.0, 5.0, 5.0, 5.0, 5.0, 5.0, 5.0, 5.0]"
-0.12847095727920532,-0.8432048559188843,-0.06798923015594482,-0.7215818762779236,0.19049158692359924,0.8445050716400146,0.8244551420211792,-0.5208743214607239,0.22127272188663483,0.9197198152542114,0.20868194103240967,"[4.981614589691162, 4.891044616699219, 4.810250759124756, 4.7384819984436035, 4.6751227378845215, 4.619622707366943, 4.571527004241943, 4.530461311340332, 4.49610710144043, 4.468211650848389, 4.446542263031006, 4.430967807769775, 4.421351432800293, 4.417631149291992, 4.419792175292969, 4.4278483390808105, 4.44183349609375, 4.461882591247559, 4.488121509552002, 4.520737648010254, 4.559998989105225, 4.606196880340576, 4.659703731536865, 4.720943927764893, 4.790423393249512, 4.868775844573975, 4.9566779136657715, 5.0, 5.0, 5.0, 5.0, 5.0, 5.0, 5.0, 5.0, 5.0, 5.0, 5.0, 5.0, 5.0, 5.0, 5.0, 5.0, 5.0, 5.0, 5.0, 5.0, 5.0, 5.0, 5.0, 5.0, 5.0, 5.0, 5.0, 5.0, 5.0, 5.0, 5.0, 5.0, 5.0]"
-0.06248793751001358,-0.8812984228134155,-0.07211889326572418,-0.704033613204956,0.17360037565231323,0.717997133731842,0.8246244788169861,-0.5210979580879211,0.22011174261569977,0.9123117327690125,0.20585951209068298,"[5.0, 4.970808506011963, 4.884679794311523, 4.808024883270264, 4.740166664123535, 4.6804962158203125, 4.628549575805664, 4.583868503570557, 4.5461297035217285, 4.515030384063721, 4.490340709686279, 4.471872329711914, 4.4594855308532715, 4.4531097412109375, 4.452682971954346, 4.4582014083862305, 4.469701766967773, 4.4872918128967285, 4.511065483093262, 4.5412211418151855, 4.57798433303833, 4.621646404266357, 4.672522068023682, 4.731037139892578, 4.797684669494629, 4.8730149269104, 4.957736015319824, 5.0, 5.0, 5.0, 5.0, 5.0, 5.0, 5.0, 5.0, 5.0, 5.0, 5.0, 5.0, 5.0, 5.0, 5.0, 5.0, 5.0, 5.0, 5.0, 5.0, 5.0, 5.0, 5.0, 5.0, 5.0, 5.0, 5.0, 5.0, 5.0, 5.0, 5.0, 5.0, 5.0]"
0.005294203758239746,-0.9188778400421143,-0.07503622770309448,-0.7283282279968262,0.18241029977798462,0.5972140431404114,0.8260378241539001,-0.519199550151825,0.2192969173192978,0.9033794403076172,0.20305119454860687,"[5.0, 5.0, 4.967960357666016, 4.8851704597473145, 4.811646461486816, 4.746753692626953, 4.689935684204102, 4.640710830688477, 4.598700046539307, 4.563562870025635, 4.535036087036133, 4.5128960609436035, 4.496991157531738, 4.487196922302246, 4.483450889587402, 4.485702037811279, 4.493989944458008, 4.5083770751953125, 4.52894926071167, 4.555874347686768, 4.589344024658203, 4.629619121551514, 4.677013397216797, 4.731905937194824, 4.794747829437256, 4.866073131561279, 4.9464898109436035, 5.0, 5.0, 5.0, 5.0, 5.0, 5.0, 5.0, 5.0, 5.0, 5.0, 5.0, 5.0, 5.0, 5.0, 5.0, 5.0, 5.0, 5.0, 5.0, 5.0, 5.0, 5.0, 5.0, 5.0, 5.0, 5.0, 5.0, 5.0, 5.0, 5.0, 5.0, 5.0, 5.0]"
0.07499154657125473,-0.9553143978118896,-0.07865753769874573,-0.7913572192192078,0.18875952064990997,0.4818406105041504,0.828635036945343,-0.5153624415397644,0.21854817867279053,0.8929902911186218,0.19999630749225616,"[5.0, 5.0, 5.0, 4.979470729827881, 4.898428440093994, 4.826590538024902, 4.763326168060303, 4.708082675933838, 4.660420894622803, 4.6199517250061035, 4.586354732513428, 4.559379577636719, 4.538824081420898, 4.524520397186279, 4.5163750648498535, 4.514331817626953, 4.518380641937256, 4.528531551361084, 4.544858932495117, 4.567508697509766, 4.596625804901123, 4.632448196411133, 4.675240516662598, 4.725337505340576, 4.7831549644470215, 4.849165916442871, 4.923945426940918, 5.0, 5.0, 5.0, 5.0, 5.0, 5.0, 5.0, 5.0, 5.0, 5.0, 5.0, 5.0, 5.0, 5.0, 5.0, 5.0, 5.0, 5.0, 5.0, 5.0, 5.0, 5.0, 5.0, 5.0, 5.0, 5.0, 5.0, 5.0, 5.0, 5.0, 5.0, 5.0, 5.0]"
0.14667312800884247,-0.9899545311927795,-0.08481094241142273,-0.8736250400543213,0.17378541827201843,0.374822199344635,0.8324098587036133,-0.5097092986106873,0.21745780110359192,0.8812641501426697,0.19633638858795166,"[5.0, 5.0, 5.0, 5.0, 5.0, 4.931723594665527, 4.8598432540893555, 4.7965989112854, 4.741455554962158, 4.693943023681641, 4.6536946296691895, 4.6203837394714355, 4.593760967254639, 4.57361364364624, 4.559800148010254, 4.552227973937988, 4.55082893371582, 4.555593967437744, 4.56655740737915, 4.583795070648193, 4.607454776763916, 4.637694835662842, 4.674755573272705, 4.71891975402832, 4.770537376403809, 4.830031871795654, 4.897911548614502, 4.974761486053467, 5.0, 5.0, 5.0, 5.0, 5.0, 5.0, 5.0, 5.0, 5.0, 5.0, 5.0, 5.0, 5.0, 5.0, 5.0, 5.0, 5.0, 5.0, 5.0, 5.0, 5.0, 5.0, 5.0, 5.0, 5.0, 5.0, 5.0, 5.0, 5.0, 5.0, 5.0, 5.0]"
0.22017213702201843,-1.0221915245056152,-0.09547123312950134,-0.9441072940826416,0.11891895532608032,0.2812986373901367,0.8372909426689148,-0.5024523735046387,0.21559959650039673,0.868190586566925,0.19168995320796967,"[5.0, 5.0, 5.0, 5.0, 5.0, 5.0, 4.9918317794799805, 4.918193817138672, 4.853386402130127, 4.796850204467773, 4.7481303215026855, 4.70682954788208, 4.672603607177734, 4.645198345184326, 4.62439489364624, 4.610045909881592, 4.602043151855469, 4.600327014923096, 4.60488224029541, 4.615755081176758, 4.6330060958862305, 4.656777858734131, 4.687243461608887, 4.724641799926758, 4.769269943237305, 4.821467399597168, 4.881688594818115, 4.9504194259643555, 5.0, 5.0, 5.0, 5.0, 5.0, 5.0, 5.0, 5.0, 5.0, 5.0, 5.0, 5.0, 5.0, 5.0, 5.0, 5.0, 5.0, 5.0, 5.0, 5.0, 5.0, 5.0, 5.0, 5.0, 5.0, 5.0, 5.0, 5.0, 5.0, 5.0, 5.0, 5.0]"
0.2950893044471741,-1.0516393184661865,-0.11089456081390381,-1.012960433959961,0.09402108937501907,0.23178501427173615,0.8428090810775757,-0.49410897493362427,0.21337002515792847,0.8537335991859436,0.18645517528057098,"[5.0, 5.0, 5.0, 5.0, 5.0, 5.0, 5.0, 5.0, 4.995174884796143, 4.927350997924805, 4.868105888366699, 4.816919803619385, 4.773369312286377, 4.737107276916504, 4.707857608795166, 4.685391426086426, 4.669537544250488, 4.660166263580322, 4.657221794128418, 4.660671710968018, 4.670539379119873, 4.686923027038574, 4.70991849899292, 4.739709377288818, 4.776517868041992, 4.820655345916748, 4.87246036529541, 4.932375907897949, 5.0, 5.0, 5.0, 5.0, 5.0, 5.0, 5.0, 5.0, 5.0, 5.0, 5.0, 5.0, 5.0, 5.0, 5.0, 5.0, 5.0, 5.0, 5.0, 5.0, 5.0, 5.0, 5.0, 5.0, 5.0, 5.0, 5.0, 5.0, 5.0, 5.0, 5.0, 5.0]"
0.37066519260406494,-1.0780079364776611,-0.12617227435112,-1.0892391204833984,0.11795254796743393,0.22846198081970215,0.8483338356018066,-0.4853612780570984,0.21154582500457764,0.8378621935844421,0.18135079741477966,"[5.0, 5.0, 5.0, 5.0, 5.0, 5.0, 5.0, 5.0, 5.0, 5.0, 5.0, 4.939769268035889, 4.884964942932129, 4.838078022003174, 4.798746109008789, 4.766636848449707, 4.741494178771973, 4.723135471343994, 4.711418151855469, 4.70625114440918, 4.707591533660889, 4.715469837188721, 4.729919910430908, 4.751060962677002, 4.7790703773498535, 4.814138889312744, 4.856560707092285, 4.90667200088501, 4.964873313903809, 5.0, 5.0, 5.0, 5.0, 5.0, 5.0, 5.0, 5.0, 5.0, 5.0, 5.0, 5.0, 5.0, 5.0, 5.0, 5.0, 5.0, 5.0, 5.0, 5.0, 5.0, 5.0, 5.0, 5.0, 5.0, 5.0, 5.0, 5.0, 5.0, 5.0, 5.0]"
0.4460051953792572,-1.1012818813323975,-0.13991639018058777,-1.1777095794677734,0.1653658151626587,0.270463228225708,0.8532931804656982,-0.4770291745662689,0.21055059134960175,0.8205116987228394,0.1767210066318512,"[5.0, 5.0, 5.0, 5.0, 5.0, 5.0, 5.0, 5.0, 5.0, 5.0, 5.0, 5.0, 4.9989800453186035, 4.939584732055664, 4.888413429260254, 4.845059871673584, 4.809146881103516, 4.780416965484619, 4.75861930847168, 4.743600845336914, 4.735244274139404, 4.73348331451416, 4.738311290740967, 4.749767780303955, 4.767922878265381, 4.792932510375977, 4.8249831199646, 4.8643341064453125, 4.911276817321777, 4.966237545013428, 5.0, 5.0, 5.0, 5.0, 5.0, 5.0, 5.0, 5.0, 5.0, 5.0, 5.0, 5.0, 5.0, 5.0, 5.0, 5.0, 5.0, 5.0, 5.0, 5.0, 5.0, 5.0, 5.0, 5.0, 5.0, 5.0, 5.0, 5.0, 5.0, 5.0]"
0.5202832221984863,-1.1214051246643066,-0.15623560547828674,-1.2199739217758179,0.12603235244750977,0.3174533247947693,0.8577560186386108,-0.46929118037223816,0.20980441570281982,0.8018368482589722,0.1720585823059082,"[5.0, 5.0, 5.0, 5.0, 5.0, 5.0, 5.0, 5.0, 5.0, 5.0, 5.0, 5.0, 5.0, 5.0, 4.990725040435791, 4.934708595275879, 4.886788845062256, 4.846585750579834, 4.813744068145752, 4.788029670715332, 4.769247055053711, 4.757227420806885, 4.751894950866699, 4.753204822540283, 4.761175632476807, 4.775854587554932, 4.79736328125, 4.825867652893066, 4.861578941345215, 4.904799461364746, 4.955863952636719, 5.0, 5.0, 5.0, 5.0, 5.0, 5.0, 5.0, 5.0, 5.0, 5.0, 5.0, 5.0, 5.0, 5.0, 5.0, 5.0, 5.0, 5.0, 5.0, 5.0, 5.0, 5.0, 5.0, 5.0, 5.0, 5.0, 5.0, 5.0, 5.0]"
0.5932711362838745,-1.1383737325668335,-0.17844727635383606,-1.2263084650039673,0.039803266525268555,0.3667515516281128,0.8618662357330322,-0.4621292054653168,0.20885597169399261,0.7819137573242188,0.16699030995368958,"[5.0, 5.0, 5.0, 5.0, 5.0, 5.0, 5.0, 5.0, 5.0, 5.0, 5.0, 5.0, 5.0, 5.0, 5.0, 5.0, 4.98952054977417, 4.936821937561035, 4.89210844039917, 4.855040550231934, 4.825284481048584, 4.802637577056885, 4.786905765533447, 4.777974605560303, 4.775765419006348, 4.780272960662842, 4.791524410247803, 4.809622287750244, 4.834682941436768, 4.866913795471191, 4.9065704345703125, 4.953970909118652, 5.0, 5.0, 5.0, 5.0, 5.0, 5.0, 5.0, 5.0, 5.0, 5.0, 5.0, 5.0, 5.0, 5.0, 5.0, 5.0, 5.0, 5.0, 5.0, 5.0, 5.0, 5.0, 5.0, 5.0, 5.0, 5.0, 5.0, 5.0]"
0.6656231880187988,-1.1521658897399902,-0.19514232873916626,-1.184194564819336,0.011138811707496643,0.3904721736907959,0.8656553030014038,-0.4550935626029968,0.20863394439220428,0.7606709003448486,0.16227300465106964,"[5.0, 5.0, 5.0, 5.0, 5.0, 5.0, 5.0, 5.0, 5.0, 5.0, 5.0, 5.0, 5.0, 5.0, 5.0, 5.0, 5.0, 5.0, 4.979467391967773, 4.930552005767822, 4.889505386352539, 4.8560004234313965, 4.829754829406738, 4.810567378997803, 4.7982892990112305, 4.792819976806641, 4.7941365242004395, 4.802231311798096, 4.817172050476074, 4.839058876037598, 4.868095874786377, 4.904491901397705, 4.948534965515137, 5.0, 5.0, 5.0, 5.0, 5.0, 5.0, 5.0, 5.0, 5.0, 5.0, 5.0, 5.0, 5.0, 5.0, 5.0, 5.0, 5.0, 5.0, 5.0, 5.0, 5.0, 5.0, 5.0, 5.0, 5.0, 5.0, 5.0]"
0.7389113903045654,-1.1623661518096924,-0.20054355263710022,-1.0627104043960571,0.037282660603523254,0.3382298946380615,0.8694430589675903,-0.44690191745758057,0.2105816751718521,0.7379822134971619,0.15897047519683838,"[5.0, 5.0, 5.0, 5.0, 5.0, 5.0, 5.0, 5.0, 5.0, 5.0, 5.0, 5.0, 5.0, 5.0, 5.0, 5.0, 5.0, 5.0, 5.0, 4.988707542419434, 4.936729431152344, 4.8927717208862305, 4.856473922729492, 4.8275346755981445, 4.8057379722595215, 4.790902137756348, 4.782909870147705, 4.78169059753418, 4.787264347076416, 4.799637317657471, 4.818936347961426, 4.8453049659729, 4.878936290740967, 4.920116424560547, 4.969186305999756, 5.0, 5.0, 5.0, 5.0, 5.0, 5.0, 5.0, 5.0, 5.0, 5.0, 5.0, 5.0, 5.0, 5.0, 5.0, 5.0, 5.0, 5.0, 5.0, 5.0, 5.0, 5.0, 5.0, 5.0, 5.0]"
0.8150805830955505,-1.1681208610534668,-0.19478127360343933,-0.8337756395339966,0.012521609663963318,0.17663165926933289,0.8741076588630676,-0.4355369210243225,0.21503648161888123,0.7138955593109131,0.15719112753868103,"[5.0, 5.0, 5.0, 5.0, 5.0, 5.0, 5.0, 5.0, 5.0, 5.0, 5.0, 5.0, 5.0, 5.0, 5.0, 5.0, 5.0, 5.0, 5.0, 5.0, 4.969683647155762, 4.9165263175964355, 4.871433258056641, 4.834006309509277, 4.803961277008057, 4.781052112579346, 4.765099048614502, 4.755969524383545, 4.753607749938965, 4.7580037117004395, 4.769148349761963, 4.787182331085205, 4.8122053146362305, 4.844424724578857, 4.884112358093262, 4.931581497192383, 4.987246513366699, 5.0, 5.0, 5.0, 5.0, 5.0, 5.0, 5.0, 5.0, 5.0, 5.0, 5.0, 5.0, 5.0, 5.0, 5.0, 5.0, 5.0, 5.0, 5.0, 5.0, 5.0, 5.0, 5.0]"
0.8956078886985779,-1.1686744689941406,-0.17932796478271484,-0.5448716878890991,-0.09277539700269699,-0.055329903960227966,0.8804540038108826,-0.41938236355781555,0.2211703062057495,0.6884499192237854,0.15613146126270294,"[5.0, 5.0, 5.0, 5.0, 5.0, 5.0, 5.0, 5.0, 5.0, 5.0, 5.0, 5.0, 5.0, 5.0, 5.0, 5.0, 5.0, 5.0, 5.0, 5.0, 5.0, 4.953917980194092, 4.901454925537109, 4.85701847076416, 4.8202433586120605, 4.790821552276611, 4.76852560043335, 4.753178119659424, 4.744663238525391, 4.742896556854248, 4.747884750366211, 4.759665012359619, 4.778320789337158, 4.8039984703063965, 4.836907863616943, 4.877311706542969, 4.925543308258057, 4.982010364532471, 5.0, 5.0, 5.0, 5.0, 5.0, 5.0, 5.0, 5.0, 5.0, 5.0, 5.0, 5.0, 5.0, 5.0, 5.0, 5.0, 5.0, 5.0, 5.0, 5.0, 5.0, 5.0]"
0.9815378189086914,-1.1634067296981812,-0.14911720156669617,-0.2814396619796753,-0.15226221084594727,-0.30344998836517334,0.8885161280632019,-0.3977157771587372,0.22881942987442017,0.6616669297218323,0.15552884340286255,"[5.0, 5.0, 5.0, 5.0, 5.0, 5.0, 5.0, 5.0, 5.0, 5.0, 5.0, 5.0, 5.0, 5.0, 5.0, 5.0, 5.0, 5.0, 5.0, 5.0, 5.0, 5.0, 4.94658899307251, 4.896389484405518, 4.85413932800293, 4.819509983062744, 4.79221248626709, 4.772024154663086, 4.758784770965576, 4.752382278442383, 4.752793788909912, 4.759999752044678, 4.774055004119873, 4.795076847076416, 4.823246002197266, 4.8587646484375, 4.901934623718262, 4.953113079071045, 5.0, 5.0, 5.0, 5.0, 5.0, 5.0, 5.0, 5.0, 5.0, 5.0, 5.0, 5.0, 5.0, 5.0, 5.0, 5.0, 5.0, 5.0, 5.0, 5.0, 5.0, 5.0]"
1.0732544660568237,-1.151368260383606,-0.10149627923965454,-0.08259991556406021,-0.12448643147945404,-0.5564846396446228,0.8978448510169983,-0.37018775939941406,0.23839561641216278,0.6335780620574951,0.15552660822868347,"[5.0, 5.0, 5.0, 5.0, 5.0, 5.0, 5.0, 5.0, 5.0, 5.0, 5.0, 5.0, 5.0, 5.0, 5.0, 5.0, 5.0, 5.0, 5.0, 5.0, 5.0, 5.0, 4.984309673309326, 4.929350852966309, 4.882621765136719, 4.843729496002197, 4.8123674392700195, 4.7882513999938965, 4.77122163772583, 4.761120796203613, 4.7578840255737305, 4.761477470397949, 4.7719268798828125, 4.789322853088379, 4.81380033493042, 4.845547199249268, 4.884832382202148, 4.931966781616211, 4.987366676330566, 5.0, 5.0, 5.0, 5.0, 5.0, 5.0, 5.0, 5.0, 5.0, 5.0, 5.0, 5.0, 5.0, 5.0, 5.0, 5.0, 5.0, 5.0, 5.0, 5.0, 5.0]"
1.170189380645752,-1.131618857383728,-0.039113909006118774,0.05611348897218704,-0.10959812998771667,-0.8040978312492371,0.9080504775047302,-0.33673661947250366,0.24909746646881104,0.6041179895401001,0.1553824245929718,"[5.0, 5.0, 5.0, 5.0, 5.0, 5.0, 5.0, 5.0, 5.0, 5.0, 5.0, 5.0, 5.0, 5.0, 5.0, 5.0, 5.0, 5.0, 5.0, 5.0, 5.0, 5.0, 5.0, 4.9568986892700195, 4.906092166900635, 4.8633551597595215, 4.828298568725586, 4.800666332244873, 4.780220031738281, 4.766802787780762, 4.760288715362549, 4.760658264160156, 4.767892837524414, 4.7820515632629395, 4.803255558013916, 4.83165979385376, 4.8675007820129395, 4.911084175109863, 4.962775230407715, 5.0, 5.0, 5.0, 5.0, 5.0, 5.0, 5.0, 5.0, 5.0, 5.0, 5.0, 5.0, 5.0, 5.0, 5.0, 5.0, 5.0, 5.0, 5.0, 5.0, 5.0]"
1.2710264921188354,-1.103948950767517,0.03055986762046814,0.10930117964744568,-0.1662430763244629,-1.0066145658493042,0.9188066124916077,-0.2978496849536896,0.258991539478302,0.5735255479812622,0.15378576517105103,"[5.0, 5.0, 5.0, 5.0, 5.0, 5.0, 5.0, 5.0, 5.0, 5.0, 5.0, 5.0, 5.0, 5.0, 5.0, 5.0, 5.0, 5.0, 5.0, 5.0, 5.0, 5.0, 5.0, 5.0, 4.953180313110352, 4.905900478363037, 4.866589546203613, 4.834904193878174, 4.810586929321289, 4.7934441566467285, 4.783346176147461, 4.780180931091309, 4.783956527709961, 4.794699668884277, 4.8124823570251465, 4.837456703186035, 4.869809627532959, 4.909826278686523, 4.957834243774414, 5.0, 5.0, 5.0, 5.0, 5.0, 5.0, 5.0, 5.0, 5.0, 5.0, 5.0, 5.0, 5.0, 5.0, 5.0, 5.0, 5.0, 5.0, 5.0, 5.0, 5.0]"
1.374346375465393,-1.0691497325897217,0.10470226407051086,0.06249783933162689,-0.18358534574508667,-1.1379456520080566,0.9293405413627625,-0.25458842515945435,0.26740846037864685,0.5418183207511902,0.15036281943321228,"[5.0, 5.0, 5.0, 5.0, 5.0, 5.0, 5.0, 5.0, 5.0, 5.0, 5.0, 5.0, 5.0, 5.0, 5.0, 5.0, 5.0, 5.0, 5.0, 5.0, 5.0, 5.0, 5.0, 5.0, 5.0, 4.973055839538574, 4.9279985427856445, 4.8908796310424805, 4.861396789550781, 4.839315414428711, 4.8244524002075195, 4.816701889038086, 4.815975189208984, 4.822291374206543, 4.835687160491943, 4.856276035308838, 4.884222984313965, 4.919758319854736, 4.963168144226074, 5.0, 5.0, 5.0, 5.0, 5.0, 5.0, 5.0, 5.0, 5.0, 5.0, 5.0, 5.0, 5.0, 5.0, 5.0, 5.0, 5.0, 5.0, 5.0, 5.0, 5.0]"
1.4776679277420044,-1.0296356678009033,0.18063205480575562,-0.10432136058807373,-0.1430206298828125,-1.1646260023117065,0.9386475682258606,-0.208573117852211,0.27465304732322693,0.5089570879936218,0.14537763595581055,"[5.0, 5.0, 5.0, 5.0, 5.0, 5.0, 5.0, 5.0, 5.0, 5.0, 5.0, 5.0, 5.0, 5.0, 5.0, 5.0, 5.0, 5.0, 5.0, 5.0, 5.0, 5.0, 5.0, 5.0, 5.0, 5.0, 4.995624542236328, 4.950882911682129, 4.91415548324585, 4.885128974914551, 4.863558292388916, 4.849279880523682, 4.842161655426025, 4.842166900634766, 4.849273681640625, 4.863554954528809, 4.885116100311279, 4.914142608642578, 4.950873851776123, 4.99560546875, 5.0, 5.0, 5.0, 5.0, 5.0, 5.0, 5.0, 5.0, 5.0, 5.0, 5.0, 5.0, 5.0, 5.0, 5.0, 5.0, 5.0, 5.0, 5.0, 5.0]"
1.5781996250152588,-0.9892158508300781,0.25400590896606445,-0.36504995822906494,-0.12325739860534668,-1.0747976303100586,0.9461379647254944,-0.16169311106204987,0.28048935532569885,0.4749101996421814,0.13877850770950317,"[5.0, 5.0, 5.0, 5.0, 5.0, 5.0, 5.0, 5.0, 5.0, 5.0, 5.0, 5.0, 5.0, 5.0, 5.0, 5.0, 5.0, 5.0, 5.0, 5.0, 5.0, 5.0, 5.0, 5.0, 5.0, 5.0, 5.0, 5.0, 4.96991491317749, 4.931156158447266, 4.900208473205566, 4.876811504364014, 4.860785961151123, 4.851985454559326, 4.850342273712158, 4.855851650238037, 4.868540287017822, 4.888530254364014, 4.915977478027344, 4.951107025146484, 4.9942145347595215, 5.0, 5.0, 5.0, 5.0, 5.0, 5.0, 5.0, 5.0, 5.0, 5.0, 5.0, 5.0, 5.0, 5.0, 5.0, 5.0, 5.0, 5.0, 5.0]"
1.6735210418701172,-0.9532250761985779,0.31653472781181335,-0.6956065893173218,-0.1861659586429596,-0.8454311490058899,0.9517884850502014,-0.11585839837789536,0.2840265929698944,0.43986374139785767,0.13029950857162476,"[5.0, 5.0, 5.0, 5.0, 5.0, 5.0, 5.0, 5.0, 5.0, 5.0, 5.0, 5.0, 5.0, 5.0, 5.0, 5.0, 5.0, 5.0, 5.0, 5.0, 5.0, 5.0, 5.0, 5.0, 5.0, 5.0, 5.0, 5.0, 5.0, 5.0, 4.959438323974609, 4.9236626625061035, 4.895624160766602, 4.875077247619629, 4.861873626708984, 4.855895042419434, 4.857088088989258, 4.865461826324463, 4.881102561950684, 4.904118061065674, 4.934697151184082, 4.973114013671875, 5.0, 5.0, 5.0, 5.0, 5.0, 5.0, 5.0, 5.0, 5.0, 5.0, 5.0, 5.0, 5.0, 5.0, 5.0, 5.0, 5.0, 5.0]"
1.7614679336547852,-0.928359866142273,0.3627001941204071,-1.0978941917419434,-0.3006243109703064,-0.45520398020744324,0.9557950496673584,-0.07301322370767593,0.2848157584667206,0.40380850434303284,0.11998064815998077,"[5.0, 5.0, 5.0, 5.0, 5.0, 5.0, 5.0, 5.0, 5.0, 5.0, 5.0, 5.0, 5.0, 5.0, 5.0, 5.0, 5.0, 5.0, 5.0, 5.0, 5.0, 5.0, 5.0, 5.0, 5.0, 5.0, 5.0, 5.0, 5.0, 5.0, 5.0, 5.0, 4.963983058929443, 4.928064346313477, 4.899911880493164, 4.879279136657715, 4.865997791290283, 4.859976291656494, 4.861157417297363, 4.8695454597473145, 4.885223865509033, 4.908298015594482, 4.93897008895874, 4.9775004386901855, 5.0, 5.0, 5.0, 5.0, 5.0, 5.0, 5.0, 5.0, 5.0, 5.0, 5.0, 5.0, 5.0, 5.0, 5.0, 5.0]"
1.8397139310836792,-0.9215823411941528,0.3883518576622009,-1.555547833442688,-0.42623239755630493,0.09008121490478516,0.9583593606948853,-0.034401003271341324,0.2834760248661041,0.366839200258255,0.108438640832901,"[5.0, 5.0, 5.0, 5.0, 5.0, 5.0, 5.0, 5.0, 5.0, 5.0, 5.0, 5.0, 5.0, 5.0, 5.0, 5.0, 5.0, 5.0, 5.0, 5.0, 5.0, 5.0, 5.0, 5.0, 5.0, 5.0, 5.0, 5.0, 5.0, 5.0, 5.0, 5.0, 5.0, 5.0, 4.959182262420654, 4.920291423797607, 4.889238357543945, 4.865757942199707, 4.849678039550781, 4.840841293334961, 4.839199542999268, 4.8447065353393555, 4.857437610626221, 4.877492904663086, 4.905022621154785, 4.9402666091918945, 4.983523845672607, 5.0, 5.0, 5.0, 5.0, 5.0, 5.0, 5.0, 5.0, 5.0, 5.0, 5.0, 5.0, 5.0]"
1.9066812992095947,-0.9359430074691772,0.39774298667907715,-1.9071197509765625,-0.4946574866771698,0.6903508305549622,0.9594219326972961,0.0013431119732558727,0.2819608747959137,0.3289733827114105,0.096680648624897,"[5.0, 5.0, 5.0, 5.0, 5.0, 5.0, 5.0, 5.0, 5.0, 5.0, 5.0, 5.0, 5.0, 5.0, 5.0, 5.0, 5.0, 5.0, 5.0, 5.0, 5.0, 5.0, 5.0, 5.0, 5.0, 5.0, 5.0, 5.0, 5.0, 5.0, 5.0, 5.0, 5.0, 5.0, 5.0, 4.9499831199646, 4.899199962615967, 4.856617450714111, 4.821864128112793, 4.794644355773926, 4.77473783493042, 4.761998176574707, 4.7562971115112305, 4.757594108581543, 4.765913486480713, 4.781299114227295, 4.803905487060547, 4.833888053894043, 4.87151575088501, 4.917113780975342, 4.9710540771484375, 5.0, 5.0, 5.0, 5.0, 5.0, 5.0, 5.0, 5.0, 5.0]"
1.9616117477416992,-0.9699984192848206,0.38122496008872986,-2.011739730834961,-0.6537665724754333,1.2710591554641724,0.958930253982544,0.038533929735422134,0.28100064396858215,0.2905096411705017,0.08506099879741669,"[5.0, 5.0, 5.0, 5.0, 5.0, 5.0, 5.0, 5.0, 5.0, 5.0, 5.0, 5.0, 5.0, 5.0, 5.0, 5.0, 5.0, 5.0, 5.0, 5.0, 5.0, 5.0, 5.0, 5.0, 5.0, 5.0, 5.0, 5.0, 5.0, 5.0, 5.0, 5.0, 5.0, 5.0, 5.0, 4.989284515380859, 4.918776512145996, 4.857399940490723, 4.804581642150879, 4.759882926940918, 4.722882270812988, 4.693302154541016, 4.6708807945251465, 4.655442237854004, 4.64686918258667, 4.6450886726379395, 4.650062084197998, 4.661868095397949, 4.680581092834473, 4.706347465515137, 4.739398002624512, 4.779974937438965, 4.828463077545166, 4.885244846343994, 4.950847148895264, 5.0, 5.0, 5.0, 5.0, 5.0]"
2.0034067630767822,-1.0224940776824951,0.3192507326602936,-1.9669759273529053,-1.0881848335266113,1.8677996397018433,0.9565927982330322,0.0831315815448761,0.27930548787117004,0.251918762922287,0.07327891886234283,"[5.0, 5.0, 5.0, 5.0, 5.0, 5.0, 5.0, 5.0, 5.0, 5.0, 5.0, 5.0, 5.0, 5.0, 5.0, 5.0, 5.0, 5.0, 5.0, 5.0, 5.0, 5.0, 5.0, 5.0, 5.0, 5.0, 5.0, 5.0, 5.0, 5.0, 5.0, 5.0, 5.0, 5.0, 5.0, 5.0, 5.0, 4.965168476104736, 4.893150329589844, 4.8303070068359375, 4.776069641113281, 4.729943752288818, 4.691534042358398, 4.660514831542969, 4.636645793914795, 4.619715213775635, 4.609609127044678, 4.606219291687012, 4.6095356941223145, 4.619584083557129, 4.636434078216553, 4.660231590270996, 4.691174507141113, 4.729498386383057, 4.7755537033081055, 4.829710483551025, 4.892453193664551, 4.964372634887695, 5.0, 5.0]"
2.027536392211914,-1.0942100286483765,0.1888011395931244,-1.8448286056518555,-1.796691656112671,2.526262044906616,0.9499155282974243,0.1437373012304306,0.2774726152420044,0.21376173198223114,0.061737529933452606,"[5.0, 5.0, 5.0, 5.0, 5.0, 5.0, 5.0, 5.0, 5.0, 5.0, 5.0, 5.0, 5.0, 5.0, 5.0, 5.0, 5.0, 5.0, 5.0, 5.0, 5.0, 5.0, 5.0, 5.0, 5.0, 5.0, 5.0, 5.0, 5.0, 5.0, 5.0, 5.0, 5.0, 5.0, 5.0, 5.0, 5.0, 5.0, 5.0, 5.0, 5.0, 4.987713813781738, 4.929133892059326, 4.879151821136475, 4.837346076965332, 4.8033366203308105, 4.776854991912842, 4.757662296295166, 4.745619773864746, 4.740619659423828, 4.742630958557129, 4.75166130065918, 4.767775058746338, 4.79111909866333, 4.821874141693115, 4.860311508178711, 4.906757354736328, 4.961600303649902, 5.0, 5.0]"
2.0212292671203613,-1.1921887397766113,-0.008052647113800049,-1.8216791152954102,-2.4455008506774902,3.4175353050231934,0.9301617741584778,0.23158758878707886,0.28487807512283325,0.1773678958415985,0.05271273851394653,"[5.0, 5.0, 5.0, 5.0, 5.0, 5.0, 5.0, 5.0, 5.0, 5.0, 5.0, 5.0, 5.0, 5.0, 5.0, 5.0, 5.0, 5.0, 5.0, 5.0, 5.0, 5.0, 5.0, 5.0, 5.0, 5.0, 5.0, 5.0, 5.0, 5.0, 5.0, 5.0, 5.0, 5.0, 5.0, 5.0, 5.0, 5.0, 5.0, 5.0, 5.0, 5.0, 5.0, 5.0, 5.0, 5.0, 5.0, 5.0, 5.0, 5.0, 5.0, 5.0, 5.0, 5.0, 5.0, 5.0, 5.0, 5.0, 5.0, 5.0]"
1.9622746706008911,-1.3233705759048462,-0.26302534341812134,-2.149691343307495,-3.1739721298217773,4.629748344421387,0.877685010433197,0.3602491617202759,0.3160324990749359,0.14562390744686127,0.048508353531360626,"[5.0, 5.0, 5.0, 5.0, 5.0, 5.0, 5.0, 5.0, 5.0, 5.0, 5.0, 5.0, 5.0, 5.0, 5.0, 5.0, 5.0, 5.0, 5.0, 5.0, 5.0, 5.0, 5.0, 5.0, 5.0, 5.0, 5.0, 5.0, 5.0, 5.0, 5.0, 5.0, 5.0, 5.0, 5.0, 5.0, 5.0, 5.0, 5.0, 5.0, 5.0, 5.0, 5.0, 5.0, 5.0, 5.0, 5.0, 5.0, 5.0, 5.0, 5.0, 5.0, 5.0, 5.0, 5.0, 5.0, 5.0, 5.0, 5.0, 5.0]"
1.8241424560546875,-1.4858065843582153,-0.5349933505058289,-2.752161741256714,-3.929654598236084,6.163301467895508,0.760459840297699,0.52622389793396,0.3804922103881836,0.12394150346517563,0.05099480599164963,"[5.0, 5.0, 5.0, 5.0, 5.0, 5.0, 5.0, 5.0, 5.0, 5.0, 5.0, 5.0, 5.0, 5.0, 5.0, 5.0, 5.0, 5.0, 5.0, 5.0, 5.0, 5.0, 5.0, 5.0, 5.0, 5.0, 5.0, 5.0, 5.0, 5.0, 5.0, 5.0, 5.0, 5.0, 5.0, 5.0, 5.0, 5.0, 5.0, 5.0, 5.0, 5.0, 5.0, 5.0, 5.0, 5.0, 5.0, 5.0, 5.0, 5.0, 5.0, 5.0, 5.0, 5.0, 5.0, 5.0, 5.0, 5.0, 5.0, 5.0]"
1.5839368104934692,-1.663185477256775,-0.7678550481796265,-3.4462122917175293,-4.486731052398682,7.955995559692383,0.5838829278945923,0.6697490215301514,0.45880475640296936,0.1184033453464508,0.0611393004655838,"[5.0, 5.0, 5.0, 5.0, 5.0, 5.0, 5.0, 5.0, 5.0, 5.0, 5.0, 5.0, 5.0, 5.0, 5.0, 5.0, 5.0, 5.0, 5.0, 5.0, 5.0, 5.0, 5.0, 5.0, 5.0, 5.0, 5.0, 5.0, 5.0, 5.0, 5.0, 5.0, 5.0, 5.0, 5.0, 5.0, 5.0, 5.0, 5.0, 5.0, 5.0, 5.0, 5.0, 5.0, 5.0, 5.0, 5.0, 5.0, 5.0, 5.0, 5.0, 5.0, 5.0, 5.0, 5.0, 5.0, 5.0, 5.0, 5.0, 5.0]"
1.2396968603134155,-1.822846531867981,-0.8901395201683044,-4.082904815673828,-4.540566444396973,9.77033519744873,0.4452870786190033,0.731120228767395,0.5168843865394592,0.12936584651470184,0.07811152935028076,"[5.0, 5.0, 5.0, 5.0, 5.0, 5.0, 5.0, 5.0, 5.0, 5.0, 5.0, 5.0, 5.0, 5.0, 5.0, 5.0, 5.0, 5.0, 5.0, 5.0, 5.0, 5.0, 5.0, 5.0, 5.0, 5.0, 5.0, 5.0, 5.0, 5.0, 5.0, 5.0, 5.0, 5.0, 5.0, 5.0, 5.0, 5.0, 5.0, 5.0, 5.0, 5.0, 5.0, 5.0, 5.0, 5.0, 5.0, 5.0, 5.0, 5.0, 5.0, 5.0, 5.0, 5.0, 5.0, 5.0, 5.0, 5.0, 5.0, 5.0]"
0.8058361411094666,-1.9227073192596436,-0.91142338514328,-4.876554489135742,-4.189217567443848,11.599347114562988,0.41317448019981384,0.7222345471382141,0.5546649098396301,0.15005145967006683,0.10002590715885162,"[5.0, 5.0, 5.0, 5.0, 5.0, 5.0, 5.0, 5.0, 5.0, 5.0, 5.0, 5.0, 5.0, 5.0, 5.0, 5.0, 5.0, 5.0, 5.0, 5.0, 5.0, 5.0, 5.0, 5.0, 5.0, 5.0, 5.0, 5.0, 5.0, 5.0, 5.0, 5.0, 5.0, 5.0, 5.0, 5.0, 5.0, 5.0, 5.0, 5.0, 5.0, 5.0, 5.0, 5.0, 5.0, 5.0, 5.0, 5.0, 5.0, 5.0, 5.0, 5.0, 5.0, 4.927204132080078, 4.804250240325928, 4.694219589233398, 4.595848560333252, 4.508071422576904, 4.429980278015137, 4.360806465148926]"
0.3128318786621094,-1.924057960510254,-0.8596845865249634,-5.013814926147461,-4.09883975982666,13.011112213134766,0.47223299741744995,0.667632520198822,0.5755462050437927,0.17425288259983063,0.12264008074998856,"[5.0, 5.0, 5.0, 5.0, 5.0, 5.0, 5.0, 5.0, 5.0, 5.0, 5.0, 5.0, 5.0, 5.0, 5.0, 5.0, 5.0, 5.0, 5.0, 5.0, 5.0, 5.0, 5.0, 5.0, 5.0, 5.0, 5.0, 5.0, 5.0, 5.0, 5.0, 5.0, 5.0, 5.0, 5.0, 5.0, 5.0, 5.0, 5.0, 5.0, 5.0, 5.0, 5.0, 5.0, 5.0, 5.0, 4.814767837524414, 4.637372016906738, 4.47900390625, 4.337239742279053, 4.210058689117432, 4.095793724060059, 3.9930450916290283, 3.9006216526031494, 3.8175241947174072, 3.7429051399230957, 3.6760365962982178, 3.6162967681884766, 3.5631556510925293, 3.516162633895874]"
-0.19036702811717987,-1.8066884279251099,-0.7452921867370605,-4.317057132720947,-4.74699068069458,13.71954345703125,0.5858078598976135,0.5770590305328369,0.5690552592277527,0.20060259103775024,0.1388237178325653,"[5.0, 5.0, 5.0, 5.0, 5.0, 5.0, 5.0, 5.0, 5.0, 5.0, 5.0, 5.0, 5.0, 5.0, 5.0, 5.0, 5.0, 5.0, 5.0, 5.0, 5.0, 5.0, 5.0, 5.0, 5.0, 5.0, 5.0, 5.0, 5.0, 5.0, 5.0, 5.0, 5.0, 5.0, 5.0, 5.0, 5.0, 5.0, 5.0, 5.0, 5.0, 4.796889781951904, 4.586729526519775, 4.400419235229492, 4.234546661376953, 4.086328506469727, 3.9534969329833984, 3.8341562747955322, 3.726752519607544, 3.629966974258423, 3.542685031890869, 3.4639828205108643, 3.3930487632751465, 3.3292059898376465, 3.2718656063079834, 3.2205207347869873, 3.1747500896453857, 3.134186267852783, 3.098492383956909, 3.067416191101074]"
-0.6381918787956238,-1.5786842107772827,-0.5637097954750061,-3.130836009979248,-5.693964958190918,13.616959571838379,0.7202087044715881,0.4560265839099884,0.522811233997345,0.2303110510110855,0.14125174283981323,"[5.0, 5.0, 5.0, 5.0, 5.0, 5.0, 5.0, 5.0, 5.0, 5.0, 5.0, 5.0, 5.0, 5.0, 5.0, 5.0, 5.0, 5.0, 5.0, 5.0, 5.0, 5.0, 5.0, 5.0, 5.0, 5.0, 5.0, 5.0, 5.0, 5.0, 5.0, 5.0, 5.0, 5.0, 5.0, 5.0, 5.0, 5.0, 4.975069046020508, 4.7405548095703125, 4.533609390258789, 4.3500800132751465, 4.1865997314453125, 4.04046106338501, 3.9094293117523193, 3.7916712760925293, 3.6856496334075928, 3.590073347091675, 3.5038559436798096, 3.426074266433716, 3.3559458255767822, 3.292806625366211, 3.2360527515411377, 3.1852238178253174, 3.13987398147583, 3.099646806716919, 3.0642168521881104, 3.033339500427246, 3.006777763366699, 2.984349489212036]"
-0.9833357930183411,-1.270700216293335,-0.3515336215496063,-1.9203276634216309,-6.198512077331543,13.316990852355957,0.8463526368141174,0.30504894256591797,0.4366067051887512,0.2623027265071869,0.12729762494564056,"[5.0, 5.0, 5.0, 5.0, 5.0, 5.0, 5.0, 5.0, 5.0, 5.0, 5.0, 5.0, 5.0, 5.0, 5.0, 5.0, 5.0, 5.0, 5.0, 5.0, 5.0, 5.0, 5.0, 5.0, 5.0, 5.0, 5.0, 5.0, 5.0, 5.0, 5.0, 5.0, 5.0, 5.0, 5.0, 5.0, 5.0, 5.0, 5.0, 4.851674556732178, 4.657436370849609, 4.484510898590088, 4.330029010772705, 4.191623687744141, 4.067357540130615, 3.955582618713379, 3.854951858520508, 3.764315366744995, 3.6826813220977783, 3.6092472076416016, 3.5432775020599365, 3.484184980392456, 3.431440830230713, 3.3845911026000977, 3.3432798385620117, 3.3071606159210205, 3.275974750518799, 3.2494773864746094, 3.2274787425994873, 3.2098119258880615]"
-1.203927755355835,-0.9189577698707581,-0.16837793588638306,-0.5519058108329773,-6.183614730834961,12.535585403442383,0.9374222159385681,0.13155831396579742,0.32237473130226135,0.2931225299835205,0.09982509166002274,"[5.0, 5.0, 5.0, 5.0, 5.0, 5.0, 5.0, 5.0, 5.0, 5.0, 5.0, 5.0, 5.0, 5.0, 5.0, 5.0, 5.0, 5.0, 5.0, 5.0, 5.0, 5.0, 5.0, 5.0, 5.0, 5.0, 5.0, 5.0, 5.0, 5.0, 5.0, 5.0, 5.0, 5.0, 5.0, 5.0, 5.0, 5.0, 5.0, 5.0, 5.0, 5.0, 5.0, 4.928491592407227, 4.7854084968566895, 4.6571502685546875, 4.542115688323975, 4.438937664031982, 4.346482276916504, 4.263760089874268, 4.189974308013916, 4.124392509460449, 4.066431522369385, 4.015573978424072, 3.9713969230651855, 3.9335360527038574, 3.901700258255005, 3.8756089210510254, 3.855093240737915, 3.839979410171509]"
-1.3058685064315796,-0.5653327703475952,-0.05891112983226776,1.1865174770355225,-5.066800117492676,11.477863311767578,0.9760490655899048,-0.05143848806619644,0.2113671600818634,0.3198717534542084,0.06917345523834229,"[5.0, 5.0, 5.0, 5.0, 5.0, 5.0, 5.0, 5.0, 5.0, 5.0, 5.0, 5.0, 5.0, 5.0, 5.0, 5.0, 5.0, 5.0, 5.0, 5.0, 5.0, 5.0, 5.0, 5.0, 5.0, 5.0, 5.0, 5.0, 5.0, 5.0, 5.0, 5.0, 5.0, 5.0, 5.0, 5.0, 5.0, 5.0, 5.0, 5.0, 5.0, 5.0, 5.0, 5.0, 5.0, 5.0, 5.0, 5.0, 5.0, 5.0, 5.0, 5.0, 5.0, 5.0, 5.0, 5.0, 5.0, 5.0, 5.0, 5.0]"
-1.3136820793151855,-0.25193923711776733,-0.06368537247180939,2.6588001251220703,-2.4781336784362793,9.368078231811523,0.9648882746696472,-0.21539755165576935,0.150295227766037,0.34395831823349,0.05228939652442932,"[5.0, 5.0, 5.0, 5.0, 5.0, 5.0, 5.0, 5.0, 5.0, 5.0, 5.0, 5.0, 5.0, 5.0, 5.0, 5.0, 5.0, 5.0, 5.0, 5.0, 5.0, 5.0, 5.0, 5.0, 5.0, 5.0, 5.0, 5.0, 5.0, 5.0, 5.0, 5.0, 5.0, 5.0, 5.0, 5.0, 5.0, 5.0, 5.0, 5.0, 5.0, 5.0, 5.0, 5.0, 5.0, 5.0, 5.0, 5.0, 5.0, 5.0, 5.0, 5.0, 5.0, 5.0, 5.0, 5.0, 5.0, 5.0, 5.0, 5.0]"
-1.2724056243896484,-0.032763585448265076,-0.14866824448108673,4.227564334869385,-0.5381302237510681,6.0449042320251465,0.9335246682167053,-0.3260427713394165,0.14907149970531464,0.3680049180984497,0.05547909811139107,"[5.0, 5.0, 5.0, 5.0, 5.0, 5.0, 5.0, 5.0, 5.0, 5.0, 5.0, 5.0, 5.0, 5.0, 5.0, 5.0, 5.0, 5.0, 5.0, 5.0, 5.0, 5.0, 5.0, 5.0, 5.0, 5.0, 5.0, 5.0, 5.0, 5.0, 5.0, 5.0, 5.0, 5.0, 5.0, 5.0, 5.0, 5.0, 5.0, 5.0, 5.0, 5.0, 5.0, 5.0, 5.0, 5.0, 5.0, 5.0, 5.0, 5.0, 5.0, 5.0, 5.0, 5.0, 5.0, 5.0, 5.0, 5.0, 5.0, 5.0]"
-1.2129759788513184,0.07221616059541702,-0.20339155197143555,4.956355094909668,1.1311421394348145,2.653876543045044,0.9085339903831482,-0.37023764848709106,0.19361065328121185,0.3916262984275818,0.07728558778762817,"[5.0, 5.0, 5.0, 5.0, 5.0, 5.0, 5.0, 5.0, 5.0, 5.0, 5.0, 5.0, 5.0, 5.0, 5.0, 5.0, 5.0, 5.0, 5.0, 5.0, 5.0, 5.0, 5.0, 5.0, 5.0, 5.0, 5.0, 5.0, 5.0, 5.0, 5.0, 5.0, 5.0, 5.0, 5.0, 5.0, 5.0, 5.0, 5.0, 5.0, 5.0, 5.0, 5.0, 5.0, 5.0, 5.0, 5.0, 5.0, 5.0, 5.0, 5.0, 5.0, 5.0, 5.0, 5.0, 5.0, 5.0, 5.0, 5.0, 5.0]"
-1.1514613628387451,0.08564280718564987,-0.12833279371261597,4.667428016662598,2.444615125656128,-0.2117241621017456,0.8985434174537659,-0.3545854389667511,0.2586198151111603,0.41238439083099365,0.11040718853473663,"[5.0, 5.0, 5.0, 5.0, 5.0, 5.0, 5.0, 5.0, 5.0, 5.0, 5.0, 5.0, 5.0, 5.0, 5.0, 5.0, 5.0, 5.0, 5.0, 5.0, 5.0, 5.0, 5.0, 5.0, 5.0, 5.0, 5.0, 5.0, 5.0, 5.0, 5.0, 5.0, 5.0, 5.0, 5.0, 5.0, 5.0, 5.0, 5.0, 5.0, 5.0, 5.0, 5.0, 5.0, 5.0, 5.0, 5.0, 5.0, 5.0, 5.0, 5.0, 5.0, 5.0, 5.0, 5.0, 5.0, 5.0, 5.0, 5.0, 5.0]"
-1.0936464071273804,0.03897775709629059,0.03445097804069519,4.150240421295166,2.8126626014709473,-2.131124973297119,0.8998008966445923,-0.2973327040672302,0.3192918002605438,0.4291687607765198,0.14459924399852753,"[5.0, 5.0, 5.0, 5.0, 5.0, 5.0, 5.0, 5.0, 5.0, 5.0, 5.0, 5.0, 4.991879940032959, 4.989409446716309, 4.994457721710205, 5.0, 5.0, 5.0, 5.0, 5.0, 5.0, 5.0, 5.0, 5.0, 5.0, 5.0, 5.0, 5.0, 5.0, 5.0, 5.0, 5.0, 5.0, 5.0, 5.0, 5.0, 5.0, 5.0, 5.0, 5.0, 5.0, 5.0, 5.0, 5.0, 5.0, 5.0, 5.0, 5.0, 5.0, 5.0, 5.0, 5.0, 5.0, 5.0, 5.0, 5.0, 5.0, 5.0, 5.0, 5.0]"
-1.0329667329788208,-0.03542298078536987,0.22828534245491028,3.480268716812134,2.937222957611084,-2.8583579063415527,0.9036091566085815,-0.22167812287807465,0.36653101444244385,0.4426072835922241,0.17436444759368896,"[4.024181842803955, 3.959240198135376, 3.9015567302703857, 3.850616931915283, 3.8060150146484375, 3.7673912048339844, 3.734438896179199, 3.706904649734497, 3.6845943927764893, 3.6673333644866943, 3.6550095081329346, 3.6475157737731934, 3.6448192596435547, 3.6468818187713623, 3.653738498687744, 3.6654233932495117, 3.682020664215088, 3.7036569118499756, 3.7304837703704834, 3.762709856033325, 3.8005645275115967, 3.8443634510040283, 3.8944296836853027, 3.9512007236480713, 4.015152454376221, 4.086851119995117, 4.166958808898926, 4.2562642097473145, 4.355686187744141, 4.466278553009033, 4.589321136474609, 4.726328372955322, 4.879087448120117, 5.0, 5.0, 5.0, 5.0, 5.0, 5.0, 5.0, 5.0, 5.0, 5.0, 5.0, 5.0, 5.0, 5.0, 5.0, 5.0, 5.0, 5.0, 5.0, 5.0, 5.0, 5.0, 5.0, 5.0, 5.0, 5.0, 5.0]"
-0.9616091251373291,-0.12201875448226929,0.266269326210022,2.952956438064575,-0.4565252661705017,-3.0023999214172363,0.9212568998336792,-0.14305591583251953,0.3616858124732971,0.45944905281066895,0.17824368178844452,"[3.561605930328369, 3.5121541023254395, 3.4684343338012695, 3.430119752883911, 3.396914482116699, 3.368556499481201, 3.34486722946167, 3.325657844543457, 3.310798406600952, 3.3001952171325684, 3.293776750564575, 3.29148006439209, 3.2933151721954346, 3.2992796897888184, 3.3094193935394287, 3.3238015174865723, 3.342525005340576, 3.3657214641571045, 3.3935461044311523, 3.4262142181396484, 3.4639437198638916, 3.507047414779663, 3.5558555126190186, 3.6107418537139893, 3.6721951961517334, 3.74072265625, 3.8169760704040527, 3.901658773422241, 3.9956533908843994, 4.099941730499268, 4.215722560882568, 4.344375133514404, 4.487595558166504, 4.647363662719727, 4.826113700866699, 5.0, 5.0, 5.0, 5.0, 5.0, 5.0, 5.0, 5.0, 5.0, 5.0, 5.0, 5.0, 5.0, 5.0, 5.0, 5.0, 5.0, 5.0, 5.0, 5.0, 5.0, 5.0, 5.0, 5.0, 5.0]"
-0.8648598194122314,-0.20880866050720215,0.28970977663993835,2.148517370223999,-2.667142152786255,-2.751213550567627,0.9487055540084839,-0.07136207818984985,0.3079955577850342,0.4802600145339966,0.15547633171081543,"[3.6161792278289795, 3.5747716426849365, 3.5388023853302, 3.5079972743988037, 3.482137441635132, 3.461024761199951, 3.4445199966430664, 3.4325058460235596, 3.4249014854431152, 3.4216487407684326, 3.422724962234497, 3.428140640258789, 3.4379353523254395, 3.4521758556365967, 3.4709575176239014, 3.4944069385528564, 3.5227081775665283, 3.556061029434204, 3.594698905944824, 3.6389315128326416, 3.6891024112701416, 3.745612621307373, 3.8089559078216553, 3.8796770572662354, 3.958420991897583, 4.045958042144775, 4.143185615539551, 4.251116752624512, 4.371006488800049, 4.504323959350586, 4.652786731719971, 4.818497180938721, 5.0, 5.0, 5.0, 5.0, 5.0, 5.0, 5.0, 5.0, 5.0, 5.0, 5.0, 5.0, 5.0, 5.0, 5.0, 5.0, 5.0, 5.0, 5.0, 5.0, 5.0, 5.0, 5.0, 5.0, 5.0, 5.0, 5.0, 5.0]"
-0.7572076320648193,-0.28992393612861633,0.344802588224411,0.8213692307472229,-2.725615978240967,-1.9774904251098633,0.9708670973777771,-0.01533364038914442,0.2391192615032196,0.4993729591369629,0.12297749519348145,"[3.933621644973755, 3.8963053226470947, 3.8647637367248535, 3.8387656211853027, 3.818120002746582, 3.8026769161224365, 3.792328357696533, 3.786983013153076, 3.7866170406341553, 3.7912349700927734, 3.8008499145507812, 3.8155479431152344, 3.8354337215423584, 3.8606324195861816, 3.891350269317627, 3.9278111457824707, 3.9703047275543213, 4.019145965576172, 4.074753284454346, 4.137596130371094, 4.2082014083862305, 4.287236213684082, 4.375457286834717, 4.473723888397217, 4.5830864906311035, 4.704768657684326, 4.840233325958252, 4.9911723136901855, 5.0, 5.0, 5.0, 5.0, 5.0, 5.0, 5.0, 5.0, 5.0, 5.0, 5.0, 5.0, 5.0, 5.0, 5.0, 5.0, 5.0, 5.0, 5.0, 5.0, 5.0, 5.0, 5.0, 5.0, 5.0, 5.0, 5.0, 5.0, 5.0, 5.0, 5.0, 5.0]"
-0.6621075868606567,-0.3638005554676056,0.35576462745666504,-0.5264644622802734,-1.5426397323608398,-0.5254126191139221,0.9824751615524292,0.01499790046364069,0.1857789009809494,0.5145315527915955,0.09728283435106277,"[4.383117198944092, 4.344192981719971, 4.311870574951172, 4.285897731781006, 4.266069412231445, 4.252244472503662, 4.244316577911377, 4.242216110229492, 4.245944976806641, 4.255517482757568, 4.271007537841797, 4.292539119720459, 4.320267677307129, 4.354403495788574, 4.395236492156982, 4.443073749542236, 4.498314380645752, 4.561446666717529, 4.633007049560547, 4.713658332824707, 4.80418586730957, 4.905468940734863, 5.0, 5.0, 5.0, 5.0, 5.0, 5.0, 5.0, 5.0, 5.0, 5.0, 5.0, 5.0, 5.0, 5.0, 5.0, 5.0, 5.0, 5.0, 5.0, 5.0, 5.0, 5.0, 5.0, 5.0, 5.0, 5.0, 5.0, 5.0, 5.0, 5.0, 5.0, 5.0, 5.0, 5.0, 5.0, 5.0, 5.0, 5.0]"
-0.5964471101760864,-0.42373141646385193,0.30422043800354004,-1.961704969406128,0.9704282283782959,1.6538552045822144,0.9842084050178528,0.006976831704378128,0.17686504125595093,0.52660071849823,0.09462926536798477,"[4.717986583709717, 4.665278434753418, 4.620242118835449, 4.582498550415039, 4.551747798919678, 4.527750492095947, 4.5103044509887695, 4.499278545379639, 4.494600296020508, 4.496219635009766, 4.504165172576904, 4.518479347229004, 4.539280891418457, 4.566734313964844, 4.6010518074035645, 4.642505168914795, 4.691440582275391, 4.74826717376709, 4.813476085662842, 4.887650012969971, 4.971494197845459, 5.0, 5.0, 5.0, 5.0, 5.0, 5.0, 5.0, 5.0, 5.0, 5.0, 5.0, 5.0, 5.0, 5.0, 5.0, 5.0, 5.0, 5.0, 5.0, 5.0, 5.0, 5.0, 5.0, 5.0, 5.0, 5.0, 5.0, 5.0, 5.0, 5.0, 5.0, 5.0, 5.0, 5.0, 5.0, 5.0, 5.0, 5.0, 5.0]"
-0.5566466450691223,-0.4593362808227539,0.18869195878505707,-2.42452335357666,2.4992339611053467,3.2731120586395264,0.9780880808830261,-0.035033125430345535,0.20521345734596252,0.5363916754722595,0.1124686524271965,"[4.736774444580078, 4.665894031524658, 4.603545665740967, 4.5491814613342285, 4.502335548400879, 4.462627410888672, 4.429732799530029, 4.403385162353516, 4.383389949798584, 4.369593143463135, 4.3618927001953125, 4.360223293304443, 4.364581108093262, 4.374993324279785, 4.391542911529541, 4.414340972900391, 4.443589210510254, 4.479491233825684, 4.522341251373291, 4.572494029998779, 4.630359649658203, 4.69643497467041, 4.771325588226318, 4.855715274810791, 4.950409889221191, 5.0, 5.0, 5.0, 5.0, 5.0, 5.0, 5.0, 5.0, 5.0, 5.0, 5.0, 5.0, 5.0, 5.0, 5.0, 5.0, 5.0, 5.0, 5.0, 5.0, 5.0, 5.0, 5.0, 5.0, 5.0, 5.0, 5.0, 5.0, 5.0, 5.0, 5.0, 5.0, 5.0, 5.0, 5.0]"
-0.5229390263557434,-0.4736132323741913,0.07784481346607208,-2.081192970275879,2.381777048110962,3.855393886566162,0.9661198854446411,-0.09315090626478195,0.24068975448608398,0.5438713431358337,0.13486939668655396,"[4.5545244216918945, 4.475379943847656, 4.404959201812744, 4.342637062072754, 4.287866592407227, 4.240187644958496, 4.199199199676514, 4.164594650268555, 4.136109828948975, 4.113500595092773, 4.096625328063965, 4.085359573364258, 4.07959508895874, 4.079308986663818, 4.084502220153809, 4.095212936401367, 4.111501216888428, 4.133504867553711, 4.161386013031006, 4.195343017578125, 4.235662937164307, 4.28262996673584, 4.336655616760254, 4.398178577423096, 4.467728614807129, 4.545942783355713, 4.633557319641113, 4.731421947479248, 4.840559482574463, 4.962143421173096, 5.0, 5.0, 5.0, 5.0, 5.0, 5.0, 5.0, 5.0, 5.0, 5.0, 5.0, 5.0, 5.0, 5.0, 5.0, 5.0, 5.0, 5.0, 5.0, 5.0, 5.0, 5.0, 5.0, 5.0, 5.0, 5.0, 5.0, 5.0, 5.0, 5.0]"
-0.48737409710884094,-0.480733186006546,0.022258266806602478,-1.520999789237976,0.54399573802948,3.504879951477051,0.9567312598228455,-0.1477501392364502,0.2506621778011322,0.5513127446174622,0.14275088906288147,"[4.550523281097412, 4.470339775085449, 4.3989481925964355, 4.335685729980469, 4.280013084411621, 4.2314558029174805, 4.189603805541992, 4.154149532318115, 4.124810695648193, 4.101353645324707, 4.083608627319336, 4.071448802947998, 4.064794540405273, 4.063577651977539, 4.067796230316162, 4.077488422393799, 4.092710018157959, 4.113587379455566, 4.14027738571167, 4.172969341278076, 4.211904048919678, 4.2574262619018555, 4.30986213684082, 4.369659900665283, 4.437333583831787, 4.513495922088623, 4.59885835647583, 4.694221019744873, 4.800577640533447, 4.919079303741455, 5.0, 5.0, 5.0, 5.0, 5.0, 5.0, 5.0, 5.0, 5.0, 5.0, 5.0, 5.0, 5.0, 5.0, 5.0, 5.0, 5.0, 5.0, 5.0, 5.0, 5.0, 5.0, 5.0, 5.0, 5.0, 5.0, 5.0, 5.0, 5.0, 5.0]"
-0.4445432424545288,-0.49181249737739563,0.03417690098285675,-1.6357446908950806,0.44436508417129517,3.5508921146392822,0.9473862648010254,-0.20017193257808685,0.2497737854719162,0.5580548048019409,0.14395034313201904,"[4.6602325439453125, 4.578596115112305, 4.505988597869873, 4.441743850708008, 4.385288238525391, 4.336164474487305, 4.293943405151367, 4.258306980133057, 4.228964805603027, 4.20569372177124, 4.188332557678223, 4.176724433898926, 4.17081880569458, 4.170541286468506, 4.175906181335449, 4.186960697174072, 4.203763008117676, 4.22645378112793, 4.255191802978516, 4.290221691131592, 4.331778049468994, 4.380236625671387, 4.435952663421631, 4.4994215965271, 4.57119607925415, 4.651928424835205, 4.7423787117004395, 4.84344482421875, 4.956197261810303, 5.0, 5.0, 5.0, 5.0, 5.0, 5.0, 5.0, 5.0, 5.0, 5.0, 5.0, 5.0, 5.0, 5.0, 5.0, 5.0, 5.0, 5.0, 5.0, 5.0, 5.0, 5.0, 5.0, 5.0, 5.0, 5.0, 5.0, 5.0, 5.0, 5.0, 5.0]"
-0.40310603380203247,-0.5053927898406982,0.037611812353134155,-1.7273939847946167,0.5548394918441772,3.529059886932373,0.9354065656661987,-0.25171566009521484,0.24829493463039398,0.5634216666221619,0.14441750943660736,"[4.792502403259277, 4.70739221572876, 4.6317009925842285, 4.5647430419921875, 4.505912780761719, 4.454716205596924, 4.410722255706787, 4.3735575675964355, 4.342950820922852, 4.318647861480713, 4.30048942565918, 4.288304805755615, 4.282022476196289, 4.281596660614014, 4.287020206451416, 4.298332214355469, 4.315621852874756, 4.339010238647461, 4.368679523468018, 4.404855251312256, 4.447843074798584, 4.49796199798584, 4.555642604827881, 4.621373653411865, 4.695748329162598, 4.779437065124512, 4.873251438140869, 4.978134632110596, 5.0, 5.0, 5.0, 5.0, 5.0, 5.0, 5.0, 5.0, 5.0, 5.0, 5.0, 5.0, 5.0, 5.0, 5.0, 5.0, 5.0, 5.0, 5.0, 5.0, 5.0, 5.0, 5.0, 5.0, 5.0, 5.0, 5.0, 5.0, 5.0, 5.0, 5.0, 5.0]"
-0.36251145601272583,-0.5213597416877747,0.02948354184627533,-1.6590526103973389,0.6615976095199585,3.3745529651641846,0.921197772026062,-0.2998643219470978,0.2479366660118103,0.5672526359558105,0.14517593383789062,"[4.903003692626953, 4.813668251037598, 4.734177112579346, 4.6638078689575195, 4.601903438568115, 4.547935962677002, 4.501437664031982, 4.462035179138184, 4.429408073425293, 4.403304576873779, 4.383514404296875, 4.3698954582214355, 4.362356662750244, 4.360825061798096, 4.365286350250244, 4.375783443450928, 4.392387390136719, 4.415235996246338, 4.4444966316223145, 4.48038911819458, 4.523205280303955, 4.573291778564453, 4.631070613861084, 4.697037696838379, 4.771768569946289, 4.855950355529785, 4.950417995452881, 5.0, 5.0, 5.0, 5.0, 5.0, 5.0, 5.0, 5.0, 5.0, 5.0, 5.0, 5.0, 5.0, 5.0, 5.0, 5.0, 5.0, 5.0, 5.0, 5.0, 5.0, 5.0, 5.0, 5.0, 5.0, 5.0, 5.0, 5.0, 5.0, 5.0, 5.0, 5.0, 5.0]"
-0.3209240138530731,-0.5402125716209412,0.021274060010910034,-1.3980810642242432,0.6810402870178223,3.0490739345550537,0.9063966274261475,-0.3413103520870209,0.24889563024044037,0.569579005241394,0.14637227356433868,"[4.95818567276001, 4.866138458251953, 4.78421688079834, 4.711629867553711, 4.647706508636475, 4.59188175201416, 4.54369592666626, 4.502749443054199, 4.468689918518066, 4.441259860992432, 4.420258045196533, 4.405508518218994, 4.39689826965332, 4.394375801086426, 4.39792013168335, 4.407552242279053, 4.42335319519043, 4.445424556732178, 4.473944664001465, 4.509144306182861, 4.55129861831665, 4.600741386413574, 4.657880783081055, 4.723220348358154, 4.797329902648926, 4.880896091461182, 4.974728584289551, 5.0, 5.0, 5.0, 5.0, 5.0, 5.0, 5.0, 5.0, 5.0, 5.0, 5.0, 5.0, 5.0, 5.0, 5.0, 5.0, 5.0, 5.0, 5.0, 5.0, 5.0, 5.0, 5.0, 5.0, 5.0, 5.0, 5.0, 5.0, 5.0, 5.0, 5.0, 5.0, 5.0]"
-0.27683237195014954,-0.5629048943519592,0.02724812924861908,-1.1049988269805908,0.6273422241210938,2.634857177734375,0.8928850293159485,-0.3741547465324402,0.2505217492580414,0.5704443454742432,0.14761631190776825,"[4.96095085144043, 4.868460655212402, 4.786118030548096, 4.713134288787842, 4.64884090423584, 4.5926666259765625, 4.544149398803711, 4.502875328063965, 4.468509674072266, 4.440779209136963, 4.419466972351074, 4.404420852661133, 4.3955230712890625, 4.392702579498291, 4.395932197570801, 4.405256748199463, 4.420732498168945, 4.442474365234375, 4.470666885375977, 4.505493640899658, 4.54727029800415, 4.596299171447754, 4.6530046463012695, 4.7178778648376465, 4.791494846343994, 4.874507904052734, 4.967741012573242, 5.0, 5.0, 5.0, 5.0, 5.0, 5.0, 5.0, 5.0, 5.0, 5.0, 5.0, 5.0, 5.0, 5.0, 5.0, 5.0, 5.0, 5.0, 5.0, 5.0, 5.0, 5.0, 5.0, 5.0, 5.0, 5.0, 5.0, 5.0, 5.0, 5.0, 5.0, 5.0, 5.0]"
-0.2297113686800003,-0.5900068283081055,0.04910872131586075,-0.8818308115005493,0.5354689955711365,2.223334789276123,0.8819426894187927,-0.39847666025161743,0.2517738342285156,0.5699020624160767,0.14826281368732452,"[4.939908981323242, 4.848224639892578, 4.766605854034424, 4.694271564483643, 4.630570888519287, 4.574927806854248, 4.526887893676758, 4.486027717590332, 4.45203971862793, 4.4246506690979, 4.403639316558838, 4.388848304748535, 4.380183696746826, 4.3775506019592285, 4.380959510803223, 4.390416145324707, 4.405999660491943, 4.427830219268799, 4.456070423126221, 4.490940570831299, 4.5327067375183105, 4.581710338592529, 4.638373851776123, 4.703157424926758, 4.7766547203063965, 4.859523773193359, 4.952583312988281, 5.0, 5.0, 5.0, 5.0, 5.0, 5.0, 5.0, 5.0, 5.0, 5.0, 5.0, 5.0, 5.0, 5.0, 5.0, 5.0, 5.0, 5.0, 5.0, 5.0, 5.0, 5.0, 5.0, 5.0, 5.0, 5.0, 5.0, 5.0, 5.0, 5.0, 5.0, 5.0, 5.0]"
-0.17958347499370575,-0.621322751045227,0.0792895182967186,-0.7469229698181152,0.451966792345047,1.8620517253875732,0.8740108609199524,-0.4154168367385864,0.2520522177219391,0.568024218082428,0.14794877171516418,"[4.919597148895264, 4.82874059677124, 4.747853755950928, 4.676182746887207, 4.613070487976074, 4.557974815368652, 4.510399341583252, 4.469974994659424, 4.4363789558410645, 4.409328460693359, 4.388638973236084, 4.374130725860596, 4.365698337554932, 4.363296985626221, 4.366893768310547, 4.376499652862549, 4.39222526550293, 4.414164066314697, 4.442483425140381, 4.477408409118652, 4.519208908081055, 4.568234443664551, 4.624870300292969, 4.689631938934326, 4.763051509857178, 4.845845699310303, 4.938779830932617, 5.0, 5.0, 5.0, 5.0, 5.0, 5.0, 5.0, 5.0, 5.0, 5.0, 5.0, 5.0, 5.0, 5.0, 5.0, 5.0, 5.0, 5.0, 5.0, 5.0, 5.0, 5.0, 5.0, 5.0, 5.0, 5.0, 5.0, 5.0, 5.0, 5.0, 5.0, 5.0, 5.0]"
-0.12675470113754272,-0.6561195254325867,0.10994426906108856,-0.6911017298698425,0.38030335307121277,1.5592681169509888,0.8690543174743652,-0.426297664642334,0.25102075934410095,0.5647822022438049,0.14646178483963013,"[4.917282581329346, 4.826205253601074, 4.745131015777588, 4.673279762268066, 4.609989643096924, 4.5547027587890625, 4.506955623626709, 4.46635627746582, 4.432570457458496, 4.405348300933838, 4.384461879730225, 4.3697614669799805, 4.361142158508301, 4.358527660369873, 4.36190128326416, 4.371286392211914, 4.386764049530029, 4.408442497253418, 4.436488628387451, 4.471112251281738, 4.512601375579834, 4.561277389526367, 4.617559432983398, 4.681907653808594, 4.754892349243164, 4.837181091308594, 4.929580211639404, 5.0, 5.0, 5.0, 5.0, 5.0, 5.0, 5.0, 5.0, 5.0, 5.0, 5.0, 5.0, 5.0, 5.0, 5.0, 5.0, 5.0, 5.0, 5.0, 5.0, 5.0, 5.0, 5.0, 5.0, 5.0, 5.0, 5.0, 5.0, 5.0, 5.0, 5.0, 5.0, 5.0]"
-0.07155285775661469,-0.6935521364212036,0.13527724146842957,-0.6933059096336365,0.31493616104125977,1.311560869216919,0.8668291568756104,-0.43225330114364624,0.24851736426353455,0.5602078437805176,0.14373083412647247,"[4.945172309875488, 4.852150917053223, 4.7692975997924805, 4.695802688598633, 4.63100528717041, 4.574326992034912, 4.525277137756348, 4.483458042144775, 4.448532581329346, 4.420217037200928, 4.398309230804443, 4.382609844207764, 4.373023986816406, 4.3694868087768555, 4.371959209442139, 4.380446910858154, 4.395040512084961, 4.415829181671143, 4.442990779876709, 4.476717472076416, 4.517279148101807, 4.564996242523193, 4.6202850341796875, 4.683579921722412, 4.755479335784912, 4.8365960121154785, 4.927740573883057, 5.0, 5.0, 5.0, 5.0, 5.0, 5.0, 5.0, 5.0, 5.0, 5.0, 5.0, 5.0, 5.0, 5.0, 5.0, 5.0, 5.0, 5.0, 5.0, 5.0, 5.0, 5.0, 5.0, 5.0, 5.0, 5.0, 5.0, 5.0, 5.0, 5.0, 5.0, 5.0, 5.0]"
-0.01428547129034996,-0.7327781319618225,0.15180885791778564,-0.7247705459594727,0.260356605052948,1.1147209405899048,0.8669542074203491,-0.4341842830181122,0.24468529224395752,0.5542783141136169,0.1398758888244629,"[5.0, 4.911219596862793, 4.8246541023254395, 4.747763633728027, 4.6798601150512695, 4.620309829711914, 4.568594455718994, 4.524305820465088, 4.487051963806152, 4.456553936004639, 4.432569980621338, 4.414920330047607, 4.403470993041992, 4.398118495941162, 4.398845672607422, 4.405648231506348, 4.418564319610596, 4.437720775604248, 4.463242530822754, 4.495314598083496, 4.534216403961182, 4.580260276794434, 4.633800029754639, 4.6952924728393555, 4.765291213989258, 4.844404220581055, 4.933409214019775, 5.0, 5.0, 5.0, 5.0, 5.0, 5.0, 5.0, 5.0, 5.0, 5.0, 5.0, 5.0, 5.0, 5.0, 5.0, 5.0, 5.0, 5.0, 5.0, 5.0, 5.0, 5.0, 5.0, 5.0, 5.0, 5.0, 5.0, 5.0, 5.0, 5.0, 5.0, 5.0, 5.0]"
0.04474513605237007,-0.7729349732398987,0.15838821232318878,-0.7556129693984985,0.22415955364704132,0.9594211578369141,0.8689776659011841,-0.4326891303062439,0.24011322855949402,0.5470658540725708,0.13531671464443207,"[5.0, 4.999641418457031, 4.907420635223389, 4.825372219085693, 4.752739906311035, 4.68882417678833, 4.633100986480713, 4.585056781768799, 4.544312477111816, 4.510528564453125, 4.483449459075928, 4.462865829467773, 4.448616981506348, 4.440569877624512, 4.438711643218994, 4.442980766296387, 4.45344877243042, 4.470171928405762, 4.493264198303223, 4.522945404052734, 4.559409141540527, 4.602973937988281, 4.6539692878723145, 4.7128424644470215, 4.780091285705566, 4.856330871582031, 4.942243576049805, 5.0, 5.0, 5.0, 5.0, 5.0, 5.0, 5.0, 5.0, 5.0, 5.0, 5.0, 5.0, 5.0, 5.0, 5.0, 5.0, 5.0, 5.0, 5.0, 5.0, 5.0, 5.0, 5.0, 5.0, 5.0, 5.0, 5.0, 5.0, 5.0, 5.0, 5.0, 5.0, 5.0]"
0.10513892769813538,-0.8132438063621521,0.15477240085601807,-0.805488109588623,0.22281372547149658,0.8503484725952148,0.8723646998405457,-0.428377628326416,0.2355179786682129,0.5384337902069092,0.1304815411567688,"[5.0, 5.0, 5.0, 4.9229631423950195, 4.843844890594482, 4.773967266082764, 4.7127203941345215, 4.659567832946777, 4.61403226852417, 4.575770378112793, 4.544447898864746, 4.519824028015137, 4.5017194747924805, 4.490001201629639, 4.484550952911377, 4.485352516174316, 4.492403507232666, 4.505744934082031, 4.525506496429443, 4.551819801330566, 4.584880352020264, 4.62497615814209, 4.672422885894775, 4.727608680725098, 4.791016101837158, 4.863183975219727, 4.944791793823242, 5.0, 5.0, 5.0, 5.0, 5.0, 5.0, 5.0, 5.0, 5.0, 5.0, 5.0, 5.0, 5.0, 5.0, 5.0, 5.0, 5.0, 5.0, 5.0, 5.0, 5.0, 5.0, 5.0, 5.0, 5.0, 5.0, 5.0, 5.0, 5.0, 5.0, 5.0, 5.0, 5.0]"
0.1665424406528473,-0.852973997592926,0.1439771056175232,-0.8756036758422852,0.24248486757278442,0.770571768283844,0.8766893148422241,-0.4216896593570709,0.23149490356445312,0.5284771919250488,0.12575604021549225,"[5.0, 5.0, 5.0, 5.0, 4.950961589813232, 4.873187065124512, 4.804645538330078, 4.744723320007324, 4.692872524261475, 4.648665904998779, 4.611729145050049, 4.581786632537842, 4.5585784912109375, 4.541952610015869, 4.531757831573486, 4.527913570404053, 4.5304155349731445, 4.539257049560547, 4.554534912109375, 4.576319217681885, 4.604829788208008, 4.640264511108398, 4.682901382446289, 4.733109951019287, 4.791290760040283, 4.8579583168029785, 4.933719635009766, 5.0, 5.0, 5.0, 5.0, 5.0, 5.0, 5.0, 5.0, 5.0, 5.0, 5.0, 5.0, 5.0, 5.0, 5.0, 5.0, 5.0, 5.0, 5.0, 5.0, 5.0, 5.0, 5.0, 5.0, 5.0, 5.0, 5.0, 5.0, 5.0, 5.0, 5.0, 5.0, 5.0]"
0.22878779470920563,-0.8914987444877625,0.1275486797094345,-0.9611051082611084,0.25026020407676697,0.7097340226173401,0.8817734122276306,-0.4128425717353821,0.22810699045658112,0.5171765089035034,0.12116622924804688,"[5.0, 5.0, 5.0, 5.0, 5.0, 4.992109775543213, 4.914063930511475, 4.845322608947754, 4.785273551940918, 4.733384132385254, 4.689223289489746, 4.652429580688477, 4.622689723968506, 4.599769592285156, 4.5835089683532715, 4.573762893676758, 4.570460796356201, 4.573575019836426, 4.5831522941589355, 4.599239349365234, 4.621962070465088, 4.6515212059021, 4.688129425048828, 4.732084274291992, 4.7837419509887695, 4.843571186065674, 4.912057399749756, 4.989840984344482, 5.0, 5.0, 5.0, 5.0, 5.0, 5.0, 5.0, 5.0, 5.0, 5.0, 5.0, 5.0, 5.0, 5.0, 5.0, 5.0, 5.0, 5.0, 5.0, 5.0, 5.0, 5.0, 5.0, 5.0, 5.0, 5.0, 5.0, 5.0, 5.0, 5.0, 5.0, 5.0]"
0.29162219166755676,-0.9284083843231201,0.10463014245033264,-1.0541714429855347,0.23479345440864563,0.6796116828918457,0.887409508228302,-0.4021824598312378,0.22527699172496796,0.5046474933624268,0.11668511480093002,"[5.0, 5.0, 5.0, 5.0, 5.0, 5.0, 5.0, 4.970552444458008, 4.900053977966309, 4.838440418243408, 4.785158157348633, 4.739770412445068, 4.701877593994141, 4.671173572540283, 4.647413730621338, 4.630429744720459, 4.620081424713135, 4.616273403167725, 4.618983268737793, 4.628249168395996, 4.644111156463623, 4.666730880737305, 4.696247577667236, 4.732926845550537, 4.777036190032959, 4.828978061676025, 4.889165878295898, 4.958137512207031, 5.0, 5.0, 5.0, 5.0, 5.0, 5.0, 5.0, 5.0, 5.0, 5.0, 5.0, 5.0, 5.0, 5.0, 5.0, 5.0, 5.0, 5.0, 5.0, 5.0, 5.0, 5.0, 5.0, 5.0, 5.0, 5.0, 5.0, 5.0, 5.0, 5.0, 5.0, 5.0]"
0.35439106822013855,-0.9636039137840271,0.0771780014038086,-1.1442927122116089,0.23237575590610504,0.7030768394470215,0.8931683301925659,-0.39033329486846924,0.22335252165794373,0.49082326889038086,0.11246804147958755,"[5.0, 5.0, 5.0, 5.0, 5.0, 5.0, 5.0, 5.0, 5.0, 4.962709426879883, 4.898290157318115, 4.842469692230225, 4.794726848602295, 4.754697799682617, 4.722036361694336, 4.696473121643066, 4.677812576293945, 4.665918350219727, 4.6606831550598145, 4.662060737609863, 4.670078277587891, 4.684793472290039, 4.7063164710998535, 4.734821319580078, 4.770525932312012, 4.81373405456543, 4.864802360534668, 4.924160480499268, 4.992332935333252, 5.0, 5.0, 5.0, 5.0, 5.0, 5.0, 5.0, 5.0, 5.0, 5.0, 5.0, 5.0, 5.0, 5.0, 5.0, 5.0, 5.0, 5.0, 5.0, 5.0, 5.0, 5.0, 5.0, 5.0, 5.0, 5.0, 5.0, 5.0, 5.0, 5.0, 5.0]"
0.41610246896743774,-0.9970600605010986,0.05017976462841034,-1.2354254722595215,0.23884136974811554,0.7760980129241943,0.8986108303070068,-0.37801069021224976,0.2227158397436142,0.47578996419906616,0.10869626700878143,"[5.0, 5.0, 5.0, 5.0, 5.0, 5.0, 5.0, 5.0, 5.0, 5.0, 5.0, 4.95650053024292, 4.897213459014893, 4.846294403076172, 4.803295135498047, 4.767858028411865, 4.739688396453857, 4.7185773849487305, 4.704362392425537, 4.696895599365234, 4.696159839630127, 4.702127456665039, 4.714859485626221, 4.7344255447387695, 4.761017799377441, 4.794829368591309, 4.836126804351807, 4.8852620124816895, 4.9426679611206055, 5.0, 5.0, 5.0, 5.0, 5.0, 5.0, 5.0, 5.0, 5.0, 5.0, 5.0, 5.0, 5.0, 5.0, 5.0, 5.0, 5.0, 5.0, 5.0, 5.0, 5.0, 5.0, 5.0, 5.0, 5.0, 5.0, 5.0, 5.0, 5.0, 5.0, 5.0]"
0.475695937871933,-1.0291112661361694,0.024409882724285126,-1.3139686584472656,0.23935851454734802,0.8969054222106934,0.9034036993980408,-0.3659045994281769,0.22354239225387573,0.45962125062942505,0.10541261732578278,"[5.0, 5.0, 5.0, 5.0, 5.0, 5.0, 5.0, 5.0, 5.0, 5.0, 5.0, 5.0, 5.0, 4.943282127380371, 4.888707160949707, 4.842279434204102, 4.803618431091309, 4.772401809692383, 4.748381614685059, 4.7313666343688965, 4.721225261688232, 4.717869758605957, 4.721287727355957, 4.731484889984131, 4.748546123504639, 4.7726216316223145, 4.803892135620117, 4.842615127563477, 4.889112949371338, 4.943770408630371, 5.0, 5.0, 5.0, 5.0, 5.0, 5.0, 5.0, 5.0, 5.0, 5.0, 5.0, 5.0, 5.0, 5.0, 5.0, 5.0, 5.0, 5.0, 5.0, 5.0, 5.0, 5.0, 5.0, 5.0, 5.0, 5.0, 5.0, 5.0, 5.0, 5.0]"
0.5324134230613708,-1.0599855184555054,-0.0007960274815559387,-1.338413119316101,0.19643104076385498,1.0328459739685059,0.9075400829315186,-0.3541727364063263,0.22567258775234222,0.4423200190067291,0.10246295481920242,"[5.0, 5.0, 5.0, 5.0, 5.0, 5.0, 5.0, 5.0, 5.0, 5.0, 5.0, 5.0, 5.0, 5.0, 4.981468677520752, 4.923435211181641, 4.873779296875, 4.832095146179199, 4.798008441925049, 4.771259307861328, 4.751631736755371, 4.73895263671875, 4.733123779296875, 4.734119892120361, 4.7419328689575195, 4.756634712219238, 4.778326034545898, 4.807198524475098, 4.843460559844971, 4.887434005737305, 4.939484596252441, 5.0, 5.0, 5.0, 5.0, 5.0, 5.0, 5.0, 5.0, 5.0, 5.0, 5.0, 5.0, 5.0, 5.0, 5.0, 5.0, 5.0, 5.0, 5.0, 5.0, 5.0, 5.0, 5.0, 5.0, 5.0, 5.0, 5.0, 5.0, 5.0]"
0.585873544216156,-1.089927315711975,-0.02751173824071884,-1.3201441764831543,0.1244453638792038,1.1724708080291748,0.9111040830612183,-0.34263867139816284,0.2290925234556198,0.42400306463241577,0.09979012608528137,"[5.0, 5.0, 5.0, 5.0, 5.0, 5.0, 5.0, 5.0, 5.0, 5.0, 5.0, 5.0, 5.0, 5.0, 5.0, 5.0, 4.95498514175415, 4.902883529663086, 4.858891010284424, 4.822655200958252, 4.793878555297852, 4.772322177886963, 4.7578043937683105, 4.750216007232666, 4.7494940757751465, 4.755650520324707, 4.768706321716309, 4.788790702819824, 4.816052436828613, 4.850703239440918, 4.893046855926514, 4.943418979644775, 5.0, 5.0, 5.0, 5.0, 5.0, 5.0, 5.0, 5.0, 5.0, 5.0, 5.0, 5.0, 5.0, 5.0, 5.0, 5.0, 5.0, 5.0, 5.0, 5.0, 5.0, 5.0, 5.0, 5.0, 5.0, 5.0, 5.0, 5.0]"
0.635993242263794,-1.1193015575408936,-0.047674402594566345,-1.2738584280014038,0.06469002366065979,1.3005274534225464,0.9142189621925354,-0.33077529072761536,0.2340652048587799,0.4047245681285858,0.09743894636631012,"[5.0, 5.0, 5.0, 5.0, 5.0, 5.0, 5.0, 5.0, 5.0, 5.0, 5.0, 5.0, 5.0, 5.0, 5.0, 5.0, 5.0, 4.9807658195495605, 4.927325248718262, 4.8821187019348145, 4.844773769378662, 4.814974308013916, 4.792488098144531, 4.777113437652588, 4.768733978271484, 4.767281532287598, 4.772760391235352, 4.78520393371582, 4.804696083068848, 4.8314208984375, 4.865578651428223, 4.907449722290039, 4.957395076751709, 5.0, 5.0, 5.0, 5.0, 5.0, 5.0, 5.0, 5.0, 5.0, 5.0, 5.0, 5.0, 5.0, 5.0, 5.0, 5.0, 5.0, 5.0, 5.0, 5.0, 5.0, 5.0, 5.0, 5.0, 5.0, 5.0, 5.0]"
0.682794988155365,-1.1486021280288696,-0.05955803394317627,-1.2074624300003052,0.02394634485244751,1.4118014574050903,0.9170371890068054,-0.31779876351356506,0.24091815948486328,0.384504109621048,0.09544558823108673,"[5.0, 5.0, 5.0, 5.0, 5.0, 5.0, 5.0, 5.0, 5.0, 5.0, 5.0, 5.0, 5.0, 5.0, 5.0, 5.0, 5.0, 5.0, 4.995266437530518, 4.941883087158203, 4.896782875061035, 4.85959005355835, 4.829999923706055, 4.807749271392822, 4.792661190032959, 4.784627914428711, 4.783579349517822, 4.78950834274292, 4.802457332611084, 4.822527885437012, 4.849893569946289, 4.884764671325684, 4.9274420738220215, 4.978288650512695, 5.0, 5.0, 5.0, 5.0, 5.0, 5.0, 5.0, 5.0, 5.0, 5.0, 5.0, 5.0, 5.0, 5.0, 5.0, 5.0, 5.0, 5.0, 5.0, 5.0, 5.0, 5.0, 5.0, 5.0, 5.0, 5.0]"
0.7263631820678711,-1.1783000230789185,-0.062058836221694946,-1.142780065536499,-0.0020507723093032837,1.5083107948303223,0.9196805953979492,-0.3029229938983917,0.2498394399881363,0.36352819204330444,0.09379854798316956,"[5.0, 5.0, 5.0, 5.0, 5.0, 5.0, 5.0, 5.0, 5.0, 5.0, 5.0, 5.0, 5.0, 5.0, 5.0, 5.0, 5.0, 5.0, 5.0, 4.996738910675049, 4.944814682006836, 4.9011406898498535, 4.865357875823975, 4.837155818939209, 4.8163161277771, 4.802670478820801, 4.7960896492004395, 4.796542167663574, 4.804022789001465, 4.818595886230469, 4.840368270874023, 4.869528770446777, 4.906310081481934, 4.951023101806641, 5.0, 5.0, 5.0, 5.0, 5.0, 5.0, 5.0, 5.0, 5.0, 5.0, 5.0, 5.0, 5.0, 5.0, 5.0, 5.0, 5.0, 5.0, 5.0, 5.0, 5.0, 5.0, 5.0, 5.0, 5.0, 5.0]"
0.7667609453201294,-1.20884108543396,-0.05532591789960861,-1.091158151626587,-0.02254873514175415,1.5934263467788696,0.9223687052726746,-0.2850601077079773,0.2607124447822571,0.3418203592300415,0.09230948984622955,"[5.0, 5.0, 5.0, 5.0, 5.0, 5.0, 5.0, 5.0, 5.0, 5.0, 5.0, 5.0, 5.0, 5.0, 5.0, 5.0, 5.0, 5.0, 5.0, 5.0, 4.9882025718688965, 4.938889980316162, 4.897751808166504, 4.864441394805908, 4.838679790496826, 4.820246696472168, 4.8090057373046875, 4.804854393005371, 4.8077712059021, 4.817771911621094, 4.834941387176514, 4.8594160079956055, 4.891391277313232, 4.931146144866943, 4.979002475738525, 5.0, 5.0, 5.0, 5.0, 5.0, 5.0, 5.0, 5.0, 5.0, 5.0, 5.0, 5.0, 5.0, 5.0, 5.0, 5.0, 5.0, 5.0, 5.0, 5.0, 5.0, 5.0, 5.0, 5.0, 5.0]"
0.8038033246994019,-1.2407524585723877,-0.04192804545164108,-1.0621485710144043,-0.0462401807308197,1.6810392141342163,0.9251988530158997,-0.2632315754890442,0.2733314335346222,0.3195808529853821,0.09080982953310013,"[5.0, 5.0, 5.0, 5.0, 5.0, 5.0, 5.0, 5.0, 5.0, 5.0, 5.0, 5.0, 5.0, 5.0, 5.0, 5.0, 5.0, 5.0, 5.0, 5.0, 5.0, 4.97639799118042, 4.930532932281494, 4.892716407775879, 4.862653732299805, 4.840072154998779, 4.824806213378906, 4.816726207733154, 4.815755367279053, 4.821902751922607, 4.835197925567627, 4.855772018432617, 4.8837785720825195, 4.919456481933594, 4.963105201721191, 5.0, 5.0, 5.0, 5.0, 5.0, 5.0, 5.0, 5.0, 5.0, 5.0, 5.0, 5.0, 5.0, 5.0, 5.0, 5.0, 5.0, 5.0, 5.0, 5.0, 5.0, 5.0, 5.0, 5.0, 5.0]"
0.8367727398872375,-1.2747713327407837,-0.02448388934135437,-1.0745112895965576,-0.07797697186470032,1.7939904928207397,0.9282045364379883,-0.2363036870956421,0.28738534450531006,0.29693567752838135,0.08909367769956589,"[5.0, 5.0, 5.0, 5.0, 5.0, 5.0, 5.0, 5.0, 5.0, 5.0, 5.0, 5.0, 5.0, 5.0, 5.0, 5.0, 5.0, 5.0, 5.0, 5.0, 5.0, 5.0, 4.9702558517456055, 4.9281768798828125, 4.894052982330322, 4.867608547210693, 4.848625183105469, 4.836925983428955, 4.832435607910156, 4.835115432739258, 4.844967842102051, 4.862102031707764, 4.8866376876831055, 4.918783187866211, 4.9588212966918945, 5.0, 5.0, 5.0, 5.0, 5.0, 5.0, 5.0, 5.0, 5.0, 5.0, 5.0, 5.0, 5.0, 5.0, 5.0, 5.0, 5.0, 5.0, 5.0, 5.0, 5.0, 5.0, 5.0, 5.0, 5.0]"
0.8640648722648621,-1.3120684623718262,-0.0067282021045684814,-1.1575911045074463,-0.11541707813739777,1.9673995971679688,0.9311395287513733,-0.2034129649400711,0.30264705419540405,0.2741433382034302,0.08705148100852966,"[5.0, 5.0, 5.0, 5.0, 5.0, 5.0, 5.0, 5.0, 5.0, 5.0, 5.0, 5.0, 5.0, 5.0, 5.0, 5.0, 5.0, 5.0, 5.0, 5.0, 5.0, 5.0, 5.0, 4.977755546569824, 4.939253330230713, 4.908640384674072, 4.885680198669434, 4.8701677322387695, 4.861979961395264, 4.861057758331299, 4.867388725280762, 4.881022930145264, 4.902074813842773, 4.930713176727295, 4.967188358306885, 5.0, 5.0, 5.0, 5.0, 5.0, 5.0, 5.0, 5.0, 5.0, 5.0, 5.0, 5.0, 5.0, 5.0, 5.0, 5.0, 5.0, 5.0, 5.0, 5.0, 5.0, 5.0, 5.0, 5.0, 5.0]"
0.8827381134033203,-1.3543806076049805,0.00585106760263443,-1.3454164266586304,-0.15770605206489563,2.2461659908294678,0.9334200620651245,-0.16395960748195648,0.31911858916282654,0.2515663206577301,0.08470884710550308,"[5.0, 5.0, 5.0, 5.0, 5.0, 5.0, 5.0, 5.0, 5.0, 5.0, 5.0, 5.0, 5.0, 5.0, 5.0, 5.0, 5.0, 5.0, 5.0, 5.0, 5.0, 5.0, 5.0, 5.0, 5.0, 4.968486785888672, 4.940484046936035, 4.9201459884643555, 4.907339096069336, 4.90192174911499, 4.903877258300781, 4.913203239440918, 4.929986000061035, 4.9543657302856445, 4.986533164978027, 5.0, 5.0, 5.0, 5.0, 5.0, 5.0, 5.0, 5.0, 5.0, 5.0, 5.0, 5.0, 5.0, 5.0, 5.0, 5.0, 5.0, 5.0, 5.0, 5.0, 5.0, 5.0, 5.0, 5.0, 5.0]"
0.8878262639045715,-1.4040699005126953,0.004777133464813232,-1.669970989227295,-0.2165803611278534,2.692445755004883,0.9340885281562805,-0.11744500696659088,0.3371603190898895,0.22960421442985535,0.08222849667072296,"[5.0, 5.0, 5.0, 5.0, 5.0, 5.0, 5.0, 5.0, 5.0, 5.0, 5.0, 5.0, 5.0, 5.0, 5.0, 5.0, 5.0, 5.0, 5.0, 5.0, 5.0, 5.0, 5.0, 5.0, 5.0, 5.0, 5.0, 4.9922308921813965, 4.9728007316589355, 4.961008071899414, 4.956756591796875, 4.960002899169922, 4.970788478851318, 4.989190578460693, 5.0, 5.0, 5.0, 5.0, 5.0, 5.0, 5.0, 5.0, 5.0, 5.0, 5.0, 5.0, 5.0, 5.0, 5.0, 5.0, 5.0, 5.0, 5.0, 5.0, 5.0, 5.0, 5.0, 5.0, 5.0, 5.0]"
0.8716849684715271,-1.463722586631775,-0.018721535801887512,-2.1067144870758057,-0.3077433109283447,3.3752267360687256,0.9315950274467468,-0.06468508392572403,0.3576834797859192,0.20897191762924194,0.08004150539636612,"[5.0, 5.0, 5.0, 5.0, 5.0, 5.0, 5.0, 5.0, 5.0, 5.0, 5.0, 5.0, 5.0, 5.0, 5.0, 5.0, 5.0, 5.0, 5.0, 5.0, 5.0, 5.0, 5.0, 5.0, 5.0, 5.0, 5.0, 5.0, 5.0, 5.0, 5.0, 5.0, 5.0, 5.0, 5.0, 5.0, 5.0, 5.0, 5.0, 5.0, 5.0, 5.0, 5.0, 5.0, 5.0, 5.0, 5.0, 5.0, 5.0, 5.0, 5.0, 5.0, 5.0, 5.0, 5.0, 5.0, 5.0, 5.0, 5.0, 5.0]"
0.824104368686676,-1.5339187383651733,-0.07375939935445786,-2.5780160427093506,-0.5017444491386414,4.316769599914551,0.92438143491745,-0.006159658078104258,0.3814069926738739,0.19047944247722626,0.07859156280755997,"[5.0, 5.0, 5.0, 5.0, 5.0, 5.0, 5.0, 5.0, 5.0, 5.0, 5.0, 5.0, 5.0, 5.0, 5.0, 5.0, 5.0, 5.0, 5.0, 5.0, 5.0, 5.0, 5.0, 5.0, 5.0, 5.0, 5.0, 5.0, 5.0, 5.0, 5.0, 5.0, 5.0, 5.0, 5.0, 5.0, 5.0, 5.0, 5.0, 5.0, 5.0, 5.0, 5.0, 5.0, 5.0, 5.0, 5.0, 5.0, 5.0, 5.0, 5.0, 5.0, 5.0, 5.0, 5.0, 5.0, 5.0, 5.0, 5.0, 5.0]"
0.7337299585342407,-1.6098769903182983,-0.16530291736125946,-3.115044355392456,-0.8309917449951172,5.47808313369751,0.911203145980835,0.05542798712849617,0.4081987738609314,0.17532722651958466,0.07839779555797577,"[5.0, 5.0, 5.0, 5.0, 5.0, 5.0, 5.0, 5.0, 5.0, 5.0, 5.0, 5.0, 5.0, 5.0, 5.0, 5.0, 5.0, 5.0, 5.0, 5.0, 5.0, 5.0, 5.0, 5.0, 5.0, 5.0, 5.0, 5.0, 5.0, 5.0, 5.0, 5.0, 5.0, 5.0, 5.0, 5.0, 5.0, 5.0, 5.0, 5.0, 5.0, 5.0, 5.0, 5.0, 5.0, 5.0, 5.0, 5.0, 5.0, 5.0, 5.0, 5.0, 5.0, 5.0, 5.0, 5.0, 5.0, 5.0, 5.0, 5.0]"
0.5897076725959778,-1.6803303956985474,-0.2829180657863617,-3.7586915493011475,-1.1857719421386719,6.8239336013793945,0.89205402135849,0.11370177567005157,0.43737921118736267,0.16480381786823273,0.08015576750040054,"[5.0, 5.0, 5.0, 5.0, 5.0, 5.0, 5.0, 5.0, 5.0, 5.0, 5.0, 5.0, 5.0, 5.0, 5.0, 5.0, 5.0, 5.0, 5.0, 5.0, 5.0, 5.0, 5.0, 5.0, 5.0, 5.0, 5.0, 5.0, 5.0, 5.0, 5.0, 5.0, 5.0, 5.0, 5.0, 5.0, 5.0, 5.0, 5.0, 5.0, 5.0, 5.0, 5.0, 5.0, 5.0, 5.0, 5.0, 5.0, 5.0, 5.0, 5.0, 5.0, 5.0, 5.0, 5.0, 5.0, 5.0, 5.0, 5.0, 5.0]"
0.3858901858329773,-1.7274911403656006,-0.39206942915916443,-4.472620964050293,-1.4027652740478516,8.292586326599121,0.8704074025154114,0.15698909759521484,0.46662014722824097,0.1599421501159668,0.08438248932361603,"[5.0, 5.0, 5.0, 5.0, 5.0, 5.0, 5.0, 5.0, 5.0, 5.0, 5.0, 5.0, 5.0, 5.0, 5.0, 5.0, 5.0, 5.0, 5.0, 5.0, 5.0, 5.0, 5.0, 5.0, 5.0, 5.0, 5.0, 5.0, 5.0, 5.0, 5.0, 5.0, 5.0, 5.0, 5.0, 5.0, 5.0, 5.0, 5.0, 5.0, 5.0, 5.0, 5.0, 5.0, 5.0, 5.0, 5.0, 5.0, 5.0, 5.0, 5.0, 5.0, 5.0, 5.0, 5.0, 5.0, 5.0, 5.0, 5.0, 5.0]"
0.12816375494003296,-1.7292518615722656,-0.4580581486225128,-5.134662628173828,-1.3767030239105225,9.728546142578125,0.8538078665733337,0.1708167940378189,0.4917548596858978,0.16096773743629456,0.09090865403413773,"[5.0, 5.0, 5.0, 5.0, 5.0, 5.0, 5.0, 5.0, 5.0, 5.0, 5.0, 5.0, 5.0, 5.0, 5.0, 5.0, 5.0, 5.0, 5.0, 5.0, 5.0, 5.0, 5.0, 5.0, 5.0, 5.0, 5.0, 5.0, 5.0, 5.0, 5.0, 5.0, 5.0, 5.0, 5.0, 5.0, 5.0, 5.0, 5.0, 5.0, 5.0, 5.0, 5.0, 5.0, 5.0, 5.0, 5.0, 5.0, 5.0, 5.0, 5.0, 5.0, 5.0, 5.0, 5.0, 5.0, 5.0, 5.0, 5.0, 5.0]"
-0.16509445011615753,-1.6641099452972412,-0.48442137241363525,-5.657682418823242,-1.2853882312774658,10.987163543701172,0.8488851189613342,0.14554136991500854,0.5081351399421692,0.167199969291687,0.09864508360624313,"[5.0, 5.0, 5.0, 5.0, 5.0, 5.0, 5.0, 5.0, 5.0, 5.0, 5.0, 5.0, 5.0, 5.0, 5.0, 5.0, 5.0, 5.0, 5.0, 5.0, 5.0, 5.0, 5.0, 5.0, 5.0, 5.0, 5.0, 5.0, 5.0, 5.0, 5.0, 5.0, 5.0, 5.0, 5.0, 5.0, 5.0, 5.0, 5.0, 5.0, 5.0, 4.974853515625, 4.954459190368652, 4.941818714141846, 4.93681526184082, 4.9394073486328125, 4.949624538421631, 4.967536449432373, 4.993314266204834, 5.0, 5.0, 5.0, 5.0, 5.0, 5.0, 5.0, 5.0, 5.0, 5.0, 5.0]"
-0.4619441032409668,-1.5197876691818237,-0.46656766533851624,-5.915956497192383,-1.1709939241409302,11.900710105895996,0.8553731441497803,0.07865586876869202,0.5119965076446533,0.17742151021957397,0.10575216263532639,"[5.0, 5.0, 5.0, 5.0, 5.0, 5.0, 5.0, 5.0, 5.0, 5.0, 5.0, 5.0, 5.0, 5.0, 5.0, 5.0, 5.0, 5.0, 5.0, 5.0, 5.0, 5.0, 5.0, 5.0, 5.0, 5.0, 5.0, 5.0, 5.0, 5.0, 5.0, 5.0, 4.975670337677002, 4.872654438018799, 4.78097677230835, 4.6996564865112305, 4.627904415130615, 4.564996719360352, 4.510385036468506, 4.463555812835693, 4.424100399017334, 4.391709804534912, 4.366106033325195, 4.34706449508667, 4.334446430206299, 4.328149795532227, 4.328123569488525, 4.334359169006348, 4.346921920776367, 4.365906715393066, 4.3914642333984375, 4.423800945281982, 4.46318244934082, 4.509958744049072, 4.564512252807617, 4.627329349517822, 4.699021339416504, 4.780252933502197, 4.871835708618164, 4.974752426147461]"
-0.7269189357757568,-1.3043370246887207,-0.40343302488327026,-5.62507438659668,-2.227381706237793,11.841306686401367,0.8725625276565552,-0.01688549853861332,0.4882011115550995,0.19123519957065582,0.10697658360004425,"[5.0, 5.0, 5.0, 5.0, 5.0, 5.0, 5.0, 5.0, 5.0, 5.0, 5.0, 5.0, 5.0, 5.0, 5.0, 5.0, 5.0, 5.0, 5.0, 5.0, 5.0, 5.0, 5.0, 5.0, 5.0, 5.0, 5.0, 5.0, 5.0, 5.0, 4.944769382476807, 4.817931652069092, 4.704380512237549, 4.6027984619140625, 4.5120720863342285, 4.431260108947754, 4.359528541564941, 4.296206951141357, 4.2407073974609375, 4.192558765411377, 4.15133810043335, 4.116696834564209, 4.088353633880615, 4.066093444824219, 4.049731731414795, 4.039158821105957, 4.034261226654053, 4.03502893447876, 4.04146146774292, 4.0535993576049805, 4.0715532302856445, 4.0954461097717285, 4.125474452972412, 4.161863803863525, 4.204932689666748, 4.255035877227783, 4.312612533569336, 4.378147125244141, 4.452282428741455, 4.535706520080566]"
-0.9183298945426941,-1.0538207292556763,-0.2719455063343048,-4.878058433532715,-2.669999122619629,11.086539268493652,0.8906033635139465,-0.12482116371393204,0.4373060464859009,0.20734159648418427,0.10082390159368515,"[5.0, 5.0, 5.0, 5.0, 5.0, 5.0, 5.0, 5.0, 5.0, 5.0, 5.0, 5.0, 5.0, 5.0, 5.0, 5.0, 5.0, 5.0, 5.0, 5.0, 5.0, 5.0, 5.0, 5.0, 5.0, 5.0, 5.0, 5.0, 5.0, 5.0, 4.96343469619751, 4.830862045288086, 4.712128162384033, 4.6058125495910645, 4.510725021362305, 4.425841808319092, 4.350311279296875, 4.283395290374756, 4.224465847015381, 4.173010349273682, 4.1285834312438965, 4.0907883644104, 4.059347629547119, 4.03399658203125, 4.014527797698975, 4.00078821182251, 3.992694139480591, 3.9901864528656006, 3.993216037750244, 4.001819133758545, 4.016074180603027, 4.036086559295654, 4.061995983123779, 4.09401798248291, 4.132395267486572, 4.177465438842773, 4.229593276977539, 4.289236068725586, 4.356921195983887, 4.433290004730225]"
-1.0266213417053223,-0.8046931624412537,-0.14201556146144867,-3.578406810760498,-2.694755792617798,9.745047569274902,0.9001060128211975,-0.22898417711257935,0.37063083052635193,0.22420860826969147,0.08947113156318665,"[5.0, 5.0, 5.0, 5.0, 5.0, 5.0, 5.0, 5.0, 5.0, 5.0, 5.0, 5.0, 5.0, 5.0, 5.0, 5.0, 5.0, 5.0, 5.0, 5.0, 5.0, 5.0, 5.0, 5.0, 5.0, 5.0, 5.0, 5.0, 5.0, 5.0, 5.0, 5.0, 4.918806076049805, 4.805422306060791, 4.704057216644287, 4.613620281219482, 4.533172130584717, 4.4619035720825195, 4.399143695831299, 4.344329357147217, 4.296969890594482, 4.256661891937256, 4.2230706214904785, 4.195916175842285, 4.174985408782959, 4.160121440887451, 4.1512041091918945, 4.148167610168457, 4.15097713470459, 4.159665584564209, 4.174299240112305, 4.1949920654296875, 4.221886157989502, 4.255228519439697, 4.295279026031494, 4.342352390289307, 4.396875381469727, 4.459312438964844, 4.530238151550293, 4.61031436920166]"
-1.0672540664672852,-0.5812904238700867,-0.10874132812023163,-1.7091879844665527,-2.5212643146514893,8.134748458862305,0.8971905708312988,-0.31820011138916016,0.30625119805336,0.24076569080352783,0.07745685428380966,"[5.0, 5.0, 5.0, 5.0, 5.0, 5.0, 5.0, 5.0, 5.0, 5.0, 5.0, 5.0, 5.0, 5.0, 5.0, 5.0, 5.0, 5.0, 5.0, 5.0, 5.0, 5.0, 5.0, 5.0, 5.0, 5.0, 5.0, 5.0, 5.0, 5.0, 5.0, 5.0, 5.0, 5.0, 5.0, 5.0, 4.968944072723389, 4.895663738250732, 4.831735134124756, 4.776547908782959, 4.729617118835449, 4.690517425537109, 4.658931732177734, 4.634586811065674, 4.617267608642578, 4.6068549156188965, 4.603260517120361, 4.606449127197266, 4.616445541381836, 4.633340358734131, 4.657261371612549, 4.688405513763428, 4.727035999298096, 4.77348518371582, 4.828160285949707, 4.891549110412598, 4.964231967926025, 5.0, 5.0, 5.0]"
-1.05330491065979,-0.39830273389816284,-0.15100863575935364,0.10786271095275879,-0.7714623212814331,6.380306243896484,0.8805899024009705,-0.3844355642795563,0.277061402797699,0.2568534314632416,0.07406390458345413,"[5.0, 5.0, 5.0, 5.0, 5.0, 5.0, 5.0, 5.0, 5.0, 5.0, 5.0, 5.0, 5.0, 5.0, 5.0, 5.0, 5.0, 5.0, 5.0, 5.0, 5.0, 5.0, 5.0, 5.0, 5.0, 5.0, 5.0, 5.0, 5.0, 5.0, 5.0, 5.0, 5.0, 5.0, 5.0, 5.0, 5.0, 5.0, 5.0, 5.0, 5.0, 5.0, 5.0, 5.0, 5.0, 5.0, 5.0, 5.0, 5.0, 5.0, 5.0, 5.0, 5.0, 5.0, 5.0, 5.0, 5.0, 5.0, 5.0, 5.0]"
-1.0063352584838867,-0.2725270688533783,-0.19171598553657532,1.7084400653839111,0.25516247749328613,3.9435901641845703,0.8638879060745239,-0.4162788391113281,0.28355342149734497,0.2726163864135742,0.08061013370752335,"[5.0, 5.0, 5.0, 5.0, 5.0, 5.0, 5.0, 5.0, 5.0, 5.0, 5.0, 5.0, 5.0, 5.0, 5.0, 5.0, 5.0, 5.0, 5.0, 5.0, 5.0, 5.0, 5.0, 5.0, 5.0, 5.0, 5.0, 5.0, 5.0, 5.0, 5.0, 5.0, 5.0, 5.0, 5.0, 5.0, 5.0, 5.0, 5.0, 5.0, 5.0, 5.0, 5.0, 5.0, 5.0, 5.0, 5.0, 5.0, 5.0, 5.0, 5.0, 5.0, 5.0, 5.0, 5.0, 5.0, 5.0, 5.0, 5.0, 5.0]"
-0.9381661415100098,-0.20878702402114868,-0.10032077133655548,2.5625479221343994,1.0584975481033325,1.3268746137619019,0.8594313859939575,-0.4078139364719391,0.30831629037857056,0.2873694598674774,0.09313834458589554,"[5.0, 5.0, 5.0, 5.0, 5.0, 5.0, 5.0, 5.0, 5.0, 5.0, 5.0, 5.0, 5.0, 5.0, 5.0, 5.0, 5.0, 5.0, 5.0, 5.0, 5.0, 5.0, 5.0, 5.0, 5.0, 5.0, 5.0, 5.0, 5.0, 5.0, 5.0, 5.0, 5.0, 5.0, 5.0, 5.0, 5.0, 5.0, 5.0, 5.0, 5.0, 5.0, 5.0, 5.0, 5.0, 5.0, 5.0, 5.0, 5.0, 5.0, 5.0, 5.0, 5.0, 5.0, 5.0, 5.0, 5.0, 5.0, 5.0, 5.0]"
-0.8619175553321838,-0.19272705912590027,0.09837476909160614,2.9547109603881836,1.3734122514724731,-0.8475000858306885,0.869828462600708,-0.3641587793827057,0.3328371047973633,0.3005930185317993,0.10609811544418335,"[5.0, 5.0, 5.0, 5.0, 5.0, 5.0, 5.0, 5.0, 5.0, 5.0, 5.0, 5.0, 5.0, 5.0, 5.0, 5.0, 5.0, 4.968867301940918, 4.8901896476745605, 4.82109260559082, 4.760903358459473, 4.709081172943115, 4.6651787757873535, 4.628814220428467, 4.5996785163879395, 4.577554225921631, 4.56223726272583, 4.553611755371094, 4.55160665512085, 4.556222915649414, 4.567495822906494, 4.585494518280029, 4.610367298126221, 4.642334461212158, 4.681631565093994, 4.7286295890808105, 4.783703327178955, 4.847347259521484, 4.92015266418457, 5.0, 5.0, 5.0, 5.0, 5.0, 5.0, 5.0, 5.0, 5.0, 5.0, 5.0, 5.0, 5.0, 5.0, 5.0, 5.0, 5.0, 5.0, 5.0, 5.0, 5.0]"
-0.782806396484375,-0.2064235806465149,0.23673826456069946,3.275174379348755,-0.531714916229248,-2.106238842010498,0.8959915041923523,-0.29959607124328613,0.32777321338653564,0.3134784996509552,0.10875840485095978,"[5.0, 5.0, 5.0, 5.0, 5.0, 5.0, 5.0, 5.0, 5.0, 5.0, 5.0, 5.0, 5.0, 4.9258551597595215, 4.84565544128418, 4.775006294250488, 4.713250637054443, 4.659828186035156, 4.614250659942627, 4.576147079467773, 4.545195579528809, 4.521153450012207, 4.503808975219727, 4.493040084838867, 4.488754749298096, 4.490933418273926, 4.499573230743408, 4.514744758605957, 4.536581516265869, 4.565235614776611, 4.6009721755981445, 4.644052505493164, 4.694856643676758, 4.753834247589111, 4.821506023406982, 4.89849328994751, 4.985553741455078, 5.0, 5.0, 5.0, 5.0, 5.0, 5.0, 5.0, 5.0, 5.0, 5.0, 5.0, 5.0, 5.0, 5.0, 5.0, 5.0, 5.0, 5.0, 5.0, 5.0, 5.0, 5.0, 5.0]"
-0.6917880177497864,-0.23043246567249298,0.33785632252693176,2.631087064743042,-0.8762364387512207,-1.9369608163833618,0.9238694310188293,-0.23664173483848572,0.30076584219932556,0.3259910047054291,0.10280746221542358,"[5.0, 5.0, 5.0, 5.0, 5.0, 5.0, 5.0, 5.0, 5.0, 5.0, 5.0, 4.9761457443237305, 4.903526782989502, 4.84010124206543, 4.785276889801025, 4.7385759353637695, 4.699599266052246, 4.668020248413086, 4.643567085266113, 4.6260480880737305, 4.615334987640381, 4.611317157745361, 4.613988399505615, 4.623359680175781, 4.639501094818115, 4.662559986114502, 4.692686557769775, 4.730156421661377, 4.775282382965088, 4.828449249267578, 4.890103340148926, 4.960819244384766, 5.0, 5.0, 5.0, 5.0, 5.0, 5.0, 5.0, 5.0, 5.0, 5.0, 5.0, 5.0, 5.0, 5.0, 5.0, 5.0, 5.0, 5.0, 5.0, 5.0, 5.0, 5.0, 5.0, 5.0, 5.0, 5.0, 5.0, 5.0]"
-0.6014505624771118,-0.2549856901168823,0.42299312353134155,1.936259150505066,-0.4602481722831726,-1.403422236442566,0.9450976252555847,-0.1851937174797058,0.26923611760139465,0.3371453583240509,0.0942523255944252,"[5.0, 5.0, 5.0, 5.0, 5.0, 5.0, 5.0, 5.0, 5.0, 4.986721038818359, 4.916586399078369, 4.8554840087890625, 4.802877902984619, 4.758296966552734, 4.721376895904541, 4.691802978515625, 4.669332981109619, 4.653789520263672, 4.64504861831665, 4.643032073974609, 4.647724628448486, 4.659184455871582, 4.6774725914001465, 4.702754020690918, 4.735240936279297, 4.775179862976074, 4.822910308837891, 4.8788580894470215, 4.943490982055664, 5.0, 5.0, 5.0, 5.0, 5.0, 5.0, 5.0, 5.0, 5.0, 5.0, 5.0, 5.0, 5.0, 5.0, 5.0, 5.0, 5.0, 5.0, 5.0, 5.0, 5.0, 5.0, 5.0, 5.0, 5.0, 5.0, 5.0, 5.0, 5.0, 5.0, 5.0]"
-0.5178269743919373,-0.2794269621372223,0.4702615737915039,1.4851402044296265,0.051437824964523315,-0.8390657305717468,0.9592419862747192,-0.14589166641235352,0.24200189113616943,0.3468182384967804,0.08650212734937668,"[5.0, 5.0, 5.0, 5.0, 5.0, 5.0, 4.957655429840088, 4.8779377937316895, 4.807693958282471, 4.746264457702637, 4.693129062652588, 4.647797584533691, 4.609903335571289, 4.5791449546813965, 4.555253028869629, 4.538054466247559, 4.527400016784668, 4.523214817047119, 4.5254597663879395, 4.534165859222412, 4.54939603805542, 4.57127046585083, 4.599954605102539, 4.635672092437744, 4.678723335266113, 4.72948694229126, 4.788362503051758, 4.85590934753418, 4.9327168464660645, 5.0, 5.0, 5.0, 5.0, 5.0, 5.0, 5.0, 5.0, 5.0, 5.0, 5.0, 5.0, 5.0, 5.0, 5.0, 5.0, 5.0, 5.0, 5.0, 5.0, 5.0, 5.0, 5.0, 5.0, 5.0, 5.0, 5.0, 5.0, 5.0, 5.0, 5.0]"
-0.44031721353530884,-0.30470010638237,0.48025479912757874,1.0978519916534424,0.17235901951789856,-0.2646785378456116,0.9688602685928345,-0.11835046857595444,0.2174793928861618,0.35504090785980225,0.07910776138305664,"[5.0, 5.0, 5.0, 4.93589973449707, 4.843435764312744, 4.761191368103027, 4.688355922698975, 4.624263286590576, 4.568337917327881, 4.520095348358154, 4.479123592376709, 4.4451069831848145, 4.417750358581543, 4.396856307983398, 4.382252216339111, 4.373842716217041, 4.371551036834717, 4.375356674194336, 4.385286331176758, 4.401434898376465, 4.423910617828369, 4.4528937339782715, 4.48859167098999, 4.53132963180542, 4.581434726715088, 4.639340400695801, 4.705532550811768, 4.78062629699707, 4.865327835083008, 4.960455894470215, 5.0, 5.0, 5.0, 5.0, 5.0, 5.0, 5.0, 5.0, 5.0, 5.0, 5.0, 5.0, 5.0, 5.0, 5.0, 5.0, 5.0, 5.0, 5.0, 5.0, 5.0, 5.0, 5.0, 5.0, 5.0, 5.0, 5.0, 5.0, 5.0, 5.0]"
-0.3660755157470703,-0.332194983959198,0.46175917983055115,0.7681616544723511,0.023518197238445282,0.32872867584228516,0.9759736061096191,-0.10239625722169876,0.19231478869915009,0.3619224429130554,0.0709272176027298,"[5.0, 4.907517433166504, 4.809815883636475, 4.722621917724609, 4.645078659057617, 4.576456546783447, 4.516143798828125, 4.463596820831299, 4.418378829956055, 4.380126953125, 4.348520278930664, 4.323305606842041, 4.304316520690918, 4.291381359100342, 4.2844157218933105, 4.283355236053467, 4.288206100463867, 4.299002170562744, 4.315817832946777, 4.338784217834473, 4.368086338043213, 4.403936862945557, 4.446619510650635, 4.496506690979004, 4.553986549377441, 4.619571685791016, 4.69384241104126, 4.777495861053467, 4.871337890625, 4.976336479187012, 5.0, 5.0, 5.0, 5.0, 5.0, 5.0, 5.0, 5.0, 5.0, 5.0, 5.0, 5.0, 5.0, 5.0, 5.0, 5.0, 5.0, 5.0, 5.0, 5.0, 5.0, 5.0, 5.0, 5.0, 5.0, 5.0, 5.0, 5.0, 5.0, 5.0]"
-0.295071542263031,-0.3629467487335205,0.4124293029308319,0.46187418699264526,-0.07227620482444763,0.9321511387825012,0.9809878468513489,-0.097684845328331,0.16767536103725433,0.3673517107963562,0.062480583786964417,"[4.8485565185546875, 4.754729747772217, 4.67104959487915, 4.596699237823486, 4.530979156494141, 4.473305702209473, 4.423198223114014, 4.380218029022217, 4.344038009643555, 4.314352035522461, 4.290928363800049, 4.273616313934326, 4.262246131896973, 4.256777286529541, 4.257132053375244, 4.26332950592041, 4.275402545928955, 4.293454170227051, 4.317625999450684, 4.348087787628174, 4.3850908279418945, 4.4289164543151855, 4.479931354522705, 4.538549423217773, 4.605290412902832, 4.680743217468262, 4.7656121253967285, 4.860738754272461, 4.967066287994385, 5.0, 5.0, 5.0, 5.0, 5.0, 5.0, 5.0, 5.0, 5.0, 5.0, 5.0, 5.0, 5.0, 5.0, 5.0, 5.0, 5.0, 5.0, 5.0, 5.0, 5.0, 5.0, 5.0, 5.0, 5.0, 5.0, 5.0, 5.0, 5.0, 5.0, 5.0]"
-0.22962231934070587,-0.3977987766265869,0.3396628499031067,0.09620754420757294,0.06132960319519043,1.5315008163452148,0.9835114479064941,-0.10352737456560135,0.14826245605945587,0.3714088201522827,0.05568152666091919,"[4.7296342849731445, 4.647876739501953, 4.575275897979736, 4.511152267456055, 4.454955577850342, 4.406194686889648, 4.364476203918457, 4.329467296600342, 4.300868988037109, 4.278493881225586, 4.262142658233643, 4.251703262329102, 4.247109889984131, 4.248316287994385, 4.255329608917236, 4.268214702606201, 4.287045001983643, 4.3119940757751465, 4.343216896057129, 4.380981922149658, 4.42558479309082, 4.477378845214844, 4.536807537078857, 4.604376316070557, 4.680690288543701, 4.766468048095703, 4.862552642822266, 4.969915866851807, 5.0, 5.0, 5.0, 5.0, 5.0, 5.0, 5.0, 5.0, 5.0, 5.0, 5.0, 5.0, 5.0, 5.0, 5.0, 5.0, 5.0, 5.0, 5.0, 5.0, 5.0, 5.0, 5.0, 5.0, 5.0, 5.0, 5.0, 5.0, 5.0, 5.0, 5.0, 5.0]"
-0.17139315605163574,-0.43675267696380615,0.25122278928756714,-0.2903599143028259,0.2930663824081421,2.072190761566162,0.9834454655647278,-0.11839886009693146,0.13715463876724243,0.37415051460266113,0.05180620402097702,"[4.636065483093262, 4.563229560852051, 4.498861789703369, 4.442395210266113, 4.393355846405029, 4.351330280303955, 4.315987586975098, 4.287049293518066, 4.264291286468506, 4.247542858123779, 4.236669540405273, 4.231595516204834, 4.232290267944336, 4.238750457763672, 4.251028537750244, 4.269217014312744, 4.293447494506836, 4.323907852172852, 4.360839366912842, 4.404510021209717, 4.455292701721191, 4.513617992401123, 4.579965114593506, 4.654941082000732, 4.739223480224609, 4.833643436431885, 4.939146518707275, 5.0, 5.0, 5.0, 5.0, 5.0, 5.0, 5.0, 5.0, 5.0, 5.0, 5.0, 5.0, 5.0, 5.0, 5.0, 5.0, 5.0, 5.0, 5.0, 5.0, 5.0, 5.0, 5.0, 5.0, 5.0, 5.0, 5.0, 5.0, 5.0, 5.0, 5.0, 5.0, 5.0]"
-0.1202031821012497,-0.4789429008960724,0.1537274569272995,-0.668955385684967,0.49886807799339294,2.533618688583374,0.9809092283248901,-0.14039665460586548,0.13453787565231323,0.3755818009376526,0.050993725657463074,"[4.568881511688232, 4.501953601837158, 4.443073272705078, 4.391720294952393, 4.347481727600098, 4.3099870681762695, 4.278941631317139, 4.254096508026123, 4.23529577255249, 4.222362995147705, 4.215227127075195, 4.21382999420166, 4.218142986297607, 4.228220462799072, 4.244129180908203, 4.265989780426025, 4.293948650360107, 4.328251361846924, 4.369140148162842, 4.4169602394104, 4.47208833694458, 4.53499174118042, 4.606236934661865, 4.6864447593688965, 4.776404857635498, 4.876991271972656, 4.989261627197266, 5.0, 5.0, 5.0, 5.0, 5.0, 5.0, 5.0, 5.0, 5.0, 5.0, 5.0, 5.0, 5.0, 5.0, 5.0, 5.0, 5.0, 5.0, 5.0, 5.0, 5.0, 5.0, 5.0, 5.0, 5.0, 5.0, 5.0, 5.0, 5.0, 5.0, 5.0, 5.0, 5.0]"
-0.07529210299253464,-0.5230249762535095,0.054684750735759735,-1.0460021495819092,0.6422802805900574,2.9295077323913574,0.9759134650230408,-0.16803379356861115,0.13911227881908417,0.3757677376270294,0.05278731882572174,"[4.5400309562683105, 4.476113319396973, 4.420018196105957, 4.371307849884033, 4.3295488357543945, 4.29441499710083, 4.2656354904174805, 4.24299955368042, 4.226314067840576, 4.215464115142822, 4.2103776931762695, 4.211013317108154, 4.217369556427002, 4.229485988616943, 4.247471332550049, 4.271460056304932, 4.301612854003906, 4.338191986083984, 4.38145637512207, 4.431756496429443, 4.489535331726074, 4.555257797241211, 4.62953519821167, 4.713024139404297, 4.80654239654541, 4.911029815673828, 5.0, 5.0, 5.0, 5.0, 5.0, 5.0, 5.0, 5.0, 5.0, 5.0, 5.0, 5.0, 5.0, 5.0, 5.0, 5.0, 5.0, 5.0, 5.0, 5.0, 5.0, 5.0, 5.0, 5.0, 5.0, 5.0, 5.0, 5.0, 5.0, 5.0, 5.0, 5.0, 5.0, 5.0]"
-0.03603406623005867,-0.5673494935035706,-0.03873063623905182,-1.42361581325531,0.7472237348556519,3.2672717571258545,0.9683412909507751,-0.20013414323329926,0.149184912443161,0.37459781765937805,0.05651696026325226,"[4.559813022613525, 4.495871067047119, 4.43980598449707, 4.391136169433594, 4.349465370178223, 4.314457416534424, 4.2858476638793945, 4.263411045074463, 4.246968746185303, 4.236419677734375, 4.231662273406982, 4.232665538787842, 4.23944091796875, 4.252039909362793, 4.270570278167725, 4.295135974884033, 4.325957775115967, 4.363253593444824, 4.407319068908691, 4.45852518081665, 4.5172953605651855, 4.584124565124512, 4.659613609313965, 4.744460105895996, 4.839484214782715, 4.945667266845703, 5.0, 5.0, 5.0, 5.0, 5.0, 5.0, 5.0, 5.0, 5.0, 5.0, 5.0, 5.0, 5.0, 5.0, 5.0, 5.0, 5.0, 5.0, 5.0, 5.0, 5.0, 5.0, 5.0, 5.0, 5.0, 5.0, 5.0, 5.0, 5.0, 5.0, 5.0, 5.0, 5.0, 5.0]"
-0.0018848292529582977,-0.6101588606834412,-0.11976715922355652,-1.7956204414367676,0.834145188331604,3.5334150791168213,0.9580623507499695,-0.23551443219184875,0.163230761885643,0.37210512161254883,0.06156487762928009,"[4.635430335998535, 4.567955017089844, 4.508687496185303, 4.457089424133301, 4.412734031677246, 4.375254154205322, 4.3443827629089355, 4.319831848144531, 4.301447868347168, 4.289080619812012, 4.282637596130371, 4.282084941864014, 4.2873992919921875, 4.298614501953125, 4.315835475921631, 4.339179039001465, 4.368837356567383, 4.40501594543457, 4.448028564453125, 4.498210430145264, 4.555980682373047, 4.621819496154785, 4.696346759796143, 4.7802276611328125, 4.874284267425537, 4.979464530944824, 5.0, 5.0, 5.0, 5.0, 5.0, 5.0, 5.0, 5.0, 5.0, 5.0, 5.0, 5.0, 5.0, 5.0, 5.0, 5.0, 5.0, 5.0, 5.0, 5.0, 5.0, 5.0, 5.0, 5.0, 5.0, 5.0, 5.0, 5.0, 5.0, 5.0, 5.0, 5.0, 5.0, 5.0]"
0.02810981124639511,-0.6499898433685303,-0.18102174997329712,-2.1241695880889893,0.9050316214561462,3.691258668899536,0.945235013961792,-0.2725277543067932,0.1795939952135086,0.36825138330459595,0.0672290101647377,"[4.769446849822998, 4.6942315101623535, 4.627862453460693, 4.569733142852783, 4.51934814453125, 4.476273059844971, 4.440174102783203, 4.410737991333008, 4.387759685516357, 4.37105131149292, 4.360482692718506, 4.355983257293701, 4.357507228851318, 4.3650689125061035, 4.378737926483154, 4.3985981941223145, 4.424824237823486, 4.457606315612793, 4.497200965881348, 4.543931484222412, 4.598179817199707, 4.6604204177856445, 4.73118257522583, 4.811133861541748, 4.9010162353515625, 5.0, 5.0, 5.0, 5.0, 5.0, 5.0, 5.0, 5.0, 5.0, 5.0, 5.0, 5.0, 5.0, 5.0, 5.0, 5.0, 5.0, 5.0, 5.0, 5.0, 5.0, 5.0, 5.0, 5.0, 5.0, 5.0, 5.0, 5.0, 5.0, 5.0, 5.0, 5.0, 5.0, 5.0, 5.0]"
0.055159300565719604,-0.6863101124763489,-0.2187037467956543,-2.349093437194824,0.9135704040527344,3.711024761199951,0.9305502772331238,-0.3090875744819641,0.1963045448064804,0.36313071846961975,0.0726989209651947,"[4.96303653717041, 4.875207424163818, 4.797290802001953, 4.728560447692871, 4.668386936187744, 4.6162190437316895, 4.571634292602539, 4.53426456451416, 4.503802299499512, 4.480005741119385, 4.4626874923706055, 4.451722145080566, 4.4470109939575195, 4.448528289794922, 4.456289768218994, 4.470344066619873, 4.490797519683838, 4.517820358276367, 4.551632881164551, 4.59246826171875, 4.6407036781311035, 4.696723937988281, 4.7610015869140625, 4.834131717681885, 4.916771411895752, 5.0, 5.0, 5.0, 5.0, 5.0, 5.0, 5.0, 5.0, 5.0, 5.0, 5.0, 5.0, 5.0, 5.0, 5.0, 5.0, 5.0, 5.0, 5.0, 5.0, 5.0, 5.0, 5.0, 5.0, 5.0, 5.0, 5.0, 5.0, 5.0, 5.0, 5.0, 5.0, 5.0, 5.0, 5.0]"
0.08072203397750854,-0.7197830080986023,-0.23447781801223755,-2.3905630111694336,0.8325719833374023,3.5859882831573486,0.9152810573577881,-0.3427451550960541,0.21161487698554993,0.356795996427536,0.07725310325622559,"[5.0, 5.0, 5.0, 4.925947666168213, 4.852600574493408, 4.788265705108643, 4.732389450073242, 4.684483528137207, 4.644125938415527, 4.611000061035156, 4.5848188400268555, 4.565398693084717, 4.552569389343262, 4.546233177185059, 4.546350002288818, 4.552924633026123, 4.565993785858154, 4.585657119750977, 4.612092971801758, 4.645477771759033, 4.686117649078369, 4.734314918518066, 4.790496349334717, 4.855142593383789, 4.928838729858398, 5.0, 5.0, 5.0, 5.0, 5.0, 5.0, 5.0, 5.0, 5.0, 5.0, 5.0, 5.0, 5.0, 5.0, 5.0, 5.0, 5.0, 5.0, 5.0, 5.0, 5.0, 5.0, 5.0, 5.0, 5.0, 5.0, 5.0, 5.0, 5.0, 5.0, 5.0, 5.0, 5.0, 5.0, 5.0]"
0.10671185702085495,-0.7512118816375732,-0.23436421155929565,-2.319049835205078,0.7594890594482422,3.36873459815979,0.9005854725837708,-0.37161168456077576,0.22548829019069672,0.3492773473262787,0.08084015548229218,"[5.0, 5.0, 5.0, 5.0, 5.0, 4.973822116851807, 4.904355525970459, 4.843812465667725, 4.791668891906738, 4.747446537017822, 4.710813045501709, 4.681425094604492, 4.6590800285339355, 4.643577575683594, 4.63480281829834, 4.632684230804443, 4.637211322784424, 4.648420333862305, 4.666384696960449, 4.691259384155273, 4.72324275970459, 4.7625956535339355, 4.809634208679199, 4.864766597747803, 4.92848539352417, 5.0, 5.0, 5.0, 5.0, 5.0, 5.0, 5.0, 5.0, 5.0, 5.0, 5.0, 5.0, 5.0, 5.0, 5.0, 5.0, 5.0, 5.0, 5.0, 5.0, 5.0, 5.0, 5.0, 5.0, 5.0, 5.0, 5.0, 5.0, 5.0, 5.0, 5.0, 5.0, 5.0, 5.0, 5.0]"
0.13504180312156677,-0.7811408042907715,-0.21629741787910461,-2.140104293823242,0.6875936388969421,3.034287214279175,0.8877114653587341,-0.39383232593536377,0.23845043778419495,0.3407423198223114,0.08366371691226959,"[5.0, 5.0, 5.0, 5.0, 5.0, 5.0, 5.0, 4.991871356964111, 4.926782131195068, 4.870480537414551, 4.822443962097168, 4.782280445098877, 4.749639511108398, 4.724254131317139, 4.7059197425842285, 4.694496154785156, 4.689891815185547, 4.692074775695801, 4.701048851013184, 4.716894149780273, 4.739736557006836, 4.769745826721191, 4.807194709777832, 4.852369785308838, 4.905669689178467, 4.967550277709961, 5.0, 5.0, 5.0, 5.0, 5.0, 5.0, 5.0, 5.0, 5.0, 5.0, 5.0, 5.0, 5.0, 5.0, 5.0, 5.0, 5.0, 5.0, 5.0, 5.0, 5.0, 5.0, 5.0, 5.0, 5.0, 5.0, 5.0, 5.0, 5.0, 5.0, 5.0, 5.0, 5.0, 5.0]"
0.16725949943065643,-0.8106294870376587,-0.18121647834777832,-1.886065125465393,0.6197531223297119,2.646444320678711,0.8778665065765381,-0.4079509377479553,0.25083935260772705,0.3310827314853668,0.0857917070388794,"[5.0, 5.0, 5.0, 5.0, 5.0, 5.0, 5.0, 5.0, 5.0, 4.964534759521484, 4.905280113220215, 4.854498863220215, 4.811773777008057, 4.776731014251709, 4.749078273773193, 4.728597640991211, 4.7151079177856445, 4.708517074584961, 4.7087812423706055, 4.715879440307617, 4.729878902435303, 4.750880718231201, 4.779073715209961, 4.814682483673096, 4.8579912185668945, 4.90938138961792, 4.969295978546143, 5.0, 5.0, 5.0, 5.0, 5.0, 5.0, 5.0, 5.0, 5.0, 5.0, 5.0, 5.0, 5.0, 5.0, 5.0, 5.0, 5.0, 5.0, 5.0, 5.0, 5.0, 5.0, 5.0, 5.0, 5.0, 5.0, 5.0, 5.0, 5.0, 5.0, 5.0, 5.0, 5.0]"
0.20414584875106812,-0.8400814533233643,-0.12980735301971436,-1.6375248432159424,0.55269855260849,2.2547996044158936,0.8716725707054138,-0.41383013129234314,0.2625364661216736,0.32044798135757446,0.08718793094158173,"[5.0, 5.0, 5.0, 5.0, 5.0, 5.0, 5.0, 5.0, 5.0, 5.0, 4.959687232971191, 4.899070739746094, 4.847013473510742, 4.803041458129883, 4.766805171966553, 4.737984657287598, 4.716353416442871, 4.701730728149414, 4.694003582000732, 4.693111419677734, 4.699040412902832, 4.7118425369262695, 4.7316179275512695, 4.7585344314575195, 4.792798042297363, 4.834700107574463, 4.884593963623047, 4.942911148071289, 5.0, 5.0, 5.0, 5.0, 5.0, 5.0, 5.0, 5.0, 5.0, 5.0, 5.0, 5.0, 5.0, 5.0, 5.0, 5.0, 5.0, 5.0, 5.0, 5.0, 5.0, 5.0, 5.0, 5.0, 5.0, 5.0, 5.0, 5.0, 5.0, 5.0, 5.0, 5.0]"
0.24583084881305695,-0.8695594072341919,-0.07004886865615845,-1.395163893699646,0.44294655323028564,1.8822927474975586,0.8696997761726379,-0.41136986017227173,0.2727469503879547,0.30878177285194397,0.08753852546215057,"[5.0, 5.0, 5.0, 5.0, 5.0, 5.0, 5.0, 5.0, 5.0, 5.0, 5.0, 4.933448791503906, 4.873014450073242, 4.821093559265137, 4.777222156524658, 4.741044998168945, 4.712249755859375, 4.6906023025512695, 4.675928592681885, 4.668098449707031, 4.667078971862793, 4.672828674316406, 4.685419082641602, 4.704931735992432, 4.731536388397217, 4.765448093414307, 4.806944847106934, 4.856381416320801, 4.91417932510376, 4.980860233306885, 5.0, 5.0, 5.0, 5.0, 5.0, 5.0, 5.0, 5.0, 5.0, 5.0, 5.0, 5.0, 5.0, 5.0, 5.0, 5.0, 5.0, 5.0, 5.0, 5.0, 5.0, 5.0, 5.0, 5.0, 5.0, 5.0, 5.0, 5.0, 5.0, 5.0]"
0.29232755303382874,-0.8989230990409851,-0.005807638168334961,-1.1418910026550293,0.2977152466773987,1.5444309711456299,0.87212735414505,-0.40069279074668884,0.2807716429233551,0.29613322019577026,0.08663087338209152,"[5.0, 5.0, 5.0, 5.0, 5.0, 5.0, 5.0, 5.0, 5.0, 5.0, 5.0, 4.974689483642578, 4.907007694244385, 4.848262786865234, 4.797918796539307, 4.755533218383789, 4.720769882202148, 4.6933112144470215, 4.67295503616333, 4.659524917602539, 4.652919769287109, 4.653071880340576, 4.660007953643799, 4.673762798309326, 4.694457530975342, 4.722250461578369, 4.757378101348877, 4.800128936767578, 4.850861549377441, 4.910021781921387, 4.978142261505127, 5.0, 5.0, 5.0, 5.0, 5.0, 5.0, 5.0, 5.0, 5.0, 5.0, 5.0, 5.0, 5.0, 5.0, 5.0, 5.0, 5.0, 5.0, 5.0, 5.0, 5.0, 5.0, 5.0, 5.0, 5.0, 5.0, 5.0, 5.0, 5.0]"
0.34368282556533813,-0.9277747273445129,0.061389535665512085,-0.8732776045799255,0.16821645200252533,1.242828607559204,0.8787863850593567,-0.3816322982311249,0.28650373220443726,0.28255483508110046,0.0844954401254654,"[5.0, 5.0, 5.0, 5.0, 5.0, 5.0, 5.0, 5.0, 5.0, 5.0, 5.0, 5.0, 4.949146747589111, 4.885040283203125, 4.829671382904053, 4.782529354095459, 4.74321985244751, 4.711403846740723, 4.686826705932617, 4.66928243637085, 4.658642768859863, 4.6548027992248535, 4.657739639282227, 4.667486667633057, 4.684114456176758, 4.707745552062988, 4.738587379455566, 4.776895046234131, 4.822978973388672, 4.877240180969238, 4.940163612365723, 5.0, 5.0, 5.0, 5.0, 5.0, 5.0, 5.0, 5.0, 5.0, 5.0, 5.0, 5.0, 5.0, 5.0, 5.0, 5.0, 5.0, 5.0, 5.0, 5.0, 5.0, 5.0, 5.0, 5.0, 5.0, 5.0, 5.0, 5.0, 5.0]"
0.3995993435382843,-0.9556552767753601,0.13067249953746796,-0.6259555220603943,0.07805456966161728,0.9832212924957275,0.8891438245773315,-0.35406503081321716,0.28992071747779846,0.268149197101593,0.08123113960027695,"[5.0, 5.0, 5.0, 5.0, 5.0, 5.0, 5.0, 5.0, 5.0, 5.0, 5.0, 5.0, 4.9914703369140625, 4.923655033111572, 4.8648295402526855, 4.814464569091797, 4.772123336791992, 4.737428188323975, 4.710108757019043, 4.689925193786621, 4.676721096038818, 4.670392990112305, 4.670890808105469, 4.6782145500183105, 4.692424297332764, 4.713627338409424, 4.742008686065674, 4.777792930603027, 4.82127571105957, 4.872840881347656, 4.932939529418945, 5.0, 5.0, 5.0, 5.0, 5.0, 5.0, 5.0, 5.0, 5.0, 5.0, 5.0, 5.0, 5.0, 5.0, 5.0, 5.0, 5.0, 5.0, 5.0, 5.0, 5.0, 5.0, 5.0, 5.0, 5.0, 5.0, 5.0, 5.0, 5.0]"
0.4591964781284332,-0.9825475811958313,0.1980697512626648,-0.44280099868774414,0.026373840868473053,0.7883149981498718,0.9026094079017639,-0.31744635105133057,0.2907172441482544,0.2529321014881134,0.07685130834579468,"[5.0, 5.0, 5.0, 5.0, 5.0, 5.0, 5.0, 5.0, 5.0, 5.0, 5.0, 5.0, 5.0, 4.959047794342041, 4.898123264312744, 4.845822811126709, 4.801684379577637, 4.765316009521484, 4.736420154571533, 4.7147650718688965, 4.700164794921875, 4.692512512207031, 4.691730499267578, 4.697823524475098, 4.710840702056885, 4.730883598327637, 4.758120059967041, 4.792771816253662, 4.835117816925049, 4.8855299949646, 4.944453716278076, 5.0, 5.0, 5.0, 5.0, 5.0, 5.0, 5.0, 5.0, 5.0, 5.0, 5.0, 5.0, 5.0, 5.0, 5.0, 5.0, 5.0, 5.0, 5.0, 5.0, 5.0, 5.0, 5.0, 5.0, 5.0, 5.0, 5.0, 5.0, 5.0]"
0.5204493403434753,-1.0095806121826172,0.2543678283691406,-0.3670521080493927,-0.0062508657574653625,0.7140284180641174,0.9179743528366089,-0.27221521735191345,0.28846806287765503,0.23710700869560242,0.07143483310937881,"[5.0, 5.0, 5.0, 5.0, 5.0, 5.0, 5.0, 5.0, 5.0, 5.0, 5.0, 5.0, 5.0, 4.9962944984436035, 4.933961391448975, 4.880368709564209, 4.835073947906494, 4.797656059265137, 4.767801761627197, 4.74528169631958, 4.72990083694458, 4.721538543701172, 4.720116138458252, 4.72563362121582, 4.738132953643799, 4.757715225219727, 4.7845354080200195, 4.818817138671875, 4.860844135284424, 4.91098690032959, 4.969681739807129, 5.0, 5.0, 5.0, 5.0, 5.0, 5.0, 5.0, 5.0, 5.0, 5.0, 5.0, 5.0, 5.0, 5.0, 5.0, 5.0, 5.0, 5.0, 5.0, 5.0, 5.0, 5.0, 5.0, 5.0, 5.0, 5.0, 5.0, 5.0, 5.0]"
0.579733669757843,-1.0395197868347168,0.29006490111351013,-0.43936383724212646,-0.022297263145446777,0.8348484635353088,0.9337669014930725,-0.21888722479343414,0.2831237316131592,0.22081151604652405,0.06518439948558807,"[5.0, 5.0, 5.0, 5.0, 5.0, 5.0, 5.0, 5.0, 5.0, 5.0, 5.0, 5.0, 5.0, 5.0, 4.983311653137207, 4.9282026290893555, 4.881529331207275, 4.842886924743652, 4.811942100524902, 4.788434028625488, 4.772190093994141, 4.763051509857178, 4.760956764221191, 4.765897274017334, 4.777896404266357, 4.797060012817383, 4.823540210723877, 4.857562065124512, 4.899412155151367, 4.9494428634643555, 5.0, 5.0, 5.0, 5.0, 5.0, 5.0, 5.0, 5.0, 5.0, 5.0, 5.0, 5.0, 5.0, 5.0, 5.0, 5.0, 5.0, 5.0, 5.0, 5.0, 5.0, 5.0, 5.0, 5.0, 5.0, 5.0, 5.0, 5.0, 5.0, 5.0]"
0.6318441033363342,-1.0763516426086426,0.2984473407268524,-0.6723759770393372,-0.006321579217910767,1.1984009742736816,0.9480335712432861,-0.15863025188446045,0.275788813829422,0.20435437560081482,0.05863282084465027,"[5.0, 5.0, 5.0, 5.0, 5.0, 5.0, 5.0, 5.0, 5.0, 5.0, 5.0, 5.0, 5.0, 5.0, 5.0, 4.996380805969238, 4.947255611419678, 4.906374931335449, 4.873391151428223, 4.848023891448975, 4.830074787139893, 4.819386005401611, 4.81587553024292, 4.819514274597168, 4.830320358276367, 4.848399639129639, 4.873887062072754, 4.907003402709961, 4.948025703430176, 4.997303009033203, 5.0, 5.0, 5.0, 5.0, 5.0, 5.0, 5.0, 5.0, 5.0, 5.0, 5.0, 5.0, 5.0, 5.0, 5.0, 5.0, 5.0, 5.0, 5.0, 5.0, 5.0, 5.0, 5.0, 5.0, 5.0, 5.0, 5.0, 5.0, 5.0, 5.0]"
0.6705909371376038,-1.123998761177063,0.2764178514480591,-1.04298996925354,0.03227515518665314,1.8057233095169067,0.9588788747787476,-0.09129711240530014,0.2687113881111145,0.18813933432102203,0.05248585343360901,"[5.0, 5.0, 5.0, 5.0, 5.0, 5.0, 5.0, 5.0, 5.0, 5.0, 5.0, 5.0, 5.0, 5.0, 5.0, 5.0, 5.0, 4.9917192459106445, 4.955062389373779, 4.926288604736328, 4.905167579650879, 4.891517639160156, 4.885225772857666, 4.886239528656006, 4.894567489624023, 4.910273551940918, 4.933497428894043, 4.96442985534668, 5.0, 5.0, 5.0, 5.0, 5.0, 5.0, 5.0, 5.0, 5.0, 5.0, 5.0, 5.0, 5.0, 5.0, 5.0, 5.0, 5.0, 5.0, 5.0, 5.0, 5.0, 5.0, 5.0, 5.0, 5.0, 5.0, 5.0, 5.0, 5.0, 5.0, 5.0, 5.0]"
0.6889767646789551,-1.1852045059204102,0.21693827211856842,-1.5348284244537354,0.06181538105010986,2.6536264419555664,0.9639874696731567,-0.016179868951439857,0.26543381810188293,0.17282670736312866,0.047581106424331665,"[5.0, 5.0, 5.0, 5.0, 5.0, 5.0, 5.0, 5.0, 5.0, 5.0, 5.0, 5.0, 5.0, 5.0, 5.0, 5.0, 5.0, 5.0, 5.0, 5.0, 5.0, 4.986696243286133, 4.975717544555664, 4.972264766693115, 4.976320266723633, 4.987910270690918, 5.0, 5.0, 5.0, 5.0, 5.0, 5.0, 5.0, 5.0, 5.0, 5.0, 5.0, 5.0, 5.0, 5.0, 5.0, 5.0, 5.0, 5.0, 5.0, 5.0, 5.0, 5.0, 5.0, 5.0, 5.0, 5.0, 5.0, 5.0, 5.0, 5.0, 5.0, 5.0, 5.0, 5.0]"
0.6786932945251465,-1.2603615522384644,0.11612984538078308,-2.142416000366211,0.10352346301078796,3.754814624786377,0.9601364731788635,0.06624771654605865,0.2715458273887634,0.1594083607196808,0.04497694596648216,"[5.0, 5.0, 5.0, 5.0, 5.0, 5.0, 5.0, 5.0, 5.0, 5.0, 5.0, 5.0, 5.0, 5.0, 5.0, 5.0, 5.0, 5.0, 5.0, 5.0, 5.0, 5.0, 5.0, 5.0, 5.0, 5.0, 5.0, 5.0, 5.0, 5.0, 5.0, 5.0, 5.0, 5.0, 5.0, 5.0, 5.0, 5.0, 5.0, 5.0, 5.0, 5.0, 5.0, 5.0, 5.0, 5.0, 5.0, 5.0, 5.0, 5.0, 5.0, 5.0, 5.0, 5.0, 5.0, 5.0, 5.0, 5.0, 5.0, 5.0]"
0.6299670338630676,-1.3445121049880981,-0.03188493847846985,-2.7996671199798584,-0.08240872621536255,5.052180290222168,0.9444072246551514,0.15320709347724915,0.29087743163108826,0.1490585207939148,0.04531758278608322,"[5.0, 5.0, 5.0, 5.0, 5.0, 5.0, 5.0, 5.0, 5.0, 5.0, 5.0, 5.0, 5.0, 5.0, 5.0, 5.0, 5.0, 5.0, 5.0, 5.0, 5.0, 5.0, 5.0, 5.0, 5.0, 5.0, 5.0, 5.0, 5.0, 5.0, 5.0, 5.0, 5.0, 5.0, 5.0, 5.0, 5.0, 5.0, 5.0, 5.0, 5.0, 5.0, 5.0, 5.0, 5.0, 5.0, 5.0, 5.0, 5.0, 5.0, 5.0, 5.0, 5.0, 5.0, 5.0, 5.0, 5.0, 5.0, 5.0, 5.0]"
0.5318114161491394,-1.4256848096847534,-0.2216203808784485,-3.5522093772888184,-0.5627931952476501,6.5034871101379395,0.9162423610687256,0.23533694446086884,0.32419636845588684,0.14298498630523682,0.04900217056274414,"[5.0, 5.0, 5.0, 5.0, 5.0, 5.0, 5.0, 5.0, 5.0, 5.0, 5.0, 5.0, 5.0, 5.0, 5.0, 5.0, 5.0, 5.0, 5.0, 5.0, 5.0, 5.0, 5.0, 5.0, 5.0, 5.0, 5.0, 5.0, 5.0, 5.0, 5.0, 5.0, 5.0, 5.0, 5.0, 5.0, 5.0, 5.0, 5.0, 5.0, 5.0, 5.0, 5.0, 5.0, 5.0, 5.0, 5.0, 5.0, 5.0, 5.0, 5.0, 5.0, 5.0, 5.0, 5.0, 5.0, 5.0, 5.0, 5.0, 5.0]"
0.3734479248523712,-1.4843202829360962,-0.42058682441711426,-4.4501166343688965,-1.1673171520233154,8.081210136413574,0.8814638257026672,0.295438289642334,0.36840829253196716,0.14215946197509766,0.056335531175136566,"[5.0, 5.0, 5.0, 5.0, 5.0, 5.0, 5.0, 5.0, 5.0, 5.0, 5.0, 5.0, 5.0, 5.0, 5.0, 5.0, 5.0, 5.0, 5.0, 5.0, 5.0, 5.0, 5.0, 5.0, 5.0, 5.0, 5.0, 5.0, 5.0, 5.0, 5.0, 5.0, 5.0, 5.0, 5.0, 5.0, 5.0, 5.0, 5.0, 5.0, 5.0, 5.0, 5.0, 5.0, 5.0, 5.0, 5.0, 5.0, 5.0, 5.0, 5.0, 5.0, 5.0, 5.0, 5.0, 5.0, 5.0, 5.0, 5.0, 5.0]"
0.15649572014808655,-1.4974029064178467,-0.5474048852920532,-5.401839256286621,-1.3861130475997925,9.693876266479492,0.8535803556442261,0.31332284212112427,0.41619348526000977,0.14663264155387878,0.06711713969707489,"[5.0, 5.0, 5.0, 5.0, 5.0, 5.0, 5.0, 5.0, 5.0, 5.0, 5.0, 5.0, 5.0, 5.0, 5.0, 5.0, 5.0, 5.0, 5.0, 5.0, 5.0, 5.0, 5.0, 5.0, 5.0, 5.0, 5.0, 5.0, 5.0, 5.0, 5.0, 5.0, 5.0, 5.0, 5.0, 5.0, 5.0, 5.0, 5.0, 5.0, 5.0, 5.0, 5.0, 5.0, 5.0, 5.0, 5.0, 5.0, 5.0, 5.0, 5.0, 5.0, 5.0, 5.0, 5.0, 5.0, 5.0, 5.0, 5.0, 5.0]"
-0.1011919155716896,-1.443374514579773,-0.5867640972137451,-6.296225547790527,-1.1959447860717773,11.212896347045898,0.8438031077384949,0.27786651253700256,0.45910248160362244,0.155296191573143,0.08025520294904709,"[5.0, 5.0, 5.0, 5.0, 5.0, 5.0, 5.0, 5.0, 5.0, 5.0, 5.0, 5.0, 5.0, 5.0, 5.0, 5.0, 5.0, 5.0, 5.0, 5.0, 5.0, 5.0, 5.0, 5.0, 5.0, 5.0, 5.0, 5.0, 5.0, 5.0, 5.0, 5.0, 5.0, 5.0, 5.0, 5.0, 5.0, 5.0, 5.0, 5.0, 5.0, 5.0, 5.0, 5.0, 5.0, 5.0, 5.0, 5.0, 5.0, 5.0, 5.0, 5.0, 5.0, 5.0, 5.0, 5.0, 5.0, 5.0, 5.0, 5.0]"
0.0,0.0,0.0,0.0,0.0,0.0,0.6343094706535339,-0.7722760438919067,0.03522834926843643,10.876319885253906,0.3833928108215332,"[5.0, 5.0, 5.0, 5.0, 5.0, 5.0, 5.0, 5.0, 5.0, 5.0, 5.0, 5.0, 5.0, 5.0, 5.0, 5.0, 5.0, 5.0, 5.0, 5.0, 5.0, 5.0, 5.0, 5.0, 5.0, 5.0, 5.0, 5.0, 5.0, 5.0, 5.0, 5.0, 5.0, 5.0, 5.0, 5.0, 5.0, 5.0, 5.0, 5.0, 5.0, 5.0, 5.0, 5.0, 5.0, 5.0, 5.0, 5.0, 5.0, 5.0, 5.0, 5.0, 5.0, 5.0, 5.0, 5.0, 5.0, 5.0, 5.0, 5.0]"
0.03068085014820099,0.009580188430845737,0.03965345397591591,2.015831470489502,6.540502548217773,-2.421617269515991,0.6544214487075806,-0.7463099956512451,0.1214652955532074,10.808500289916992,1.3226511478424072,"[5.0, 5.0, 5.0, 5.0, 5.0, 5.0, 5.0, 5.0, 5.0, 5.0, 5.0, 5.0, 5.0, 5.0, 5.0, 5.0, 5.0, 5.0, 5.0, 5.0, 5.0, 5.0, 5.0, 5.0, 5.0, 5.0, 5.0, 5.0, 5.0, 5.0, 5.0, 5.0, 5.0, 5.0, 5.0, 5.0, 5.0, 5.0, 5.0, 5.0, 5.0, 5.0, 5.0, 5.0, 5.0, 5.0, 5.0, 5.0, 5.0, 5.0, 5.0, 5.0, 5.0, 5.0, 5.0, 5.0, 5.0, 5.0, 5.0, 5.0]"
0.038157518953084946,0.03634468466043472,0.2786027789115906,5.416572570800781,8.054702758789062,-6.541913986206055,0.700583815574646,-0.6520054340362549,0.2899499535560608,10.43198299407959,3.1605238914489746,"[5.0, 5.0, 5.0, 5.0, 5.0, 5.0, 5.0, 5.0, 5.0, 5.0, 5.0, 5.0, 5.0, 5.0, 5.0, 5.0, 5.0, 5.0, 5.0, 5.0, 5.0, 5.0, 5.0, 5.0, 5.0, 5.0, 5.0, 5.0, 5.0, 5.0, 5.0, 5.0, 5.0, 5.0, 5.0, 5.0, 5.0, 5.0, 5.0, 5.0, 5.0, 5.0, 5.0, 5.0, 5.0, 5.0, 5.0, 5.0, 5.0, 5.0, 5.0, 5.0, 5.0, 5.0, 5.0, 5.0, 5.0, 5.0, 5.0, 5.0]"
0.03379285708069801,0.07382918894290924,0.5195901989936829,6.558043956756592,4.563335418701172,-7.562350749969482,0.7461835145950317,-0.4981018304824829,0.4417063891887665,9.786018371582031,4.81803560256958,"[5.0, 4.9210662841796875, 4.813517093658447, 4.717480182647705, 4.631956100463867, 4.556057929992676, 4.4890618324279785, 4.430360317230225, 4.379405975341797, 4.335760593414307, 4.299067497253418, 4.269032001495361, 4.245396614074707, 4.227972030639648, 4.216643333435059, 4.211303234100342, 4.211913108825684, 4.218486309051514, 4.231071472167969, 4.249765396118164, 4.2747015953063965, 4.306097030639648, 4.344196796417236, 4.389320373535156, 4.441839218139648, 4.502214431762695, 4.570990562438965, 4.648811340332031, 4.7364325523376465, 4.834755897521973, 4.944822788238525, 5.0, 5.0, 5.0, 5.0, 5.0, 5.0, 5.0, 5.0, 5.0, 5.0, 5.0, 5.0, 5.0, 5.0, 5.0, 5.0, 5.0, 5.0, 5.0, 5.0, 5.0, 5.0, 5.0, 5.0, 5.0, 5.0, 5.0, 5.0, 5.0]"
0.05897562578320503,0.13449260592460632,0.8604439496994019,5.7682366371154785,1.3668664693832397,-6.8525800704956055,0.7847471833229065,-0.33142155408859253,0.5237666368484497,9.29045581817627,5.712230205535889,"[3.6316280364990234, 3.563225030899048, 3.5018389225006104, 3.446936845779419, 3.398047924041748, 3.3547637462615967, 3.3167638778686523, 3.2837300300598145, 3.2554433345794678, 3.231674909591675, 3.212278127670288, 3.1971077919006348, 3.1860647201538086, 3.1790518760681152, 3.1760413646698, 3.177013397216797, 3.1819777488708496, 3.190945625305176, 3.203998327255249, 3.2212183475494385, 3.2427303791046143, 3.268679618835449, 3.299248695373535, 3.3346705436706543, 3.3752129077911377, 3.421187400817871, 3.4729650020599365, 3.5309696197509766, 3.5957140922546387, 3.6677701473236084, 3.747840404510498, 3.83670711517334, 3.9353246688842773, 4.0447821617126465, 4.16640567779541, 4.3017425537109375, 4.452660083770752, 4.6214118003845215, 4.810741901397705, 5.0, 5.0, 5.0, 5.0, 5.0, 5.0, 5.0, 5.0, 5.0, 5.0, 5.0, 5.0, 5.0, 5.0, 5.0, 5.0, 5.0, 5.0, 5.0, 5.0, 5.0]"
0.13802693784236908,0.20975181460380554,1.2127768993377686,4.308330059051514,-1.3777496814727783,-5.944480895996094,0.824797511100769,-0.1827351450920105,0.5350857377052307,9.203108787536621,5.82914924621582,"[3.345181703567505, 3.288987636566162, 3.238642692565918, 3.193767547607422, 3.154003143310547, 3.1190109252929688, 3.0885703563690186, 3.062448263168335, 3.0404582023620605, 3.022440195083618, 3.0082931518554688, 2.997917652130127, 2.991241455078125, 2.988208532333374, 2.988821506500244, 2.9930717945098877, 3.0009822845458984, 3.012622594833374, 3.0280470848083496, 3.0473787784576416, 3.0707340240478516, 3.0982818603515625, 3.1302237510681152, 3.166785955429077, 3.2082364559173584, 3.254894733428955, 3.3071415424346924, 3.3654026985168457, 3.4301905632019043, 3.5020828247070312, 3.58176326751709, 3.670037031173706, 3.7678394317626953, 3.8762753009796143, 3.9966511726379395, 4.13052225112915, 4.279763221740723, 4.446628093719482, 4.633866310119629, 4.844866752624512, 5.0, 5.0, 5.0, 5.0, 5.0, 5.0, 5.0, 5.0, 5.0, 5.0, 5.0, 5.0, 5.0, 5.0, 5.0, 5.0, 5.0, 5.0, 5.0, 5.0]"
0.28911951184272766,0.2772795557975769,1.545216679573059,2.585206985473633,-3.570167064666748,-5.089430332183838,0.8696695566177368,-0.0629555955529213,0.4896031320095062,9.479867935180664,5.323009967803955,"[3.5973336696624756, 3.5409657955169678, 3.4907307624816895, 3.4462597370147705, 3.4071810245513916, 3.3732049465179443, 3.344064474105835, 3.319571018218994, 3.2995402812957764, 3.2838356494903564, 3.2723517417907715, 3.2650022506713867, 3.2617313861846924, 3.262545108795166, 3.2674248218536377, 3.276413917541504, 3.2895631790161133, 3.3069729804992676, 3.3287551403045654, 3.35506272315979, 3.3860888481140137, 3.4220662117004395, 3.463247060775757, 3.509957790374756, 3.5625712871551514, 3.6215083599090576, 3.687304735183716, 3.7605159282684326, 3.8418610095977783, 3.932124137878418, 4.032245635986328, 4.14335823059082, 4.266756534576416, 4.40401029586792, 4.556979179382324, 4.72791862487793, 4.9195637702941895, 5.0, 5.0, 5.0, 5.0, 5.0, 5.0, 5.0, 5.0, 5.0, 5.0, 5.0, 5.0, 5.0, 5.0, 5.0, 5.0, 5.0, 5.0, 5.0, 5.0, 5.0, 5.0, 5.0]"
0.47370320558547974,0.31245604157447815,1.8391973972320557,0.9339802265167236,-3.325981855392456,-4.106673240661621,0.903353214263916,0.025540120899677277,0.4281359314918518,9.800196647644043,4.642857551574707,"[4.205834865570068, 4.139774799346924, 4.081213474273682, 4.029630661010742, 3.9846179485321045, 3.9457998275756836, 3.9128737449645996, 3.885610818862915, 3.8638064861297607, 3.8472652435302734, 3.8359038829803467, 3.8296310901641846, 3.8284080028533936, 3.8322033882141113, 3.841068744659424, 3.855062961578369, 3.8742737770080566, 3.89884352684021, 3.928973913192749, 3.9648590087890625, 4.006813049316406, 4.0551252365112305, 4.110214710235596, 4.172542095184326, 4.2426347732543945, 4.321147918701172, 4.408822536468506, 4.506510257720947, 4.615250110626221, 4.736246109008789, 4.87092399597168, 5.0, 5.0, 5.0, 5.0, 5.0, 5.0, 5.0, 5.0, 5.0, 5.0, 5.0, 5.0, 5.0, 5.0, 5.0, 5.0, 5.0, 5.0, 5.0, 5.0, 5.0, 5.0, 5.0, 5.0, 5.0, 5.0, 5.0, 5.0, 5.0]"
0.6307566165924072,0.306689590215683,2.0093801021575928,-0.0949133038520813,-1.999111533164978,-2.9385716915130615,0.9198101162910461,0.08515166491270065,0.3830123543739319,9.989706039428711,4.142039775848389,"[5.0, 4.915798187255859, 4.838690280914307, 4.770687580108643, 4.71118688583374, 4.659664630889893, 4.615698337554932, 4.578919410705566, 4.549053192138672, 4.525842666625977, 4.5091047286987305, 4.49873161315918, 4.49464225769043, 4.496799468994141, 4.505209445953369, 4.519951820373535, 4.541136741638184, 4.5689239501953125, 4.603534698486328, 4.6452202796936035, 4.694356918334961, 4.751330852508545, 4.81662654876709, 4.8908491134643555, 4.974654197692871, 5.0, 5.0, 5.0, 5.0, 5.0, 5.0, 5.0, 5.0, 5.0, 5.0, 5.0, 5.0, 5.0, 5.0, 5.0, 5.0, 5.0, 5.0, 5.0, 5.0, 5.0, 5.0, 5.0, 5.0, 5.0, 5.0, 5.0, 5.0, 5.0, 5.0, 5.0, 5.0, 5.0, 5.0, 5.0]"
0.7004112005233765,0.28202468156814575,2.1814723014831543,-0.047732800245285034,0.7729967832565308,-1.724694848060608,0.9162839651107788,0.1215718537569046,0.38163289427757263,9.968710899353027,4.115904808044434,"[5.0, 5.0, 5.0, 5.0, 4.928391456604004, 4.863213539123535, 4.80645751953125, 4.7576470375061035, 4.716394424438477, 4.682332992553711, 4.655218601226807, 4.634840488433838, 4.621031284332275, 4.613684177398682, 4.612751007080078, 4.618225574493408, 4.630162715911865, 4.648617744445801, 4.67376708984375, 4.705779075622559, 4.7449188232421875, 4.791492938995361, 4.845900058746338, 4.908579349517822, 4.980088710784912, 5.0, 5.0, 5.0, 5.0, 5.0, 5.0, 5.0, 5.0, 5.0, 5.0, 5.0, 5.0, 5.0, 5.0, 5.0, 5.0, 5.0, 5.0, 5.0, 5.0, 5.0, 5.0, 5.0, 5.0, 5.0, 5.0, 5.0, 5.0, 5.0, 5.0, 5.0, 5.0, 5.0, 5.0, 5.0]"
0.7359236478805542,0.27059245109558105,2.2902307510375977,0.49716776609420776,0.7477272748947144,-1.0188528299331665,0.9085977077484131,0.1460346132516861,0.3913104832172394,9.896784782409668,4.2082905769348145,"[5.0, 5.0, 4.994828224182129, 4.9078569412231445, 4.830531597137451, 4.762149810791016, 4.702123641967773, 4.649911880493164, 4.605119705200195, 4.567375183105469, 4.536369800567627, 4.511901378631592, 4.493752956390381, 4.481794834136963, 4.475954055786133, 4.476170539855957, 4.482456207275391, 4.494851112365723, 4.513467311859131, 4.538405895233154, 4.569889068603516, 4.608129501342773, 4.653456687927246, 4.70621395111084, 4.766839981079102, 4.835845470428467, 4.913839817047119, 5.0, 5.0, 5.0, 5.0, 5.0, 5.0, 5.0, 5.0, 5.0, 5.0, 5.0, 5.0, 5.0, 5.0, 5.0, 5.0, 5.0, 5.0, 5.0, 5.0, 5.0, 5.0, 5.0, 5.0, 5.0, 5.0, 5.0, 5.0, 5.0, 5.0, 5.0, 5.0, 5.0]"
0.8050585985183716,0.2734832763671875,2.360325336456299,0.7685996294021606,-0.19076493382453918,-0.6405842304229736,0.9073376655578613,0.164795383810997,0.38675665855407715,9.886605262756348,4.146374225616455,"[5.0, 5.0, 4.986871719360352, 4.903709888458252, 4.8298726081848145, 4.764688968658447, 4.70761775970459, 4.658177852630615, 4.615972518920898, 4.580673694610596, 4.552002429962158, 4.529767990112305, 4.513767719268799, 4.503913402557373, 4.500115871429443, 4.502357482910156, 4.51066255569458, 4.525069236755371, 4.54570198059082, 4.572703838348389, 4.606280326843262, 4.646687984466553, 4.69423770904541, 4.74931526184082, 4.812359809875488, 4.883923530578613, 4.964627742767334, 5.0, 5.0, 5.0, 5.0, 5.0, 5.0, 5.0, 5.0, 5.0, 5.0, 5.0, 5.0, 5.0, 5.0, 5.0, 5.0, 5.0, 5.0, 5.0, 5.0, 5.0, 5.0, 5.0, 5.0, 5.0, 5.0, 5.0, 5.0, 5.0, 5.0, 5.0, 5.0, 5.0]"
0.9060083627700806,0.2774645686149597,2.405153512954712,0.786738932132721,-0.6713572144508362,-0.37393808364868164,0.9113423824310303,0.1787155717611313,0.3708309829235077,9.92313289642334,3.9623172283172607,"[5.0, 5.0, 5.0, 5.0, 4.9498796463012695, 4.890209197998047, 4.838500499725342, 4.794369697570801, 4.757429599761963, 4.727417945861816, 4.704105854034424, 4.6873273849487305, 4.6769304275512695, 4.672867774963379, 4.675102710723877, 4.683644771575928, 4.6985602378845215, 4.719947338104248, 4.747992515563965, 4.782889366149902, 4.824895858764648, 4.874355316162109, 4.931656837463379, 4.997270107269287, 5.0, 5.0, 5.0, 5.0, 5.0, 5.0, 5.0, 5.0, 5.0, 5.0, 5.0, 5.0, 5.0, 5.0, 5.0, 5.0, 5.0, 5.0, 5.0, 5.0, 5.0, 5.0, 5.0, 5.0, 5.0, 5.0, 5.0, 5.0, 5.0, 5.0, 5.0, 5.0, 5.0, 5.0, 5.0, 5.0]"
1.0130032300949097,0.2752745747566223,2.4189114570617676,0.8195412158966064,-0.6151095628738403,-0.04597623273730278,0.9167228937149048,0.18695765733718872,0.3530805706977844,9.961711883544922,3.759420394897461,"[5.0, 5.0, 5.0, 5.0, 5.0, 5.0, 4.9706501960754395, 4.934248447418213, 4.905001163482666, 4.882707595825195, 4.867170810699463, 4.858284950256348, 4.855989456176758, 4.860283374786377, 4.871164798736572, 4.888722896575928, 4.913106918334961, 4.944484233856201, 4.9831013679504395, 5.0, 5.0, 5.0, 5.0, 5.0, 5.0, 5.0, 5.0, 5.0, 5.0, 5.0, 5.0, 5.0, 5.0, 5.0, 5.0, 5.0, 5.0, 5.0, 5.0, 5.0, 5.0, 5.0, 5.0, 5.0, 5.0, 5.0, 5.0, 5.0, 5.0, 5.0, 5.0, 5.0, 5.0, 5.0, 5.0, 5.0, 5.0, 5.0, 5.0, 5.0]"
1.1209503412246704,0.26473259925842285,2.390077590942383,0.8771852254867554,-0.689995527267456,0.31296011805534363,0.9233887195587158,0.18885263800621033,0.33419719338417053,9.998875617980957,3.5454483032226562,"[5.0, 5.0, 5.0, 5.0, 5.0, 5.0, 5.0, 5.0, 5.0, 5.0, 5.0, 5.0, 5.0, 5.0, 5.0, 5.0, 5.0, 5.0, 5.0, 5.0, 5.0, 5.0, 5.0, 5.0, 5.0, 5.0, 5.0, 5.0, 5.0, 5.0, 5.0, 5.0, 5.0, 5.0, 5.0, 5.0, 5.0, 5.0, 5.0, 5.0, 5.0, 5.0, 5.0, 5.0, 5.0, 5.0, 5.0, 5.0, 5.0, 5.0, 5.0, 5.0, 5.0, 5.0, 5.0, 5.0, 5.0, 5.0, 5.0, 5.0]"
1.2339926958084106,0.2454504817724228,2.3240737915039062,0.9057646989822388,-0.8863364458084106,0.556522011756897,0.9317585825920105,0.18558423221111298,0.31206461787223816,10.041354179382324,3.2982640266418457,"[5.0, 5.0, 5.0, 5.0, 5.0, 5.0, 5.0, 5.0, 5.0, 5.0, 5.0, 5.0, 5.0, 5.0, 5.0, 5.0, 5.0, 5.0, 5.0, 5.0, 5.0, 5.0, 5.0, 5.0, 5.0, 5.0, 5.0, 5.0, 5.0, 5.0, 5.0, 5.0, 5.0, 5.0, 5.0, 5.0, 5.0, 5.0, 5.0, 5.0, 5.0, 5.0, 5.0, 5.0, 5.0, 5.0, 5.0, 5.0, 5.0, 5.0, 5.0, 5.0, 5.0, 5.0, 5.0, 5.0, 5.0, 5.0, 5.0, 5.0]"
1.3512581586837769,0.2122446745634079,2.226027250289917,0.7420164942741394,-1.083909034729004,0.6745332479476929,0.9412725567817688,0.1783672422170639,0.2866895794868469,10.086721420288086,3.018462657928467,"[5.0, 5.0, 5.0, 5.0, 5.0, 5.0, 5.0, 5.0, 5.0, 5.0, 5.0, 5.0, 5.0, 5.0, 5.0, 5.0, 5.0, 5.0, 5.0, 5.0, 5.0, 5.0, 5.0, 5.0, 5.0, 5.0, 5.0, 5.0, 5.0, 5.0, 5.0, 5.0, 5.0, 5.0, 5.0, 5.0, 5.0, 5.0, 5.0, 5.0, 5.0, 5.0, 5.0, 5.0, 5.0, 5.0, 5.0, 5.0, 5.0, 5.0, 5.0, 5.0, 5.0, 5.0, 5.0, 5.0, 5.0, 5.0, 5.0, 5.0]"
1.4655494689941406,0.1593339443206787,2.100189685821533,0.41367998719215393,-1.1317508220672607,0.7219884991645813,0.9506848454475403,0.1679224818944931,0.2607683539390564,10.124822616577148,2.7348556518554688,"[5.0, 5.0, 5.0, 5.0, 5.0, 5.0, 5.0, 5.0, 5.0, 5.0, 5.0, 5.0, 5.0, 5.0, 5.0, 5.0, 5.0, 5.0, 5.0, 5.0, 5.0, 5.0, 5.0, 5.0, 5.0, 5.0, 5.0, 5.0, 5.0, 5.0, 5.0, 5.0, 5.0, 5.0, 5.0, 5.0, 5.0, 5.0, 5.0, 5.0, 5.0, 5.0, 5.0, 5.0, 5.0, 5.0, 5.0, 5.0, 5.0, 5.0, 5.0, 5.0, 5.0, 5.0, 5.0, 5.0, 5.0, 5.0, 5.0, 5.0]"
1.5676299333572388,0.08431299030780792,1.9536406993865967,-0.04781030863523483,-0.9755960702896118,0.7316365838050842,0.9587740898132324,0.15475931763648987,0.2383308857679367,10.14559555053711,2.4897537231445312,"[5.0, 5.0, 5.0, 5.0, 5.0, 5.0, 5.0, 5.0, 5.0, 5.0, 5.0, 5.0, 5.0, 5.0, 5.0, 5.0, 5.0, 5.0, 5.0, 5.0, 5.0, 5.0, 5.0, 5.0, 5.0, 5.0, 5.0, 5.0, 5.0, 5.0, 5.0, 5.0, 5.0, 5.0, 5.0, 5.0, 5.0, 5.0, 5.0, 5.0, 5.0, 5.0, 5.0, 5.0, 5.0, 5.0, 5.0, 5.0, 5.0, 5.0, 5.0, 5.0, 5.0, 5.0, 5.0, 5.0, 5.0, 5.0, 5.0, 5.0]"
1.6493902206420898,-0.010116133838891983,1.805790662765503,-0.5491273403167725,-0.5667240023612976,0.7079638838768005,0.9645131826400757,0.13967280089855194,0.22406622767448425,10.141347885131836,2.331617593765259,"[5.0, 5.0, 5.0, 5.0, 5.0, 5.0, 5.0, 5.0, 5.0, 5.0, 5.0, 5.0, 5.0, 5.0, 5.0, 5.0, 5.0, 5.0, 5.0, 5.0, 5.0, 5.0, 5.0, 5.0, 5.0, 5.0, 5.0, 5.0, 5.0, 5.0, 5.0, 5.0, 5.0, 5.0, 5.0, 5.0, 5.0, 5.0, 5.0, 5.0, 5.0, 5.0, 5.0, 5.0, 5.0, 5.0, 5.0, 5.0, 5.0, 5.0, 5.0, 5.0, 5.0, 5.0, 5.0, 5.0, 5.0, 5.0, 5.0, 5.0]"
1.7075639963150024,-0.11586292088031769,1.6775472164154053,-0.9604161381721497,0.009058438241481781,0.6338275074958801,0.9672885537147522,0.12405061721801758,0.221278116106987,10.108800888061523,2.2937161922454834,"[5.0, 5.0, 5.0, 5.0, 5.0, 5.0, 5.0, 5.0, 5.0, 5.0, 5.0, 5.0, 5.0, 5.0, 5.0, 5.0, 5.0, 5.0, 5.0, 5.0, 5.0, 5.0, 5.0, 5.0, 5.0, 5.0, 5.0, 5.0, 5.0, 5.0, 5.0, 5.0, 5.0, 5.0, 5.0, 5.0, 5.0, 5.0, 5.0, 5.0, 5.0, 5.0, 5.0, 5.0, 5.0, 5.0, 5.0, 5.0, 5.0, 5.0, 5.0, 5.0, 5.0, 5.0, 5.0, 5.0, 5.0, 5.0, 5.0, 5.0]"
1.748904824256897,-0.2238851636648178,1.5715420246124268,-1.278959035873413,0.40404391288757324,0.49205875396728516,0.9675488471984863,0.10943473130464554,0.22775645554065704,10.054588317871094,2.3518075942993164,"[5.0, 5.0, 5.0, 5.0, 5.0, 5.0, 5.0, 5.0, 5.0, 5.0, 5.0, 5.0, 5.0, 5.0, 5.0, 5.0, 5.0, 5.0, 5.0, 5.0, 5.0, 5.0, 5.0, 5.0, 5.0, 5.0, 5.0, 5.0, 5.0, 5.0, 5.0, 5.0, 5.0, 5.0, 5.0, 5.0, 5.0, 5.0, 5.0, 5.0, 5.0, 5.0, 5.0, 5.0, 5.0, 5.0, 5.0, 5.0, 5.0, 5.0, 5.0, 5.0, 5.0, 5.0, 5.0, 5.0, 5.0, 5.0, 5.0, 5.0]"
1.7839924097061157,-0.3284849524497986,1.4902520179748535,-1.5658806562423706,0.5616983771324158,0.30670619010925293,0.9662052392959595,0.09680209308862686,0.23890730738639832,9.988203048706055,2.457415819168091,"[5.0, 5.0, 5.0, 5.0, 5.0, 5.0, 5.0, 5.0, 5.0, 5.0, 5.0, 5.0, 5.0, 5.0, 5.0, 5.0, 5.0, 5.0, 5.0, 5.0, 5.0, 5.0, 5.0, 5.0, 5.0, 5.0, 5.0, 5.0, 5.0, 5.0, 5.0, 5.0, 5.0, 5.0, 5.0, 5.0, 5.0, 5.0, 5.0, 5.0, 5.0, 5.0, 5.0, 5.0, 5.0, 5.0, 5.0, 5.0, 5.0, 5.0, 5.0, 5.0, 5.0, 5.0, 5.0, 5.0, 5.0, 5.0, 5.0, 5.0]"
1.8191815614700317,-0.4253764748573303,1.4395020008087158,-1.7692914009094238,0.6386004090309143,0.09471289813518524,0.9637823700904846,0.08686768263578415,0.25214555859565735,9.914694786071777,2.583418607711792,"[5.0, 5.0, 5.0, 5.0, 5.0, 5.0, 5.0, 5.0, 5.0, 5.0, 5.0, 5.0, 5.0, 5.0, 5.0, 5.0, 5.0, 5.0, 5.0, 5.0, 5.0, 5.0, 5.0, 5.0, 5.0, 5.0, 5.0, 5.0, 5.0, 5.0, 5.0, 5.0, 5.0, 5.0, 5.0, 5.0, 5.0, 5.0, 5.0, 5.0, 5.0, 5.0, 5.0, 5.0, 5.0, 5.0, 5.0, 5.0, 5.0, 5.0, 5.0, 5.0, 5.0, 5.0, 5.0, 5.0, 5.0, 5.0, 5.0, 5.0]"
1.8586328029632568,-0.510189414024353,1.4145715236663818,-1.8783950805664062,0.6076084971427917,-0.14768774807453156,0.9607905745506287,0.08049353212118149,0.26533371210098267,9.838890075683594,2.7076406478881836,"[5.0, 5.0, 5.0, 5.0, 5.0, 5.0, 5.0, 5.0, 5.0, 5.0, 5.0, 5.0, 5.0, 5.0, 5.0, 5.0, 5.0, 5.0, 5.0, 5.0, 5.0, 5.0, 5.0, 5.0, 5.0, 5.0, 5.0, 5.0, 5.0, 5.0, 5.0, 5.0, 5.0, 5.0, 5.0, 5.0, 5.0, 5.0, 5.0, 5.0, 5.0, 5.0, 5.0, 5.0, 5.0, 5.0, 5.0, 5.0, 5.0, 5.0, 5.0, 5.0, 5.0, 5.0, 5.0, 5.0, 5.0, 5.0, 5.0, 5.0]"
1.905833125114441,-0.5797557830810547,1.4049626588821411,-1.9301854372024536,0.4913787841796875,-0.4063389003276825,0.9577576518058777,0.07834230363368988,0.2766993045806885,9.765703201293945,2.8119521141052246,"[5.0, 5.0, 5.0, 5.0, 5.0, 5.0, 5.0, 5.0, 5.0, 5.0, 5.0, 5.0, 5.0, 5.0, 5.0, 5.0, 5.0, 5.0, 5.0, 5.0, 5.0, 5.0, 5.0, 5.0, 5.0, 5.0, 5.0, 5.0, 5.0, 5.0, 5.0, 5.0, 5.0, 5.0, 5.0, 5.0, 5.0, 5.0, 5.0, 5.0, 5.0, 5.0, 5.0, 5.0, 5.0, 5.0, 5.0, 5.0, 5.0, 5.0, 5.0, 5.0, 5.0, 5.0, 5.0, 5.0, 5.0, 5.0, 5.0, 5.0]"
1.962622880935669,-0.6332166194915771,1.3998759984970093,-1.9458125829696655,0.3189231753349304,-0.6325474381446838,0.9551248550415039,0.08026818931102753,0.2851198613643646,9.699013710021973,2.8851382732391357,"[5.0, 5.0, 5.0, 5.0, 5.0, 5.0, 5.0, 5.0, 5.0, 5.0, 5.0, 5.0, 5.0, 5.0, 5.0, 5.0, 5.0, 5.0, 5.0, 5.0, 5.0, 5.0, 5.0, 5.0, 5.0, 5.0, 5.0, 5.0, 5.0, 5.0, 5.0, 5.0, 5.0, 5.0, 5.0, 5.0, 5.0, 5.0, 5.0, 5.0, 5.0, 5.0, 5.0, 5.0, 5.0, 5.0, 5.0, 5.0, 5.0, 5.0, 5.0, 5.0, 5.0, 5.0, 5.0, 5.0, 5.0, 5.0, 5.0, 5.0]"
2.029087543487549,-0.6713061332702637,1.391217827796936,-1.9298847913742065,0.11214718967676163,-0.7892943620681763,0.9532247185707092,0.08540870249271393,0.2899445593357086,9.641351699829102,2.920930862426758,"[5.0, 5.0, 5.0, 5.0, 5.0, 5.0, 5.0, 5.0, 5.0, 5.0, 5.0, 5.0, 5.0, 5.0, 5.0, 5.0, 5.0, 5.0, 5.0, 5.0, 5.0, 5.0, 5.0, 5.0, 5.0, 5.0, 5.0, 5.0, 5.0, 5.0, 5.0, 5.0, 5.0, 5.0, 5.0, 5.0, 5.0, 5.0, 5.0, 5.0, 5.0, 5.0, 5.0, 5.0, 5.0, 5.0, 5.0, 5.0, 5.0, 5.0, 5.0, 5.0, 5.0, 5.0, 5.0, 5.0, 5.0, 5.0, 5.0, 5.0]"
2.1038482189178467,-0.6957245469093323,1.3736340999603271,-1.8814595937728882,-0.1086445152759552,-0.8574702143669128,0.9522836804389954,0.09246982634067535,0.2908695638179779,9.59422492980957,2.9167819023132324,"[5.0, 5.0, 5.0, 5.0, 5.0, 5.0, 5.0, 5.0, 5.0, 5.0, 5.0, 5.0, 5.0, 5.0, 5.0, 5.0, 5.0, 5.0, 5.0, 5.0, 5.0, 5.0, 5.0, 5.0, 5.0, 5.0, 5.0, 5.0, 5.0, 5.0, 5.0, 5.0, 5.0, 5.0, 5.0, 5.0, 5.0, 5.0, 5.0, 5.0, 5.0, 5.0, 5.0, 5.0, 5.0, 5.0, 5.0, 5.0, 5.0, 5.0, 5.0, 5.0, 5.0, 5.0, 5.0, 5.0, 5.0, 5.0, 5.0, 5.0]"
2.1844544410705566,-0.7083805799484253,1.3443126678466797,-1.7832657098770142,-0.3220375180244446,-0.8383979201316833,0.9524070024490356,0.10018955171108246,0.28789380192756653,9.55749225616455,2.8731870651245117,"[5.0, 5.0, 5.0, 5.0, 5.0, 5.0, 5.0, 5.0, 5.0, 5.0, 5.0, 5.0, 5.0, 5.0, 5.0, 5.0, 5.0, 5.0, 5.0, 5.0, 5.0, 5.0, 5.0, 5.0, 5.0, 5.0, 5.0, 5.0, 5.0, 5.0, 5.0, 5.0, 5.0, 5.0, 5.0, 5.0, 5.0, 5.0, 5.0, 5.0, 5.0, 5.0, 5.0, 5.0, 5.0, 5.0, 5.0, 5.0, 5.0, 5.0, 5.0, 5.0, 5.0, 5.0, 5.0, 5.0, 5.0, 5.0, 5.0, 5.0]"
2.2679266929626465,-0.7109729051589966,1.3031858205795288,-1.621312141418457,-0.5108230710029602,-0.747749924659729,0.9535824656486511,0.10758855938911438,0.28125596046447754,9.529974937438965,2.7931129932403564,"[5.0, 5.0, 5.0, 5.0, 5.0, 5.0, 5.0, 5.0, 5.0, 5.0, 5.0, 5.0, 5.0, 5.0, 5.0, 5.0, 5.0, 5.0, 5.0, 5.0, 5.0, 5.0, 5.0, 5.0, 5.0, 5.0, 5.0, 5.0, 5.0, 5.0, 5.0, 5.0, 5.0, 5.0, 5.0, 5.0, 5.0, 5.0, 5.0, 5.0, 5.0, 5.0, 5.0, 5.0, 5.0, 5.0, 5.0, 5.0, 5.0, 5.0, 5.0, 5.0, 5.0, 5.0, 5.0, 5.0, 5.0, 5.0, 5.0, 5.0]"
2.351142644882202,-0.7056155800819397,1.2519721984863281,-1.4233746528625488,-0.6552285552024841,-0.6040976047515869,0.9556701183319092,0.1138688400387764,0.2715297043323517,9.509164810180664,2.682814121246338,"[5.0, 5.0, 5.0, 5.0, 5.0, 5.0, 5.0, 5.0, 5.0, 5.0, 5.0, 5.0, 5.0, 5.0, 5.0, 5.0, 5.0, 5.0, 5.0, 5.0, 5.0, 5.0, 5.0, 5.0, 5.0, 5.0, 5.0, 5.0, 5.0, 5.0, 5.0, 5.0, 5.0, 5.0, 5.0, 5.0, 5.0, 5.0, 5.0, 5.0, 5.0, 5.0, 5.0, 5.0, 5.0, 5.0, 5.0, 5.0, 5.0, 5.0, 5.0, 5.0, 5.0, 5.0, 5.0, 5.0, 5.0, 5.0, 5.0, 5.0]"
2.4311025142669678,-0.6949527263641357,1.1928651332855225,-1.1978574991226196,-0.7370433807373047,-0.42172688245773315,0.9584231972694397,0.11835646629333496,0.2596466541290283,9.491564750671387,2.5519766807556152,"[5.0, 5.0, 5.0, 5.0, 5.0, 5.0, 5.0, 5.0, 5.0, 5.0, 5.0, 5.0, 5.0, 5.0, 5.0, 5.0, 5.0, 5.0, 5.0, 5.0, 5.0, 5.0, 5.0, 5.0, 5.0, 5.0, 5.0, 5.0, 5.0, 5.0, 5.0, 5.0, 5.0, 5.0, 5.0, 5.0, 5.0, 5.0, 5.0, 5.0, 5.0, 5.0, 5.0, 5.0, 5.0, 5.0, 5.0, 5.0, 5.0, 5.0, 5.0, 5.0, 5.0, 5.0, 5.0, 5.0, 5.0, 5.0, 5.0, 5.0]"
2.5052449703216553,-0.681527316570282,1.128260612487793,-0.9172078371047974,-0.7494595646858215,-0.2091233730316162,0.961566150188446,0.12056902796030045,0.24668475985527039,9.473772048950195,2.411562919616699,"[5.0, 5.0, 5.0, 5.0, 5.0, 5.0, 5.0, 5.0, 5.0, 5.0, 5.0, 5.0, 5.0, 5.0, 5.0, 5.0, 5.0, 5.0, 5.0, 5.0, 5.0, 5.0, 5.0, 5.0, 5.0, 5.0, 5.0, 5.0, 5.0, 5.0, 5.0, 5.0, 5.0, 5.0, 5.0, 5.0, 5.0, 5.0, 5.0, 5.0, 5.0, 5.0, 5.0, 5.0, 5.0, 5.0, 5.0, 5.0, 5.0, 5.0, 5.0, 5.0, 5.0, 5.0, 5.0, 5.0, 5.0, 5.0, 5.0, 5.0]"
2.5724170207977295,-0.6671700477600098,1.0604479312896729,-0.5885254144668579,-0.7370413541793823,0.009652003645896912,0.9649668335914612,0.12035112082958221,0.23314040899276733,9.454243659973145,2.266627788543701,"[5.0, 5.0, 5.0, 5.0, 5.0, 5.0, 5.0, 5.0, 5.0, 5.0, 5.0, 5.0, 5.0, 5.0, 5.0, 5.0, 5.0, 5.0, 5.0, 5.0, 5.0, 5.0, 5.0, 5.0, 5.0, 5.0, 5.0, 5.0, 5.0, 5.0, 5.0, 5.0, 5.0, 5.0, 5.0, 5.0, 5.0, 5.0, 5.0, 5.0, 5.0, 5.0, 5.0, 5.0, 5.0, 5.0, 5.0, 5.0, 5.0, 5.0, 5.0, 5.0, 5.0, 5.0, 5.0, 5.0, 5.0, 5.0, 5.0, 5.0]"
2.633101463317871,-0.6530481576919556,0.9898428916931152,-0.2505384087562561,-0.7426883578300476,0.2034558355808258,0.9686228036880493,0.11790604889392853,0.21878720819950104,9.433310508728027,2.1151320934295654,"[5.0, 5.0, 5.0, 5.0, 5.0, 5.0, 5.0, 5.0, 5.0, 5.0, 5.0, 5.0, 5.0, 5.0, 5.0, 5.0, 5.0, 5.0, 5.0, 5.0, 5.0, 5.0, 5.0, 5.0, 5.0, 5.0, 5.0, 5.0, 5.0, 5.0, 5.0, 5.0, 5.0, 5.0, 5.0, 5.0, 5.0, 5.0, 5.0, 5.0, 5.0, 5.0, 5.0, 5.0, 5.0, 5.0, 5.0, 5.0, 5.0, 5.0, 5.0, 5.0, 5.0, 5.0, 5.0, 5.0, 5.0, 5.0, 5.0, 5.0]"
2.688458204269409,-0.6404385566711426,0.9131131172180176,0.015311550348997116,-0.7841299772262573,0.35447683930397034,0.9725440144538879,0.11353211104869843,0.20314645767211914,9.411654472351074,1.9526605606079102,"[5.0, 5.0, 5.0, 5.0, 5.0, 5.0, 5.0, 5.0, 5.0, 5.0, 5.0, 5.0, 5.0, 5.0, 5.0, 5.0, 5.0, 5.0, 5.0, 5.0, 5.0, 5.0, 5.0, 5.0, 5.0, 5.0, 5.0, 5.0, 5.0, 5.0, 5.0, 5.0, 5.0, 5.0, 5.0, 5.0, 5.0, 5.0, 5.0, 5.0, 5.0, 5.0, 5.0, 5.0, 5.0, 5.0, 5.0, 5.0, 5.0, 5.0, 5.0, 5.0, 5.0, 5.0, 5.0, 5.0, 5.0, 5.0, 5.0, 5.0]"
2.7388534545898438,-0.6311824321746826,0.8277520537376404,0.14408564567565918,-0.7961878180503845,0.4638892710208893,0.9765109419822693,0.10740048438310623,0.18679219484329224,9.387645721435547,1.784955382347107,"[5.0, 5.0, 5.0, 5.0, 5.0, 5.0, 5.0, 5.0, 5.0, 5.0, 5.0, 5.0, 5.0, 5.0, 5.0, 5.0, 5.0, 5.0, 5.0, 5.0, 5.0, 5.0, 5.0, 5.0, 5.0, 5.0, 5.0, 5.0, 5.0, 5.0, 5.0, 5.0, 5.0, 5.0, 5.0, 5.0, 5.0, 5.0, 5.0, 5.0, 5.0, 5.0, 5.0, 5.0, 5.0, 5.0, 5.0, 5.0, 5.0, 5.0, 5.0, 5.0, 5.0, 5.0, 5.0, 5.0, 5.0, 5.0, 5.0, 5.0]"
2.783869981765747,-0.6268648505210876,0.7341487407684326,0.14457903802394867,-0.7516806721687317,0.541745662689209,0.9802201986312866,0.09959746152162552,0.1710219830274582,9.359052658081055,1.624537706375122,"[5.0, 5.0, 5.0, 5.0, 5.0, 5.0, 5.0, 5.0, 5.0, 5.0, 5.0, 5.0, 5.0, 5.0, 5.0, 5.0, 5.0, 5.0, 5.0, 5.0, 5.0, 5.0, 5.0, 5.0, 5.0, 5.0, 5.0, 5.0, 5.0, 5.0, 5.0, 5.0, 5.0, 5.0, 5.0, 5.0, 5.0, 5.0, 5.0, 5.0, 5.0, 5.0, 5.0, 5.0, 5.0, 5.0, 5.0, 5.0, 5.0, 5.0, 5.0, 5.0, 5.0, 5.0, 5.0, 5.0, 5.0, 5.0, 5.0, 5.0]"
2.8233156204223633,-0.6277452707290649,0.6359063386917114,0.05196866765618324,-0.6589313745498657,0.5923348665237427,0.9834496378898621,0.09032787382602692,0.15705931186676025,9.32455825805664,1.4829130172729492,"[5.0, 5.0, 5.0, 5.0, 5.0, 5.0, 5.0, 5.0, 5.0, 5.0, 5.0, 5.0, 5.0, 5.0, 5.0, 5.0, 5.0, 5.0, 5.0, 5.0, 5.0, 5.0, 5.0, 5.0, 5.0, 5.0, 5.0, 5.0, 5.0, 5.0, 5.0, 5.0, 5.0, 5.0, 5.0, 5.0, 5.0, 5.0, 5.0, 5.0, 5.0, 5.0, 5.0, 5.0, 5.0, 5.0, 5.0, 5.0, 5.0, 5.0, 5.0, 5.0, 5.0, 5.0, 5.0, 5.0, 5.0, 5.0, 5.0, 5.0]"
2.8576016426086426,-0.632774293422699,0.5391963720321655,-0.10244028270244598,-0.5308441519737244,0.6187698841094971,0.9860802292823792,0.07993458211421967,0.14579422771930695,9.28384017944336,1.3681492805480957,"[5.0, 5.0, 5.0, 5.0, 5.0, 5.0, 5.0, 5.0, 5.0, 5.0, 5.0, 5.0, 5.0, 5.0, 5.0, 5.0, 5.0, 5.0, 5.0, 5.0, 5.0, 5.0, 5.0, 5.0, 5.0, 5.0, 5.0, 5.0, 5.0, 5.0, 5.0, 5.0, 5.0, 5.0, 5.0, 5.0, 5.0, 5.0, 5.0, 5.0, 5.0, 5.0, 5.0, 5.0, 5.0, 5.0, 5.0, 5.0, 5.0, 5.0, 5.0, 5.0, 5.0, 5.0, 5.0, 5.0, 5.0, 5.0, 5.0, 5.0]"
2.8876256942749023,-0.6402462720870972,0.4514099955558777,-0.2844071090221405,-0.3727523684501648,0.6272770166397095,0.9880613088607788,0.0687636137008667,0.13786308467388153,9.237197875976562,1.2857458591461182,"[5.0, 5.0, 5.0, 5.0, 5.0, 5.0, 5.0, 5.0, 5.0, 5.0, 5.0, 5.0, 5.0, 5.0, 5.0, 5.0, 5.0, 5.0, 5.0, 5.0, 5.0, 5.0, 5.0, 5.0, 5.0, 5.0, 5.0, 5.0, 5.0, 5.0, 5.0, 5.0, 5.0, 5.0, 5.0, 5.0, 5.0, 5.0, 5.0, 5.0, 5.0, 5.0, 5.0, 5.0, 5.0, 5.0, 5.0, 5.0, 5.0, 5.0, 5.0, 5.0, 5.0, 5.0, 5.0, 5.0, 5.0, 5.0, 5.0, 5.0]"
2.914566993713379,-0.6482327580451965,0.3804842233657837,-0.4622310400009155,-0.18775922060012817,0.6211772561073303,0.9893669486045837,0.057148527354002,0.1337418258190155,9.184833526611328,1.239532232284546,"[5.0, 5.0, 5.0, 5.0, 5.0, 5.0, 5.0, 5.0, 5.0, 5.0, 5.0, 5.0, 5.0, 5.0, 5.0, 5.0, 5.0, 5.0, 5.0, 5.0, 5.0, 5.0, 5.0, 5.0, 5.0, 5.0, 5.0, 5.0, 5.0, 5.0, 5.0, 5.0, 5.0, 5.0, 5.0, 5.0, 5.0, 5.0, 5.0, 5.0, 5.0, 5.0, 5.0, 5.0, 5.0, 5.0, 5.0, 5.0, 5.0, 5.0, 5.0, 5.0, 5.0, 5.0, 5.0, 5.0, 5.0, 5.0, 5.0, 5.0]"
2.9397170543670654,-0.6548995971679688,0.33438053727149963,-0.6013022661209106,0.013044856488704681,0.6024289727210999,0.989983320236206,0.045425333082675934,0.1336762011051178,9.127049446105957,1.2311186790466309,"[5.0, 5.0, 5.0, 5.0, 5.0, 5.0, 5.0, 5.0, 5.0, 5.0, 5.0, 5.0, 5.0, 5.0, 5.0, 5.0, 5.0, 5.0, 5.0, 5.0, 5.0, 5.0, 5.0, 5.0, 5.0, 5.0, 5.0, 5.0, 5.0, 5.0, 5.0, 5.0, 5.0, 5.0, 5.0, 5.0, 5.0, 5.0, 5.0, 5.0, 5.0, 5.0, 5.0, 5.0, 5.0, 5.0, 5.0, 5.0, 5.0, 5.0, 5.0, 5.0, 5.0, 5.0, 5.0, 5.0, 5.0, 5.0, 5.0, 5.0]"
2.964294672012329,-0.6587536334991455,0.3185667395591736,-0.671044647693634,0.20798760652542114,0.5711660385131836,0.9899176955223083,0.03396373614668846,0.1375112235546112,9.06407642364502,1.258366584777832,"[5.0, 5.0, 5.0, 5.0, 5.0, 5.0, 5.0, 5.0, 5.0, 5.0, 5.0, 5.0, 5.0, 5.0, 5.0, 5.0, 5.0, 5.0, 5.0, 5.0, 5.0, 5.0, 5.0, 5.0, 5.0, 5.0, 5.0, 5.0, 5.0, 5.0, 5.0, 5.0, 5.0, 5.0, 5.0, 5.0, 5.0, 5.0, 5.0, 5.0, 5.0, 5.0, 5.0, 5.0, 5.0, 5.0, 5.0, 5.0, 5.0, 5.0, 5.0, 5.0, 5.0, 5.0, 5.0, 5.0, 5.0, 5.0, 5.0, 5.0]"
2.9893736839294434,-0.6582316756248474,0.3341881334781647,-0.6493757367134094,0.36924731731414795,0.518627405166626,0.989216148853302,0.02330286055803299,0.1445970982313156,8.99630069732666,1.3146553039550781,"[5.0, 5.0, 5.0, 5.0, 5.0, 5.0, 5.0, 5.0, 5.0, 5.0, 5.0, 5.0, 5.0, 5.0, 5.0, 5.0, 5.0, 5.0, 5.0, 5.0, 5.0, 5.0, 5.0, 5.0, 5.0, 5.0, 5.0, 5.0, 5.0, 5.0, 5.0, 5.0, 5.0, 5.0, 5.0, 5.0, 5.0, 5.0, 5.0, 5.0, 5.0, 5.0, 5.0, 5.0, 5.0, 5.0, 5.0, 5.0, 5.0, 5.0, 5.0, 5.0, 5.0, 5.0, 5.0, 5.0, 5.0, 5.0, 5.0, 5.0]"
3.0160136222839355,-0.6508018970489502,0.3772672116756439,-0.5575581789016724,0.4655214846134186,0.4256747364997864,0.9880078434944153,0.014324944466352463,0.15373729169368744,8.924736022949219,1.3885725736618042,"[5.0, 5.0, 5.0, 5.0, 5.0, 5.0, 5.0, 5.0, 5.0, 5.0, 5.0, 5.0, 5.0, 5.0, 5.0, 5.0, 5.0, 5.0, 5.0, 5.0, 5.0, 5.0, 5.0, 5.0, 5.0, 5.0, 5.0, 5.0, 5.0, 5.0, 5.0, 5.0, 5.0, 5.0, 5.0, 5.0, 5.0, 5.0, 5.0, 5.0, 5.0, 5.0, 5.0, 5.0, 5.0, 5.0, 5.0, 5.0, 5.0, 5.0, 5.0, 5.0, 5.0, 5.0, 5.0, 5.0, 5.0, 5.0, 5.0, 5.0]"
3.045421600341797,-0.6329121589660645,0.44042038917541504,-0.4503422677516937,0.4691355526447296,0.27427083253860474,0.9865539073944092,0.008198156952857971,0.16322949528694153,8.851285934448242,1.4644320011138916,"[5.0, 5.0, 5.0, 5.0, 5.0, 5.0, 5.0, 5.0, 5.0, 5.0, 5.0, 5.0, 5.0, 5.0, 5.0, 5.0, 5.0, 5.0, 5.0, 5.0, 5.0, 5.0, 5.0, 5.0, 5.0, 5.0, 5.0, 5.0, 5.0, 5.0, 5.0, 5.0, 5.0, 5.0, 5.0, 5.0, 5.0, 5.0, 5.0, 5.0, 5.0, 5.0, 5.0, 5.0, 5.0, 5.0, 5.0, 5.0, 5.0, 5.0, 5.0, 5.0, 5.0, 5.0, 5.0, 5.0, 5.0, 5.0, 5.0, 5.0]"
3.0788462162017822,-0.6017024517059326,0.5097426772117615,-0.3439876437187195,0.3520515561103821,0.079270139336586,0.985277533531189,0.0059007564559578896,0.17085999250411987,8.779034614562988,1.5223720073699951,"[5.0, 5.0, 5.0, 5.0, 5.0, 5.0, 5.0, 5.0, 5.0, 5.0, 5.0, 5.0, 5.0, 5.0, 5.0, 5.0, 5.0, 5.0, 5.0, 5.0, 5.0, 5.0, 5.0, 5.0, 5.0, 5.0, 5.0, 5.0, 5.0, 5.0, 5.0, 5.0, 5.0, 5.0, 5.0, 5.0, 5.0, 5.0, 5.0, 5.0, 5.0, 5.0, 5.0, 5.0, 5.0, 5.0, 5.0, 5.0, 5.0, 5.0, 5.0, 5.0, 5.0, 5.0, 5.0, 5.0, 5.0, 5.0, 5.0, 5.0]"
3.117094039916992,-0.5569175481796265,0.5690662860870361,-0.19483962655067444,0.1263970583677292,-0.10633090883493423,0.984633207321167,0.007644460536539555,0.17446719110012054,8.711556434631348,1.5435545444488525,"[5.0, 5.0, 5.0, 5.0, 5.0, 5.0, 5.0, 5.0, 5.0, 5.0, 5.0, 5.0, 5.0, 5.0, 5.0, 5.0, 5.0, 5.0, 5.0, 5.0, 5.0, 5.0, 5.0, 5.0, 5.0, 5.0, 5.0, 5.0, 5.0, 5.0, 5.0, 5.0, 5.0, 5.0, 5.0, 5.0, 5.0, 5.0, 5.0, 5.0, 5.0, 5.0, 5.0, 5.0, 5.0, 5.0, 5.0, 5.0, 5.0, 5.0, 5.0, 5.0, 5.0, 5.0, 5.0, 5.0, 5.0, 5.0, 5.0, 5.0]"
3.1599302291870117,-0.5010006427764893,0.6080853343009949,-0.015690959990024567,-0.15267100930213928,-0.23541200160980225,0.9848842024803162,0.012697134166955948,0.17274735867977142,8.651081085205078,1.5172617435455322,"[5.0, 5.0, 5.0, 5.0, 5.0, 5.0, 5.0, 5.0, 5.0, 5.0, 5.0, 5.0, 5.0, 5.0, 5.0, 5.0, 5.0, 5.0, 5.0, 5.0, 5.0, 5.0, 5.0, 5.0, 5.0, 5.0, 5.0, 5.0, 5.0, 5.0, 5.0, 5.0, 5.0, 5.0, 5.0, 5.0, 5.0, 5.0, 5.0, 5.0, 5.0, 5.0, 5.0, 5.0, 5.0, 5.0, 5.0, 5.0, 5.0, 5.0, 5.0, 5.0, 5.0, 5.0, 5.0, 5.0, 5.0, 5.0, 5.0, 5.0]"
3.2058651447296143,-0.4391340911388397,0.6206693649291992,0.15931189060211182,-0.42774805426597595,-0.27634894847869873,0.9860221147537231,0.01948283426463604,0.1654706746339798,8.597586631774902,1.4425344467163086,"[5.0, 5.0, 5.0, 5.0, 5.0, 5.0, 5.0, 5.0, 5.0, 5.0, 5.0, 5.0, 5.0, 5.0, 5.0, 5.0, 5.0, 5.0, 5.0, 5.0, 5.0, 5.0, 5.0, 5.0, 5.0, 5.0, 5.0, 5.0, 5.0, 5.0, 5.0, 5.0, 5.0, 5.0, 5.0, 5.0, 5.0, 5.0, 5.0, 5.0, 5.0, 5.0, 5.0, 5.0, 5.0, 5.0, 5.0, 5.0, 5.0, 5.0, 5.0, 5.0, 5.0, 5.0, 5.0, 5.0, 5.0, 5.0, 5.0, 5.0]"
3.252552032470703,-0.3783791959285736,0.6025960445404053,0.3302791118621826,-0.6601300239562988,-0.2154618203639984,0.9878444075584412,0.025998033583164215,0.15325582027435303,8.548944473266602,1.325838327407837,"[5.0, 5.0, 5.0, 5.0, 5.0, 5.0, 5.0, 5.0, 5.0, 5.0, 5.0, 5.0, 5.0, 5.0, 5.0, 5.0, 5.0, 5.0, 5.0, 5.0, 5.0, 5.0, 5.0, 5.0, 5.0, 5.0, 5.0, 5.0, 5.0, 5.0, 5.0, 5.0, 5.0, 5.0, 5.0, 5.0, 5.0, 5.0, 5.0, 5.0, 5.0, 5.0, 5.0, 5.0, 5.0, 5.0, 5.0, 5.0, 5.0, 5.0, 5.0, 5.0, 5.0, 5.0, 5.0, 5.0, 5.0, 5.0, 5.0, 5.0]"
3.2973897457122803,-0.3265869617462158,0.5483629703521729,0.5640443563461304,-0.8466504812240601,-0.048136450350284576,0.9901189804077148,0.030173402279615402,0.1369444876909256,8.502642631530762,1.1754645109176636,"[5.0, 5.0, 5.0, 5.0, 5.0, 5.0, 5.0, 5.0, 5.0, 5.0, 5.0, 5.0, 5.0, 5.0, 5.0, 5.0, 5.0, 5.0, 5.0, 5.0, 5.0, 5.0, 5.0, 5.0, 5.0, 5.0, 5.0, 5.0, 5.0, 5.0, 5.0, 5.0, 5.0, 5.0, 5.0, 5.0, 5.0, 5.0, 5.0, 5.0, 5.0, 5.0, 5.0, 5.0, 5.0, 5.0, 5.0, 5.0, 5.0, 5.0, 5.0, 5.0, 5.0, 5.0, 5.0, 5.0, 5.0, 5.0, 5.0, 5.0]"
3.3381683826446533,-0.2895458936691284,0.4556022882461548,0.850080668926239,-0.9946712851524353,0.1756620705127716,0.9926218390464783,0.030587518587708473,0.11732923239469528,8.45621109008789,0.9990612268447876,"[5.0, 5.0, 5.0, 5.0, 5.0, 5.0, 5.0, 5.0, 5.0, 5.0, 5.0, 5.0, 5.0, 5.0, 5.0, 5.0, 5.0, 5.0, 5.0, 5.0, 5.0, 5.0, 5.0, 5.0, 5.0, 5.0, 5.0, 5.0, 5.0, 5.0, 5.0, 5.0, 5.0, 5.0, 5.0, 5.0, 5.0, 5.0, 5.0, 5.0, 5.0, 5.0, 5.0, 5.0, 5.0, 5.0, 5.0, 5.0, 5.0, 5.0, 5.0, 5.0, 5.0, 5.0, 5.0, 5.0, 5.0, 5.0, 5.0, 5.0]"
3.3731517791748047,-0.269776850938797,0.3321901261806488,1.0708783864974976,-1.0796425342559814,0.3847616910934448,0.9950528740882874,0.026829097419977188,0.0956549420952797,8.407211303710938,0.8078958988189697,"[5.0, 5.0, 5.0, 5.0, 5.0, 5.0, 5.0, 5.0, 5.0, 5.0, 5.0, 5.0, 5.0, 5.0, 5.0, 5.0, 5.0, 5.0, 5.0, 5.0, 5.0, 5.0, 5.0, 5.0, 5.0, 5.0, 5.0, 5.0, 5.0, 5.0, 5.0, 5.0, 5.0, 5.0, 5.0, 5.0, 5.0, 5.0, 5.0, 5.0, 5.0, 5.0, 5.0, 5.0, 5.0, 5.0, 5.0, 5.0, 5.0, 5.0, 5.0, 5.0, 5.0, 5.0, 5.0, 5.0, 5.0, 5.0, 5.0, 5.0]"
3.40129017829895,-0.26651325821876526,0.19919843971729279,1.1174372434616089,-1.0245918035507202,0.5325912833213806,0.9970278143882751,0.019441161304712296,0.07454756647348404,8.353145599365234,0.624444305896759,"[5.0, 5.0, 5.0, 5.0, 5.0, 5.0, 5.0, 5.0, 5.0, 5.0, 5.0, 5.0, 5.0, 5.0, 5.0, 5.0, 5.0, 5.0, 5.0, 5.0, 5.0, 5.0, 5.0, 5.0, 5.0, 5.0, 5.0, 5.0, 5.0, 5.0, 5.0, 5.0, 5.0, 5.0, 5.0, 5.0, 5.0, 5.0, 5.0, 5.0, 5.0, 5.0, 5.0, 5.0, 5.0, 5.0, 5.0, 5.0, 5.0, 5.0, 5.0, 5.0, 5.0, 5.0, 5.0, 5.0, 5.0, 5.0, 5.0, 5.0]"
3.4227473735809326,-0.2762833535671234,0.07494276762008667,1.0399682521820068,-0.8545958399772644,0.6082969903945923,0.9983513951301575,0.009627013467252254,0.05658406391739845,8.293512344360352,0.47003373503685,"[5.0, 5.0, 5.0, 5.0, 5.0, 5.0, 5.0, 5.0, 5.0, 5.0, 5.0, 5.0, 5.0, 5.0, 5.0, 5.0, 5.0, 5.0, 5.0, 5.0, 5.0, 5.0, 5.0, 5.0, 5.0, 5.0, 5.0, 5.0, 5.0, 5.0, 5.0, 5.0, 5.0, 5.0, 5.0, 5.0, 5.0, 5.0, 5.0, 5.0, 5.0, 5.0, 5.0, 5.0, 5.0, 5.0, 5.0, 5.0, 5.0, 5.0, 5.0, 5.0, 5.0, 5.0, 5.0, 5.0, 5.0, 5.0, 5.0, 5.0]"
3.4390621185302734,-0.2937331795692444,-0.029006078839302063,0.8875747323036194,-0.6249324083328247,0.6150563359260559,0.9990625381469727,-0.0011670577805489302,0.0432695671916008,8.229473114013672,0.3564196228981018,"[5.0, 5.0, 5.0, 5.0, 5.0, 5.0, 5.0, 5.0, 5.0, 5.0, 5.0, 5.0, 5.0, 5.0, 5.0, 5.0, 5.0, 5.0, 5.0, 5.0, 5.0, 5.0, 5.0, 5.0, 5.0, 5.0, 5.0, 5.0, 5.0, 5.0, 5.0, 5.0, 5.0, 5.0, 5.0, 5.0, 5.0, 5.0, 5.0, 5.0, 5.0, 5.0, 5.0, 5.0, 5.0, 5.0, 5.0, 5.0, 5.0, 5.0, 5.0, 5.0, 5.0, 5.0, 5.0, 5.0, 5.0, 5.0, 5.0, 5.0]"
3.4524447917938232,-0.31278449296951294,-0.10585080087184906,0.6596837043762207,-0.37440958619117737,0.5601518154144287,0.9993152022361755,-0.011546751484274864,0.03515111282467842,8.16261100769043,0.28710228204727173,"[5.0, 5.0, 5.0, 5.0, 5.0, 5.0, 5.0, 5.0, 5.0, 5.0, 5.0, 5.0, 5.0, 5.0, 5.0, 5.0, 5.0, 5.0, 5.0, 5.0, 5.0, 5.0, 5.0, 5.0, 5.0, 5.0, 5.0, 5.0, 5.0, 5.0, 5.0, 5.0, 5.0, 5.0, 5.0, 5.0, 5.0, 5.0, 5.0, 5.0, 5.0, 5.0, 5.0, 5.0, 5.0, 5.0, 5.0, 5.0, 5.0, 5.0, 5.0, 5.0, 5.0, 5.0, 5.0, 5.0, 5.0, 5.0, 5.0, 5.0]"
3.4649946689605713,-0.3280787169933319,-0.15299823880195618,0.35478585958480835,-0.13050265610218048,0.46282845735549927,0.9992758631706238,-0.02043232135474682,0.032091785222291946,8.093955993652344,0.25988340377807617,"[5.0, 5.0, 5.0, 5.0, 5.0, 5.0, 5.0, 5.0, 5.0, 5.0, 5.0, 5.0, 5.0, 5.0, 5.0, 5.0, 5.0, 5.0, 5.0, 5.0, 5.0, 5.0, 5.0, 5.0, 5.0, 5.0, 5.0, 5.0, 5.0, 5.0, 5.0, 5.0, 5.0, 5.0, 5.0, 5.0, 5.0, 5.0, 5.0, 5.0, 5.0, 5.0, 5.0, 5.0, 5.0, 5.0, 5.0, 5.0, 5.0, 5.0, 5.0, 5.0, 5.0, 5.0, 5.0, 5.0, 5.0, 5.0, 5.0, 5.0]"
3.4785239696502686,-0.3360811769962311,-0.16753187775611877,-0.020529858767986298,0.12450124323368073,0.35065507888793945,0.9990461468696594,-0.027353165671229362,0.03403506055474281,8.024029731750488,0.27325665950775146,"[5.0, 5.0, 5.0, 5.0, 5.0, 5.0, 5.0, 5.0, 5.0, 5.0, 5.0, 5.0, 5.0, 5.0, 5.0, 5.0, 5.0, 5.0, 5.0, 5.0, 5.0, 5.0, 5.0, 5.0, 5.0, 5.0, 5.0, 5.0, 5.0, 5.0, 5.0, 5.0, 5.0, 5.0, 5.0, 5.0, 5.0, 5.0, 5.0, 5.0, 5.0, 5.0, 5.0, 5.0, 5.0, 5.0, 5.0, 5.0, 5.0, 5.0, 5.0, 5.0, 5.0, 5.0, 5.0, 5.0, 5.0, 5.0, 5.0, 5.0]"
3.4943010807037354,-0.33515018224716187,-0.1452728509902954,-0.4362192153930664,0.40459784865379333,0.24232496321201324,0.9986250996589661,-0.032361388206481934,0.04123551771044731,7.952612400054932,0.3282093107700348,"[5.0, 5.0, 5.0, 5.0, 5.0, 5.0, 5.0, 5.0, 5.0, 5.0, 5.0, 5.0, 5.0, 5.0, 5.0, 5.0, 5.0, 5.0, 5.0, 5.0, 5.0, 5.0, 5.0, 5.0, 5.0, 5.0, 5.0, 5.0, 5.0, 5.0, 5.0, 5.0, 5.0, 5.0, 5.0, 5.0, 5.0, 5.0, 5.0, 5.0, 5.0, 5.0, 5.0, 5.0, 5.0, 5.0, 5.0, 5.0, 5.0, 5.0, 5.0, 5.0, 5.0, 5.0, 5.0, 5.0, 5.0, 5.0, 5.0, 5.0]"
3.5128121376037598,-0.3257349729537964,-0.0825062096118927,-0.8255701065063477,0.7035399675369263,0.15228690207004547,0.9978966116905212,-0.03588777408003807,0.053982432931661606,7.878599166870117,0.425927072763443,"[5.0, 5.0, 5.0, 5.0, 5.0, 5.0, 5.0, 5.0, 5.0, 5.0, 5.0, 5.0, 5.0, 5.0, 5.0, 5.0, 5.0, 5.0, 5.0, 5.0, 5.0, 5.0, 5.0, 5.0, 5.0, 5.0, 5.0, 5.0, 5.0, 5.0, 5.0, 5.0, 5.0, 5.0, 5.0, 5.0, 5.0, 5.0, 5.0, 5.0, 5.0, 5.0, 5.0, 5.0, 5.0, 5.0, 5.0, 5.0, 5.0, 5.0, 5.0, 5.0, 5.0, 5.0, 5.0, 5.0, 5.0, 5.0, 5.0, 5.0]"
3.5332493782043457,-0.310815691947937,0.00877484679222107,-1.0065276622772217,0.8975251913070679,0.09507202357053757,0.9967403411865234,-0.03861832991242409,0.07083137333393097,7.801061630249023,0.5539513230323792,"[5.0, 5.0, 5.0, 5.0, 5.0, 5.0, 5.0, 5.0, 5.0, 5.0, 5.0, 5.0, 5.0, 5.0, 5.0, 5.0, 5.0, 5.0, 5.0, 5.0, 5.0, 5.0, 5.0, 5.0, 5.0, 5.0, 5.0, 5.0, 5.0, 5.0, 5.0, 5.0, 5.0, 5.0, 5.0, 5.0, 5.0, 5.0, 5.0, 5.0, 5.0, 5.0, 5.0, 5.0, 5.0, 5.0, 5.0, 5.0, 5.0, 5.0, 5.0, 5.0, 5.0, 5.0, 5.0, 5.0, 5.0, 5.0, 5.0, 5.0]"
3.554828643798828,-0.29176193475723267,0.10692994296550751,-0.8888891935348511,0.8549202084541321,0.047474704682826996,0.9952988028526306,-0.040682218968868256,0.08789234608411789,7.7208476066589355,0.681239902973175,"[5.0, 5.0, 5.0, 5.0, 5.0, 5.0, 5.0, 5.0, 5.0, 5.0, 5.0, 5.0, 5.0, 5.0, 5.0, 5.0, 5.0, 5.0, 5.0, 5.0, 5.0, 5.0, 5.0, 5.0, 5.0, 5.0, 5.0, 5.0, 5.0, 5.0, 5.0, 5.0, 5.0, 5.0, 5.0, 5.0, 5.0, 5.0, 5.0, 5.0, 5.0, 5.0, 5.0, 5.0, 5.0, 5.0, 5.0, 5.0, 5.0, 5.0, 5.0, 5.0, 5.0, 5.0, 5.0, 5.0, 5.0, 5.0, 5.0, 5.0]"
3.5782668590545654,-0.26642170548439026,0.20815248787403107,-0.5743180513381958,0.7118276953697205,-0.023172855377197266,0.993855357170105,-0.04136243090033531,0.10266631841659546,7.639682292938232,0.7885047197341919,"[5.0, 5.0, 5.0, 5.0, 5.0, 5.0, 5.0, 5.0, 5.0, 5.0, 5.0, 5.0, 5.0, 5.0, 5.0, 5.0, 5.0, 5.0, 5.0, 5.0, 5.0, 5.0, 5.0, 5.0, 5.0, 5.0, 5.0, 5.0, 5.0, 5.0, 5.0, 5.0, 5.0, 5.0, 5.0, 5.0, 5.0, 5.0, 5.0, 5.0, 5.0, 5.0, 5.0, 5.0, 5.0, 5.0, 5.0, 5.0, 5.0, 5.0, 5.0, 5.0, 5.0, 5.0, 5.0, 5.0, 5.0, 5.0, 5.0, 5.0]"
3.604069232940674,-0.23202896118164062,0.2994987368583679,-0.216358482837677,0.47952038049697876,-0.11647671461105347,0.992747962474823,-0.03985818848013878,0.11341368407011032,7.559676170349121,0.862938642501831,"[5.0, 5.0, 5.0, 5.0, 5.0, 5.0, 5.0, 5.0, 5.0, 5.0, 5.0, 5.0, 5.0, 5.0, 5.0, 5.0, 5.0, 5.0, 5.0, 5.0, 5.0, 5.0, 5.0, 5.0, 5.0, 5.0, 5.0, 5.0, 5.0, 5.0, 5.0, 5.0, 5.0, 5.0, 5.0, 5.0, 5.0, 5.0, 5.0, 5.0, 5.0, 5.0, 5.0, 5.0, 5.0, 5.0, 5.0, 5.0, 5.0, 5.0, 5.0, 5.0, 5.0, 5.0, 5.0, 5.0, 5.0, 5.0, 5.0, 5.0]"
3.6326944828033447,-0.18845942616462708,0.3675333261489868,0.09724786132574081,0.1760243922472,-0.20209218561649323,0.992283821105957,-0.03605634346604347,0.11862752586603165,7.4829936027526855,0.894001841545105,"[5.0, 5.0, 5.0, 5.0, 5.0, 5.0, 5.0, 5.0, 5.0, 5.0, 5.0, 5.0, 5.0, 5.0, 5.0, 5.0, 5.0, 5.0, 5.0, 5.0, 5.0, 5.0, 5.0, 5.0, 5.0, 5.0, 5.0, 5.0, 5.0, 5.0, 5.0, 5.0, 5.0, 5.0, 5.0, 5.0, 5.0, 5.0, 5.0, 5.0, 5.0, 5.0, 5.0, 5.0, 5.0, 5.0, 5.0, 5.0, 5.0, 5.0, 5.0, 5.0, 5.0, 5.0, 5.0, 5.0, 5.0, 5.0, 5.0, 5.0]"
3.6640641689300537,-0.13885432481765747,0.40289735794067383,0.34298771619796753,-0.15465058386325836,-0.24804526567459106,0.99260014295578,-0.030664674937725067,0.11749204248189926,7.410853862762451,0.8767892718315125,"[5.0, 5.0, 5.0, 5.0, 5.0, 5.0, 5.0, 5.0, 5.0, 5.0, 5.0, 5.0, 5.0, 5.0, 5.0, 5.0, 5.0, 5.0, 5.0, 5.0, 5.0, 5.0, 5.0, 5.0, 5.0, 5.0, 5.0, 5.0, 5.0, 5.0, 5.0, 5.0, 5.0, 5.0, 5.0, 5.0, 5.0, 5.0, 5.0, 5.0, 5.0, 5.0, 5.0, 5.0, 5.0, 5.0, 5.0, 5.0, 5.0, 5.0, 5.0, 5.0, 5.0, 5.0, 5.0, 5.0, 5.0, 5.0, 5.0, 5.0]"
3.6971917152404785,-0.08855753391981125,0.3983894884586334,0.5486915111541748,-0.485255628824234,-0.23513463139533997,0.9936397671699524,-0.024887332692742348,0.1098196804523468,7.3430495262146,0.8113186955451965,"[5.0, 5.0, 5.0, 5.0, 5.0, 5.0, 5.0, 5.0, 5.0, 5.0, 5.0, 5.0, 5.0, 5.0, 5.0, 5.0, 5.0, 5.0, 5.0, 5.0, 5.0, 5.0, 5.0, 5.0, 5.0, 5.0, 5.0, 5.0, 5.0, 5.0, 5.0, 5.0, 5.0, 5.0, 5.0, 5.0, 5.0, 5.0, 5.0, 5.0, 5.0, 5.0, 5.0, 5.0, 5.0, 5.0, 5.0, 5.0, 5.0, 5.0, 5.0, 5.0, 5.0, 5.0, 5.0, 5.0, 5.0, 5.0, 5.0, 5.0]"
3.7302446365356445,-0.04441099613904953,0.343994677066803,0.7840495109558105,-0.8146746754646301,-0.14943400025367737,0.995212197303772,-0.020203039050102234,0.09562624990940094,7.278356075286865,0.6992062330245972,"[5.0, 5.0, 5.0, 5.0, 5.0, 5.0, 5.0, 5.0, 5.0, 5.0, 5.0, 5.0, 5.0, 5.0, 5.0, 5.0, 5.0, 5.0, 5.0, 5.0, 5.0, 5.0, 5.0, 5.0, 5.0, 5.0, 5.0, 5.0, 5.0, 5.0, 5.0, 5.0, 5.0, 5.0, 5.0, 5.0, 5.0, 5.0, 5.0, 5.0, 5.0, 5.0, 5.0, 5.0, 5.0, 5.0, 5.0, 5.0, 5.0, 5.0, 5.0, 5.0, 5.0, 5.0, 5.0, 5.0, 5.0, 5.0, 5.0, 5.0]"
3.7604727745056152,-0.014763260260224342,0.22995254397392273,1.134613275527954,-1.1367390155792236,0.01755961775779724,0.9970081448554993,-0.018283693119883537,0.0751015841960907,7.21470832824707,0.5433706045150757,"[5.0, 5.0, 5.0, 5.0, 5.0, 5.0, 5.0, 5.0, 5.0, 5.0, 5.0, 5.0, 5.0, 5.0, 5.0, 5.0, 5.0, 5.0, 5.0, 5.0, 5.0, 5.0, 5.0, 5.0, 5.0, 5.0, 5.0, 5.0, 5.0, 5.0, 5.0, 5.0, 5.0, 5.0, 5.0, 5.0, 5.0, 5.0, 5.0, 5.0, 5.0, 5.0, 5.0, 5.0, 5.0, 5.0, 5.0, 5.0, 5.0, 5.0, 5.0, 5.0, 5.0, 5.0, 5.0, 5.0, 5.0, 5.0, 5.0, 5.0]"
3.784217119216919,-0.006006214767694473,0.060747772455215454,1.508376121520996,-1.4008113145828247,0.21041226387023926,0.9985792636871338,-0.020237676799297333,0.0492914617061615,7.148918151855469,0.35280951857566833,"[5.0, 5.0, 5.0, 5.0, 5.0, 5.0, 5.0, 5.0, 5.0, 5.0, 5.0, 5.0, 5.0, 5.0, 5.0, 5.0, 5.0, 5.0, 5.0, 5.0, 5.0, 5.0, 5.0, 5.0, 5.0, 5.0, 5.0, 5.0, 5.0, 5.0, 5.0, 5.0, 5.0, 5.0, 5.0, 5.0, 5.0, 5.0, 5.0, 5.0, 5.0, 5.0, 5.0, 5.0, 5.0, 5.0, 5.0, 5.0, 5.0, 5.0, 5.0, 5.0, 5.0, 5.0, 5.0, 5.0, 5.0, 5.0, 5.0, 5.0]"
3.797978639602661,-0.020080676302313805,-0.13690969347953796,1.7569398880004883,-1.547170639038086,0.3604673743247986,0.9994509816169739,-0.02609596960246563,0.020406054332852364,7.078219890594482,0.14446865022182465,"[5.0, 5.0, 5.0, 5.0, 5.0, 5.0, 5.0, 5.0, 5.0, 5.0, 5.0, 5.0, 5.0, 5.0, 5.0, 5.0, 5.0, 5.0, 5.0, 5.0, 5.0, 5.0, 5.0, 5.0, 5.0, 5.0, 5.0, 5.0, 5.0, 5.0, 5.0, 5.0, 5.0, 5.0, 5.0, 5.0, 5.0, 5.0, 5.0, 5.0, 5.0, 5.0, 5.0, 5.0, 5.0, 5.0, 5.0, 5.0, 5.0, 5.0, 5.0, 5.0, 5.0, 5.0, 5.0, 5.0, 5.0, 5.0, 5.0, 5.0]"
3.80039644241333,-0.05202371999621391,-0.32939496636390686,1.8150264024734497,-1.5273687839508057,0.4066851735115051,0.9993728995323181,-0.0343986339867115,-0.008378613740205765,7.001251220703125,-0.05866284668445587,"[5.0, 5.0, 5.0, 5.0, 5.0, 5.0, 5.0, 5.0, 5.0, 5.0, 5.0, 5.0, 5.0, 5.0, 5.0, 5.0, 5.0, 5.0, 5.0, 5.0, 5.0, 5.0, 5.0, 5.0, 5.0, 5.0, 5.0, 5.0, 5.0, 5.0, 5.0, 5.0, 5.0, 5.0, 5.0, 5.0, 5.0, 5.0, 5.0, 5.0, 5.0, 5.0, 5.0, 5.0, 5.0, 5.0, 5.0, 5.0, 5.0, 5.0, 5.0, 5.0, 5.0, 5.0, 5.0, 5.0, 5.0, 5.0, 5.0, 5.0]"
3.7945544719696045,-0.09190019965171814,-0.4722403287887573,1.7499244213104248,-1.2504119873046875,0.33374834060668945,0.9985578656196594,-0.04277055338025093,-0.03244242072105408,6.91986083984375,-0.22461530566215515,"[5.0, 5.0, 5.0, 5.0, 5.0, 5.0, 5.0, 5.0, 5.0, 5.0, 5.0, 5.0, 5.0, 5.0, 5.0, 5.0, 5.0, 5.0, 5.0, 5.0, 5.0, 5.0, 5.0, 5.0, 5.0, 5.0, 5.0, 5.0, 5.0, 5.0, 5.0, 5.0, 5.0, 5.0, 5.0, 5.0, 5.0, 5.0, 5.0, 5.0, 5.0, 5.0, 5.0, 5.0, 5.0, 5.0, 5.0, 5.0, 5.0, 5.0, 5.0, 5.0, 5.0, 5.0, 5.0, 5.0, 5.0, 5.0, 5.0, 5.0]"
3.7864015102386475,-0.12725771963596344,-0.5408439636230469,1.522364854812622,-0.769957959651947,0.1574273705482483,0.9976761341094971,-0.04861227795481682,-0.047738686203956604,6.838316440582275,-0.3268249034881592,"[5.0, 5.0, 5.0, 5.0, 5.0, 5.0, 5.0, 5.0, 5.0, 5.0, 5.0, 5.0, 5.0, 5.0, 5.0, 5.0, 5.0, 5.0, 5.0, 5.0, 5.0, 5.0, 5.0, 5.0, 5.0, 5.0, 5.0, 5.0, 5.0, 5.0, 5.0, 5.0, 5.0, 5.0, 5.0, 5.0, 5.0, 5.0, 5.0, 5.0, 5.0, 5.0, 5.0, 5.0, 5.0, 5.0, 5.0, 5.0, 5.0, 5.0, 5.0, 5.0, 5.0, 5.0, 5.0, 5.0, 5.0, 5.0, 5.0, 5.0]"
3.7791481018066406,-0.15075694024562836,-0.5605170726776123,1.153894305229187,-0.3599298894405365,-0.042299799621105194,0.9972274899482727,-0.05046480521559715,-0.054683867841959,6.759252548217773,-0.3701760172843933,"[5.0, 5.0, 5.0, 5.0, 5.0, 5.0, 5.0, 5.0, 5.0, 5.0, 5.0, 5.0, 5.0, 5.0, 5.0, 5.0, 5.0, 5.0, 5.0, 5.0, 5.0, 5.0, 5.0, 5.0, 5.0, 5.0, 5.0, 5.0, 5.0, 5.0, 5.0, 5.0, 5.0, 5.0, 5.0, 5.0, 5.0, 5.0, 5.0, 5.0, 5.0, 5.0, 5.0, 5.0, 5.0, 5.0, 5.0, 5.0, 5.0, 5.0, 5.0, 5.0, 5.0, 5.0, 5.0, 5.0, 5.0, 5.0, 5.0, 5.0]"
3.774012565612793,-0.15984854102134705,-0.555190920829773,0.6968925595283508,-0.06854387372732162,-0.22395089268684387,0.9972912073135376,-0.048072412610054016,-0.05566776543855667,6.682797908782959,-0.3725942373275757,"[5.0, 5.0, 5.0, 5.0, 5.0, 5.0, 5.0, 5.0, 5.0, 5.0, 5.0, 5.0, 5.0, 5.0, 5.0, 5.0, 5.0, 5.0, 5.0, 5.0, 5.0, 5.0, 5.0, 5.0, 5.0, 5.0, 5.0, 5.0, 5.0, 5.0, 5.0, 5.0, 5.0, 5.0, 5.0, 5.0, 5.0, 5.0, 5.0, 5.0, 5.0, 5.0, 5.0, 5.0, 5.0, 5.0, 5.0, 5.0, 5.0, 5.0, 5.0, 5.0, 5.0, 5.0, 5.0, 5.0, 5.0, 5.0, 5.0, 5.0]"
3.771357536315918,-0.15534237027168274,-0.5375803709030151,0.17521542310714722,0.1427171677350998,-0.3542807400226593,0.9977299571037292,-0.04208466410636902,-0.05257025361061096,6.608231067657471,-0.3478774428367615,"[5.0, 5.0, 5.0, 5.0, 5.0, 5.0, 5.0, 5.0, 5.0, 5.0, 5.0, 5.0, 5.0, 5.0, 5.0, 5.0, 5.0, 5.0, 5.0, 5.0, 5.0, 5.0, 5.0, 5.0, 5.0, 5.0, 5.0, 5.0, 5.0, 5.0, 5.0, 5.0, 5.0, 5.0, 5.0, 5.0, 5.0, 5.0, 5.0, 5.0, 5.0, 5.0, 5.0, 5.0, 5.0, 5.0, 5.0, 5.0, 5.0, 5.0, 5.0, 5.0, 5.0, 5.0, 5.0, 5.0, 5.0, 5.0, 5.0, 5.0]"
3.7713987827301025,-0.14268626272678375,-0.5093592405319214,-0.3160063624382019,0.3279194235801697,-0.38874778151512146,0.9983513951301575,-0.034229546785354614,-0.04607034847140312,6.534946918487549,-0.30138733983039856,"[5.0, 5.0, 5.0, 5.0, 5.0, 5.0, 5.0, 5.0, 5.0, 5.0, 5.0, 5.0, 5.0, 5.0, 5.0, 5.0, 5.0, 5.0, 5.0, 5.0, 5.0, 5.0, 5.0, 5.0, 5.0, 5.0, 5.0, 5.0, 5.0, 5.0, 5.0, 5.0, 5.0, 5.0, 5.0, 5.0, 5.0, 5.0, 5.0, 5.0, 5.0, 5.0, 5.0, 5.0, 5.0, 5.0, 5.0, 5.0, 5.0, 5.0, 5.0, 5.0, 5.0, 5.0, 5.0, 5.0, 5.0, 5.0, 5.0, 5.0]"
3.7742996215820312,-0.13010287284851074,-0.4669092297554016,-0.7145468592643738,0.515979528427124,-0.30758464336395264,0.9989859461784363,-0.02695452980697155,-0.036057937890291214,6.462507724761963,-0.2331763654947281,"[5.0, 5.0, 5.0, 5.0, 5.0, 5.0, 5.0, 5.0, 5.0, 5.0, 5.0, 5.0, 5.0, 5.0, 5.0, 5.0, 5.0, 5.0, 5.0, 5.0, 5.0, 5.0, 5.0, 5.0, 5.0, 5.0, 5.0, 5.0, 5.0, 5.0, 5.0, 5.0, 5.0, 5.0, 5.0, 5.0, 5.0, 5.0, 5.0, 5.0, 5.0, 5.0, 5.0, 5.0, 5.0, 5.0, 5.0, 5.0, 5.0, 5.0, 5.0, 5.0, 5.0, 5.0, 5.0, 5.0, 5.0, 5.0, 5.0, 5.0]"
3.7798235416412354,-0.12507371604442596,-0.40996116399765015,-0.9953956604003906,0.6821886897087097,-0.1358618289232254,0.9994890093803406,-0.022508244961500168,-0.022690914571285248,6.390201568603516,-0.14503687620162964,"[5.0, 5.0, 5.0, 5.0, 5.0, 5.0, 5.0, 5.0, 5.0, 5.0, 5.0, 5.0, 5.0, 5.0, 5.0, 5.0, 5.0, 5.0, 5.0, 5.0, 5.0, 5.0, 5.0, 5.0, 5.0, 5.0, 5.0, 5.0, 5.0, 5.0, 5.0, 5.0, 5.0, 5.0, 5.0, 5.0, 5.0, 5.0, 5.0, 5.0, 5.0, 5.0, 5.0, 5.0, 5.0, 5.0, 5.0, 5.0, 5.0, 5.0, 5.0, 5.0, 5.0, 5.0, 5.0, 5.0, 5.0, 5.0, 5.0, 5.0]"
3.787194013595581,-0.13144180178642273,-0.3456982374191284,-1.106742262840271,0.7662866115570068,0.06107793003320694,0.999731183052063,-0.022014396265149117,-0.007248000241816044,6.316891193389893,-0.04578603804111481,"[5.0, 5.0, 5.0, 5.0, 5.0, 5.0, 5.0, 5.0, 5.0, 5.0, 5.0, 5.0, 5.0, 5.0, 5.0, 5.0, 5.0, 5.0, 5.0, 5.0, 5.0, 5.0, 5.0, 5.0, 5.0, 5.0, 5.0, 5.0, 5.0, 5.0, 5.0, 5.0, 5.0, 5.0, 5.0, 5.0, 5.0, 5.0, 5.0, 5.0, 5.0, 5.0, 5.0, 5.0, 5.0, 5.0, 5.0, 5.0, 5.0, 5.0, 5.0, 5.0, 5.0, 5.0, 5.0, 5.0, 5.0, 5.0, 5.0, 5.0]"
3.795565128326416,-0.14810824394226074,-0.28463563323020935,-1.0392338037490845,0.7309016585350037,0.21762579679489136,0.9996501207351685,-0.025181207805871964,0.008072429336607456,6.242033958435059,0.05039002746343613,"[5.0, 5.0, 5.0, 5.0, 5.0, 5.0, 5.0, 5.0, 5.0, 5.0, 5.0, 5.0, 5.0, 5.0, 5.0, 5.0, 5.0, 5.0, 5.0, 5.0, 5.0, 5.0, 5.0, 5.0, 5.0, 5.0, 5.0, 5.0, 5.0, 5.0, 5.0, 5.0, 5.0, 5.0, 5.0, 5.0, 5.0, 5.0, 5.0, 5.0, 5.0, 5.0, 5.0, 5.0, 5.0, 5.0, 5.0, 5.0, 5.0, 5.0, 5.0, 5.0, 5.0, 5.0, 5.0, 5.0, 5.0, 5.0, 5.0, 5.0]"
3.804875135421753,-0.17003333568572998,-0.22781050205230713,-0.8810527920722961,0.6426826119422913,0.2968600392341614,0.9992920756340027,-0.030604958534240723,0.02187049388885498,6.1656622886657715,0.13487836718559265,"[5.0, 5.0, 5.0, 5.0, 5.0, 5.0, 5.0, 5.0, 5.0, 5.0, 5.0, 5.0, 5.0, 5.0, 5.0, 5.0, 5.0, 5.0, 5.0, 5.0, 5.0, 5.0, 5.0, 5.0, 5.0, 5.0, 5.0, 5.0, 5.0, 5.0, 5.0, 5.0, 5.0, 5.0, 5.0, 5.0, 5.0, 5.0, 5.0, 5.0, 5.0, 5.0, 5.0, 5.0, 5.0, 5.0, 5.0, 5.0, 5.0, 5.0, 5.0, 5.0, 5.0, 5.0, 5.0, 5.0, 5.0, 5.0, 5.0, 5.0]"
3.815342426300049,-0.1909530758857727,-0.17376989126205444,-0.7322274446487427,0.5480324029922485,0.29427510499954224,0.9987596273422241,-0.03657597303390503,0.03377985954284668,6.088275909423828,0.205778568983078,"[5.0, 5.0, 5.0, 5.0, 5.0, 5.0, 5.0, 5.0, 5.0, 5.0, 5.0, 5.0, 5.0, 5.0, 5.0, 5.0, 5.0, 5.0, 5.0, 5.0, 5.0, 5.0, 5.0, 5.0, 5.0, 5.0, 5.0, 5.0, 5.0, 5.0, 5.0, 5.0, 5.0, 5.0, 5.0, 5.0, 5.0, 5.0, 5.0, 5.0, 5.0, 5.0, 5.0, 5.0, 5.0, 5.0, 5.0, 5.0, 5.0, 5.0, 5.0, 5.0, 5.0, 5.0, 5.0, 5.0, 5.0, 5.0, 5.0, 5.0]"
3.8271312713623047,-0.2057618498802185,-0.12236341089010239,-0.6450461745262146,0.45203062891960144,0.22993803024291992,0.9981731176376343,-0.04168590158224106,0.04373132064938545,6.010246276855469,0.26308774948120117,"[5.0, 5.0, 5.0, 5.0, 5.0, 5.0, 5.0, 5.0, 5.0, 5.0, 5.0, 5.0, 5.0, 5.0, 5.0, 5.0, 5.0, 5.0, 5.0, 5.0, 5.0, 5.0, 5.0, 5.0, 5.0, 5.0, 5.0, 5.0, 5.0, 5.0, 5.0, 5.0, 5.0, 5.0, 5.0, 5.0, 5.0, 5.0, 5.0, 5.0, 5.0, 5.0, 5.0, 5.0, 5.0, 5.0, 5.0, 5.0, 5.0, 5.0, 5.0, 5.0, 5.0, 5.0, 5.0, 5.0, 5.0, 5.0, 5.0, 5.0]"
3.840273380279541,-0.21148177981376648,-0.07675518840551376,-0.6024948954582214,0.3395189642906189,0.13027170300483704,0.9976568222045898,-0.04508090764284134,0.05146099999547005,5.931963920593262,0.3056698441505432,"[5.0, 5.0, 5.0, 5.0, 5.0, 5.0, 5.0, 5.0, 5.0, 5.0, 5.0, 5.0, 5.0, 5.0, 5.0, 5.0, 5.0, 5.0, 5.0, 5.0, 5.0, 5.0, 5.0, 5.0, 5.0, 5.0, 5.0, 5.0, 5.0, 5.0, 5.0, 5.0, 5.0, 5.0, 5.0, 5.0, 5.0, 5.0, 5.0, 5.0, 5.0, 5.0, 5.0, 5.0, 5.0, 5.0, 5.0, 5.0, 5.0, 5.0, 5.0, 5.0, 5.0, 5.0, 5.0, 5.0, 5.0, 5.0, 5.0, 5.0]"
3.8546619415283203,-0.20668743550777435,-0.0405736081302166,-0.5725435614585876,0.20430423319339752,0.014445878565311432,0.9973234534263611,-0.046326588839292526,0.05656283348798752,5.853809356689453,0.33163905143737793,"[5.0, 5.0, 5.0, 5.0, 5.0, 5.0, 5.0, 5.0, 5.0, 5.0, 5.0, 5.0, 5.0, 5.0, 5.0, 5.0, 5.0, 5.0, 5.0, 5.0, 5.0, 5.0, 5.0, 5.0, 5.0, 5.0, 5.0, 5.0, 5.0, 5.0, 5.0, 5.0, 5.0, 5.0, 5.0, 5.0, 5.0, 5.0, 5.0, 5.0, 5.0, 5.0, 5.0, 5.0, 5.0, 5.0, 5.0, 5.0, 5.0, 5.0, 5.0, 5.0, 5.0, 5.0, 5.0, 5.0, 5.0, 5.0, 5.0, 5.0]"
3.869962692260742,-0.1913120597600937,-0.018442129716277122,-0.532996654510498,0.04118601977825165,-0.0986170768737793,0.9972541332244873,-0.04534434154629707,0.05854644253849983,5.776087284088135,0.3387504816055298,"[5.0, 5.0, 5.0, 5.0, 5.0, 5.0, 5.0, 5.0, 5.0, 5.0, 5.0, 5.0, 5.0, 5.0, 5.0, 5.0, 5.0, 5.0, 5.0, 5.0, 5.0, 5.0, 5.0, 5.0, 5.0, 5.0, 5.0, 5.0, 5.0, 5.0, 5.0, 5.0, 5.0, 5.0, 5.0, 5.0, 5.0, 5.0, 5.0, 5.0, 5.0, 5.0, 5.0, 5.0, 5.0, 5.0, 5.0, 5.0, 5.0, 5.0, 5.0, 5.0, 5.0, 5.0, 5.0, 5.0, 5.0, 5.0, 5.0, 5.0]"
3.8855574131011963,-0.16660554707050323,-0.015123818069696426,-0.4761595129966736,-0.14442886412143707,-0.19128410518169403,0.9974736571311951,-0.04240836948156357,0.05698730796575546,5.69895601272583,0.3252968490123749,"[5.0, 5.0, 5.0, 5.0, 5.0, 5.0, 5.0, 5.0, 5.0, 5.0, 5.0, 5.0, 5.0, 5.0, 5.0, 5.0, 5.0, 5.0, 5.0, 5.0, 5.0, 5.0, 5.0, 5.0, 5.0, 5.0, 5.0, 5.0, 5.0, 5.0, 5.0, 5.0, 5.0, 5.0, 5.0, 5.0, 5.0, 5.0, 5.0, 5.0, 5.0, 5.0, 5.0, 5.0, 5.0, 5.0, 5.0, 5.0, 5.0, 5.0, 5.0, 5.0, 5.0, 5.0, 5.0, 5.0, 5.0, 5.0, 5.0, 5.0]"
3.9005186557769775,-0.13478176295757294,-0.03487114608287811,-0.40355125069618225,-0.33980414271354675,-0.2529471516609192,0.9979384541511536,-0.03805601969361305,0.05167407542467117,5.622413158416748,0.29092171788215637,"[5.0, 5.0, 5.0, 5.0, 5.0, 5.0, 5.0, 5.0, 5.0, 5.0, 5.0, 5.0, 5.0, 5.0, 5.0, 5.0, 5.0, 5.0, 5.0, 5.0, 5.0, 5.0, 5.0, 5.0, 5.0, 5.0, 5.0, 5.0, 5.0, 5.0, 5.0, 5.0, 5.0, 5.0, 5.0, 5.0, 5.0, 5.0, 5.0, 5.0, 5.0, 5.0, 5.0, 5.0, 5.0, 5.0, 5.0, 5.0, 5.0, 5.0, 5.0, 5.0, 5.0, 5.0, 5.0, 5.0, 5.0, 5.0, 5.0, 5.0]"
3.913649559020996,-0.0986403152346611,-0.07963364571332932,-0.325571209192276,-0.524494469165802,-0.27845877408981323,0.998542308807373,-0.032947391271591187,0.042748790234327316,5.5460052490234375,0.23730197548866272,"[5.0, 5.0, 5.0, 5.0, 5.0, 5.0, 5.0, 5.0, 5.0, 5.0, 5.0, 5.0, 5.0, 5.0, 5.0, 5.0, 5.0, 5.0, 5.0, 5.0, 5.0, 5.0, 5.0, 5.0, 5.0, 5.0, 5.0, 5.0, 5.0, 5.0, 5.0, 5.0, 5.0, 5.0, 5.0, 5.0, 5.0, 5.0, 5.0, 5.0, 5.0, 5.0, 5.0, 5.0, 5.0, 5.0, 5.0, 5.0, 5.0, 5.0, 5.0, 5.0, 5.0, 5.0, 5.0, 5.0, 5.0, 5.0, 5.0, 5.0]"
3.923663377761841,-0.06149926036596298,-0.14798782765865326,-0.23834365606307983,-0.6781325340270996,-0.2653816342353821,0.9991380572319031,-0.027866529300808907,0.03075997903943062,5.469275951385498,0.16831448674201965,"[5.0, 5.0, 5.0, 5.0, 5.0, 5.0, 5.0, 5.0, 5.0, 5.0, 5.0, 5.0, 5.0, 5.0, 5.0, 5.0, 5.0, 5.0, 5.0, 5.0, 5.0, 5.0, 5.0, 5.0, 5.0, 5.0, 5.0, 5.0, 5.0, 5.0, 5.0, 5.0, 5.0, 5.0, 5.0, 5.0, 5.0, 5.0, 5.0, 5.0, 5.0, 5.0, 5.0, 5.0, 5.0, 5.0, 5.0, 5.0, 5.0, 5.0, 5.0, 5.0, 5.0, 5.0, 5.0, 5.0, 5.0, 5.0, 5.0, 5.0]"
3.929537534713745,-0.026501135900616646,-0.23343679308891296,-0.11549137532711029,-0.7775730490684509,-0.22321400046348572,0.9995852708816528,-0.023448120802640915,0.016706101596355438,5.391522407531738,0.09008390456438065,"[5.0, 5.0, 5.0, 5.0, 5.0, 5.0, 5.0, 5.0, 5.0, 5.0, 5.0, 5.0, 5.0, 5.0, 5.0, 5.0, 5.0, 5.0, 5.0, 5.0, 5.0, 5.0, 5.0, 5.0, 5.0, 5.0, 5.0, 5.0, 5.0, 5.0, 5.0, 5.0, 5.0, 5.0, 5.0, 5.0, 5.0, 5.0, 5.0, 5.0, 5.0, 5.0, 5.0, 5.0, 5.0, 5.0, 5.0, 5.0, 5.0, 5.0, 5.0, 5.0, 5.0, 5.0, 5.0, 5.0, 5.0, 5.0, 5.0, 5.0]"
3.930960178375244,0.004540859721601009,-0.3230612576007843,0.046815454959869385,-0.7976140975952148,-0.17570069432258606,0.9997975826263428,-0.020004210993647575,0.0020568170584738255,5.312575340270996,0.010927021503448486,"[5.0, 5.0, 5.0, 5.0, 5.0, 5.0, 5.0, 5.0, 5.0, 5.0, 5.0, 5.0, 5.0, 5.0, 5.0, 5.0, 5.0, 5.0, 5.0, 5.0, 5.0, 5.0, 5.0, 5.0, 5.0, 5.0, 5.0, 5.0, 5.0, 5.0, 5.0, 5.0, 5.0, 5.0, 5.0, 5.0, 5.0, 5.0, 5.0, 5.0, 5.0, 5.0, 5.0, 5.0, 5.0, 5.0, 5.0, 5.0, 5.0, 5.0, 5.0, 5.0, 5.0, 5.0, 5.0, 5.0, 5.0, 5.0, 5.0, 5.0]"
3.9285788536071777,0.0318894237279892,-0.4013015031814575,0.1803513765335083,-0.7249580025672913,-0.14475800096988678,0.9997835159301758,-0.01737523078918457,-0.011434475891292095,5.232529163360596,-0.059835150837898254,"[5.0, 5.0, 5.0, 5.0, 5.0, 5.0, 5.0, 5.0, 5.0, 5.0, 5.0, 5.0, 5.0, 5.0, 5.0, 5.0, 5.0, 5.0, 5.0, 5.0, 5.0, 5.0, 5.0, 5.0, 5.0, 5.0, 5.0, 5.0, 5.0, 5.0, 5.0, 5.0, 5.0, 5.0, 5.0, 5.0, 5.0, 5.0, 5.0, 5.0, 5.0, 5.0, 5.0, 5.0, 5.0, 5.0, 5.0, 5.0, 5.0, 5.0, 5.0, 5.0, 5.0, 5.0, 5.0, 5.0, 5.0, 5.0, 5.0, 5.0]"
3.9239377975463867,0.05716709420084953,-0.45504286885261536,0.2464618682861328,-0.5588154196739197,-0.13861295580863953,0.9996436834335327,-0.015149302780628204,-0.021969670429825783,5.152107238769531,-0.11321744322776794,"[5.0, 5.0, 5.0, 5.0, 5.0, 5.0, 5.0, 5.0, 5.0, 5.0, 5.0, 5.0, 5.0, 5.0, 5.0, 5.0, 5.0, 5.0, 5.0, 5.0, 5.0, 5.0, 5.0, 5.0, 5.0, 5.0, 5.0, 5.0, 5.0, 5.0, 5.0, 5.0, 5.0, 5.0, 5.0, 5.0, 5.0, 5.0, 5.0, 5.0, 5.0, 5.0, 5.0, 5.0, 5.0, 5.0, 5.0, 5.0, 5.0, 5.0, 5.0, 4.960318088531494, 4.995588302612305, 5.0, 5.0, 5.0, 5.0, 5.0, 5.0, 5.0]"
3.918699026107788,0.08211977779865265,-0.4799130856990814,0.2313990443944931,-0.33838704228401184,-0.14742499589920044,0.9995143413543701,-0.012943999841809273,-0.028338558971881866,5.072165489196777,-0.14379563927650452,"[5.0, 5.0, 5.0, 5.0, 5.0, 5.0, 5.0, 5.0, 5.0, 5.0, 5.0, 5.0, 5.0, 5.0, 5.0, 5.0, 5.0, 5.0, 5.0, 5.0, 5.0, 5.0, 5.0, 5.0, 5.0, 5.0, 5.0, 5.0, 5.0, 5.0, 5.0, 5.0, 5.0, 5.0, 5.0, 5.0, 5.0, 5.0, 5.0, 5.0, 5.0, 5.0, 5.0, 5.0, 5.0, 5.0, 5.0, 5.0, 5.0, 5.0, 5.0, 5.0, 4.924557209014893, 4.963760852813721, 5.0, 5.0, 5.0, 5.0, 5.0, 5.0]"
3.913881778717041,0.10727311670780182,-0.48208820819854736,0.14811553061008453,-0.1281575858592987,-0.1496456414461136,0.9994783997535706,-0.010674062184989452,-0.030471310019493103,4.993015289306641,-0.1522144377231598,"[5.0, 5.0, 5.0, 5.0, 5.0, 5.0, 5.0, 5.0, 5.0, 5.0, 5.0, 5.0, 5.0, 5.0, 5.0, 5.0, 5.0, 5.0, 5.0, 5.0, 5.0, 5.0, 5.0, 5.0, 5.0, 5.0, 5.0, 5.0, 5.0, 5.0, 5.0, 5.0, 5.0, 5.0, 5.0, 5.0, 5.0, 5.0, 5.0, 5.0, 5.0, 5.0, 5.0, 5.0, 5.0, 5.0, 5.0, 5.0, 5.0, 5.0, 5.0, 5.0, 4.849575042724609, 4.887749195098877, 4.930846214294434, 5.0, 5.0, 5.0, 5.0, 5.0]"
3.9101734161376953,0.1316041350364685,-0.46655991673469543,0.009813847951591015,0.05436607450246811,-0.12425178289413452,0.9995449781417847,-0.008755089715123177,-0.028858620673418045,4.914878845214844,-0.14189575612545013,"[5.0, 5.0, 5.0, 5.0, 5.0, 5.0, 5.0, 5.0, 5.0, 5.0, 5.0, 5.0, 5.0, 5.0, 5.0, 5.0, 5.0, 5.0, 5.0, 5.0, 5.0, 5.0, 5.0, 5.0, 5.0, 5.0, 5.0, 5.0, 5.0, 5.0, 5.0, 5.0, 5.0, 5.0, 5.0, 5.0, 5.0, 5.0, 5.0, 5.0, 5.0, 5.0, 5.0, 5.0, 5.0, 5.0, 5.0, 5.0, 5.0, 5.0, 5.0, 5.0, 4.796289443969727, 4.808286666870117, 4.850274562835693, 5.0, 5.0, 5.0, 5.0, 5.0]"
3.9080612659454346,0.1532248556613922,-0.4360421597957611,-0.14921227097511292,0.20978261530399323,-0.06631794571876526,0.9996803402900696,-0.0077804625034332275,-0.02404947765171528,4.837427616119385,-0.116371288895607,"[5.0, 5.0, 5.0, 5.0, 5.0, 5.0, 5.0, 5.0, 5.0, 5.0, 5.0, 5.0, 5.0, 5.0, 5.0, 5.0, 5.0, 5.0, 5.0, 5.0, 5.0, 5.0, 5.0, 5.0, 5.0, 5.0, 5.0, 5.0, 5.0, 5.0, 5.0, 5.0, 5.0, 5.0, 5.0, 5.0, 5.0, 5.0, 5.0, 5.0, 5.0, 5.0, 5.0, 5.0, 5.0, 5.0, 5.0, 5.0, 5.0, 5.0, 5.0, 5.0, 4.950909614562988, 4.726495265960693, 4.767488956451416, 4.81341552734375, 5.0, 5.0, 5.0, 5.0]"
3.9078660011291504,0.17041635513305664,-0.387967973947525,-0.3112435042858124,0.3419690430164337,0.017624273896217346,0.999828040599823,-0.008339940570294857,-0.01654866896569729,4.760348320007324,-0.07878823578357697,"[5.0, 5.0, 5.0, 5.0, 5.0, 5.0, 5.0, 5.0, 5.0, 5.0, 5.0, 5.0, 5.0, 5.0, 5.0, 5.0, 5.0, 5.0, 5.0, 5.0, 5.0, 5.0, 5.0, 5.0, 5.0, 5.0, 5.0, 5.0, 5.0, 5.0, 5.0, 5.0, 5.0, 5.0, 5.0, 5.0, 5.0, 5.0, 5.0, 5.0, 5.0, 5.0, 5.0, 5.0, 5.0, 5.0, 5.0, 5.0, 5.0, 5.0, 5.0, 5.0, 5.0, 4.64371919631958, 4.683927059173584, 4.728973388671875, 5.0, 5.0, 5.0, 5.0]"
3.90950608253479,0.18219232559204102,-0.3280141353607178,-0.43133318424224854,0.43074482679367065,0.10935493558645248,0.9999161958694458,-0.0107707679271698,-0.007155599072575569,4.68327522277832,-0.033512502908706665,"[5.0, 5.0, 5.0, 5.0, 5.0, 5.0, 5.0, 5.0, 5.0, 5.0, 5.0, 5.0, 5.0, 5.0, 5.0, 5.0, 5.0, 5.0, 5.0, 5.0, 5.0, 5.0, 5.0, 5.0, 5.0, 5.0, 5.0, 5.0, 5.0, 5.0, 5.0, 5.0, 5.0, 5.0, 5.0, 5.0, 5.0, 5.0, 5.0, 5.0, 5.0, 5.0, 5.0, 5.0, 5.0, 5.0, 5.0, 5.0, 5.0, 5.0, 5.0, 5.0, 5.0, 4.642240047454834, 4.601150035858154, 4.64558219909668, 4.694983005523682, 5.0, 5.0, 5.0]"
3.9121897220611572,0.18895311653614044,-0.26613134145736694,-0.4365728497505188,0.4069528579711914,0.18165536224842072,0.9998860955238342,-0.01491502858698368,0.002206777222454548,4.6057891845703125,0.01016397774219513,"[5.0, 5.0, 5.0, 5.0, 5.0, 5.0, 5.0, 5.0, 5.0, 5.0, 5.0, 5.0, 5.0, 5.0, 5.0, 5.0, 5.0, 5.0, 5.0, 5.0, 5.0, 5.0, 5.0, 5.0, 5.0, 5.0, 5.0, 5.0, 5.0, 5.0, 5.0, 5.0, 5.0, 5.0, 5.0, 5.0, 5.0, 5.0, 5.0, 5.0, 5.0, 5.0, 5.0, 5.0, 5.0, 5.0, 5.0, 5.0, 5.0, 5.0, 5.0, 5.0, 5.0, 4.696998596191406, 4.520939826965332, 4.565009593963623, 4.61397123336792, 5.0, 5.0, 5.0]"
3.915712833404541,0.1936265081167221,-0.20790055394172668,-0.37933945655822754,0.33614253997802734,0.21047638356685638,0.999745786190033,-0.02006448246538639,0.010267059318721294,4.527890682220459,0.04649057984352112,"[5.0, 5.0, 5.0, 5.0, 5.0, 5.0, 5.0, 5.0, 5.0, 5.0, 5.0, 5.0, 5.0, 5.0, 5.0, 5.0, 5.0, 5.0, 5.0, 5.0, 5.0, 5.0, 5.0, 5.0, 5.0, 5.0, 5.0, 5.0, 5.0, 5.0, 5.0, 5.0, 5.0, 5.0, 5.0, 5.0, 5.0, 5.0, 5.0, 5.0, 5.0, 5.0, 5.0, 5.0, 5.0, 5.0, 5.0, 5.0, 5.0, 5.0, 5.0, 5.0, 5.0, 4.736326694488525, 4.443317413330078, 4.487168788909912, 4.535841941833496, 5.0, 5.0, 5.0]"
3.919773578643799,0.19913558661937714,-0.15824246406555176,-0.30054447054862976,0.23207223415374756,0.20291227102279663,0.9995432496070862,-0.025440650060772896,0.016301652416586876,4.44972038269043,0.07254745066165924,"[5.0, 5.0, 5.0, 5.0, 5.0, 5.0, 5.0, 5.0, 5.0, 5.0, 5.0, 5.0, 5.0, 5.0, 5.0, 5.0, 5.0, 5.0, 5.0, 5.0, 5.0, 5.0, 5.0, 5.0, 5.0, 5.0, 5.0, 5.0, 5.0, 5.0, 5.0, 5.0, 5.0, 5.0, 5.0, 5.0, 5.0, 5.0, 5.0, 5.0, 5.0, 5.0, 5.0, 5.0, 5.0, 5.0, 5.0, 5.0, 5.0, 5.0, 5.0, 5.0, 5.0, 4.771539688110352, 4.367431640625, 4.411086082458496, 4.459497928619385, 4.512913703918457, 5.0, 5.0]"
3.9231982231140137,0.20710274577140808,-0.13875068724155426,-0.09835968911647797,-0.02820715121924877,0.1654028743505478,0.9993774890899658,-0.030387967824935913,0.017913416028022766,4.371462345123291,0.07832040637731552,"[5.0, 5.0, 5.0, 5.0, 5.0, 5.0, 5.0, 5.0, 5.0, 5.0, 5.0, 5.0, 5.0, 5.0, 5.0, 5.0, 5.0, 5.0, 5.0, 5.0, 5.0, 5.0, 5.0, 5.0, 5.0, 5.0, 5.0, 5.0, 5.0, 5.0, 5.0, 5.0, 5.0, 5.0, 5.0, 5.0, 5.0, 5.0, 5.0, 5.0, 5.0, 5.0, 5.0, 5.0, 5.0, 5.0, 5.0, 5.0, 5.0, 5.0, 5.0, 5.0, 5.0, 5.0, 4.393502712249756, 4.337216854095459, 4.385325908660889, 4.4383745193481445, 5.0, 5.0]"
3.925738573074341,0.218653604388237,-0.14652550220489502,0.15148919820785522,-0.2783578038215637,0.11032910645008087,0.9992992281913757,-0.03446022793650627,0.014597831293940544,4.293091773986816,0.06267652660608292,"[5.0, 5.0, 5.0, 5.0, 5.0, 5.0, 5.0, 5.0, 5.0, 5.0, 5.0, 5.0, 5.0, 5.0, 5.0, 5.0, 5.0, 5.0, 5.0, 5.0, 5.0, 5.0, 5.0, 5.0, 5.0, 5.0, 5.0, 5.0, 5.0, 5.0, 5.0, 5.0, 5.0, 5.0, 5.0, 5.0, 5.0, 5.0, 5.0, 5.0, 5.0, 5.0, 5.0, 5.0, 5.0, 5.0, 5.0, 5.0, 5.0, 5.0, 5.0, 5.0, 5.0, 5.0, 4.441784858703613, 4.265186309814453, 4.312886714935303, 4.365469455718994, 5.0, 5.0]"
3.9260730743408203,0.2338695377111435,-0.1854589581489563,0.41413745284080505,-0.5252802968025208,0.04197631776332855,0.9992768168449402,-0.03744852915406227,0.006555513478815556,4.21455192565918,0.027629151940345764,"[5.0, 5.0, 5.0, 5.0, 5.0, 5.0, 5.0, 5.0, 5.0, 5.0, 5.0, 5.0, 5.0, 5.0, 5.0, 5.0, 5.0, 5.0, 5.0, 5.0, 5.0, 5.0, 5.0, 5.0, 5.0, 5.0, 5.0, 5.0, 5.0, 5.0, 5.0, 5.0, 5.0, 5.0, 5.0, 5.0, 5.0, 5.0, 5.0, 5.0, 5.0, 5.0, 5.0, 5.0, 5.0, 5.0, 5.0, 5.0, 5.0, 5.0, 5.0, 5.0, 5.0, 5.0, 4.5028886795043945, 4.194971084594727, 4.242127418518066, 4.294102668762207, 4.351171493530273, 5.0]"
3.9221208095550537,0.24713684618473053,-0.2694212794303894,0.779991090297699,-0.8212023973464966,0.02204468660056591,0.9991711378097534,-0.04013935104012489,-0.006739657372236252,4.135244369506836,-0.027870766818523407,"[5.0, 5.0, 5.0, 5.0, 5.0, 5.0, 5.0, 5.0, 5.0, 5.0, 5.0, 5.0, 5.0, 5.0, 5.0, 5.0, 5.0, 5.0, 5.0, 5.0, 5.0, 5.0, 5.0, 5.0, 5.0, 5.0, 5.0, 5.0, 5.0, 5.0, 5.0, 5.0, 5.0, 5.0, 5.0, 5.0, 5.0, 5.0, 5.0, 5.0, 5.0, 5.0, 5.0, 5.0, 5.0, 5.0, 5.0, 5.0, 5.0, 5.0, 5.0, 5.0, 5.0, 5.0, 5.0, 4.217179775238037, 4.176018238067627, 4.227405548095703, 4.28383207321167, 5.0]"
3.912471294403076,0.2576454281806946,-0.37540414929389954,1.115491271018982,-1.0076547861099243,-0.029170503839850426,0.9988108277320862,-0.042548730969429016,-0.02379257045686245,4.054691791534424,-0.09649888426065445,"[5.0, 5.0, 5.0, 5.0, 5.0, 5.0, 5.0, 5.0, 5.0, 5.0, 5.0, 5.0, 5.0, 5.0, 5.0, 5.0, 5.0, 5.0, 5.0, 5.0, 5.0, 5.0, 5.0, 5.0, 5.0, 5.0, 5.0, 5.0, 5.0, 5.0, 5.0, 5.0, 5.0, 5.0, 5.0, 5.0, 5.0, 5.0, 5.0, 5.0, 5.0, 5.0, 5.0, 5.0, 5.0, 5.0, 5.0, 5.0, 5.0, 5.0, 5.0, 5.0, 5.0, 5.0, 5.0, 4.295485496520996, 4.1152191162109375, 4.166032314300537, 4.22183895111084, 5.0]"
3.8974363803863525,0.2667248845100403,-0.4679422974586487,1.3583604097366333,-0.9740773439407349,-0.12105413526296616,0.9981930255889893,-0.0440860278904438,-0.04082389175891876,3.973175048828125,-0.1623358428478241,"[5.0, 5.0, 5.0, 5.0, 5.0, 5.0, 5.0, 5.0, 5.0, 5.0, 5.0, 5.0, 5.0, 5.0, 5.0, 5.0, 5.0, 5.0, 5.0, 5.0, 5.0, 5.0, 5.0, 5.0, 5.0, 5.0, 5.0, 5.0, 5.0, 5.0, 5.0, 5.0, 5.0, 5.0, 5.0, 5.0, 5.0, 5.0, 5.0, 5.0, 5.0, 5.0, 5.0, 5.0, 5.0, 5.0, 5.0, 5.0, 5.0, 5.0, 5.0, 5.0, 5.0, 5.0, 5.0, 4.404535293579102, 4.088630199432373, 4.107037544250488, 4.162091255187988, 4.222390651702881]"
3.8778703212738037,0.27469250559806824,-0.5473327040672302,1.6756033897399902,-0.8293434381484985,-0.2537197470664978,0.9975084662437439,-0.04408594220876694,-0.05507076159119606,3.8916175365448,-0.21464012563228607,"[5.0, 5.0, 5.0, 5.0, 5.0, 5.0, 5.0, 5.0, 5.0, 5.0, 5.0, 5.0, 5.0, 5.0, 5.0, 5.0, 5.0, 5.0, 5.0, 5.0, 5.0, 5.0, 5.0, 5.0, 5.0, 5.0, 5.0, 5.0, 5.0, 5.0, 5.0, 5.0, 5.0, 5.0, 5.0, 5.0, 5.0, 5.0, 5.0, 5.0, 5.0, 5.0, 5.0, 5.0, 5.0, 5.0, 5.0, 5.0, 5.0, 5.0, 5.0, 5.0, 5.0, 5.0, 5.0, 5.0, 4.232685565948486, 4.048044204711914, 4.102095603942871, 4.1613240242004395]"
3.8563992977142334,0.28232359886169434,-0.5979419946670532,1.8711918592453003,-0.5605212450027466,-0.38923877477645874,0.9970399141311646,-0.04219527542591095,-0.06426830589771271,3.811307430267334,-0.24545377492904663,"[5.0, 5.0, 5.0, 5.0, 5.0, 5.0, 5.0, 5.0, 5.0, 5.0, 5.0, 5.0, 5.0, 5.0, 5.0, 5.0, 5.0, 5.0, 5.0, 5.0, 5.0, 5.0, 5.0, 5.0, 5.0, 5.0, 5.0, 5.0, 5.0, 5.0, 5.0, 5.0, 5.0, 5.0, 5.0, 5.0, 5.0, 5.0, 5.0, 5.0, 5.0, 5.0, 5.0, 5.0, 5.0, 5.0, 5.0, 5.0, 5.0, 5.0, 5.0, 5.0, 5.0, 5.0, 5.0, 5.0, 5.0, 4.127812385559082, 4.038923740386963, 4.096761226654053]"
3.8357107639312744,0.29209715127944946,-0.6162057518959045,1.8658143281936646,-0.21806937456130981,-0.5283326506614685,0.9970356225967407,-0.037872087210416794,-0.06697119772434235,3.733262300491333,-0.2505837082862854,"[5.0, 5.0, 5.0, 5.0, 5.0, 5.0, 5.0, 5.0, 5.0, 5.0, 5.0, 5.0, 5.0, 5.0, 5.0, 5.0, 5.0, 5.0, 5.0, 5.0, 5.0, 5.0, 5.0, 5.0, 5.0, 5.0, 5.0, 5.0, 5.0, 5.0, 5.0, 5.0, 5.0, 5.0, 5.0, 5.0, 5.0, 5.0, 5.0, 5.0, 5.0, 5.0, 5.0, 5.0, 5.0, 5.0, 5.0, 5.0, 5.0, 5.0, 5.0, 5.0, 5.0, 5.0, 5.0, 5.0, 5.0, 4.366023063659668, 4.074587821960449, 4.0242018699646]"
3.816032886505127,0.3053111433982849,-0.6116190552711487,1.7371217012405396,0.013068635016679764,-0.6519959568977356,0.9974276423454285,-0.03083641827106476,-0.0647038146853447,3.657212972640991,-0.23713259398937225,"[5.0, 5.0, 5.0, 5.0, 5.0, 5.0, 5.0, 5.0, 5.0, 5.0, 5.0, 5.0, 5.0, 5.0, 5.0, 5.0, 5.0, 5.0, 5.0, 5.0, 5.0, 5.0, 5.0, 5.0, 5.0, 5.0, 5.0, 5.0, 5.0, 5.0, 5.0, 5.0, 5.0, 5.0, 5.0, 5.0, 5.0, 5.0, 5.0, 5.0, 5.0, 5.0, 5.0, 5.0, 5.0, 5.0, 5.0, 5.0, 5.0, 5.0, 5.0, 5.0, 5.0, 5.0, 5.0, 5.0, 5.0, 5.0, 4.337749481201172, 4.056880950927734]"
3.7974750995635986,0.322611927986145,-0.5940518379211426,1.5126029253005981,0.16142794489860535,-0.7554490566253662,0.9980115294456482,-0.02110106311738491,-0.05939009413123131,3.582338571548462,-0.21313169598579407,"[5.0, 5.0, 5.0, 5.0, 5.0, 5.0, 5.0, 5.0, 5.0, 5.0, 5.0, 5.0, 5.0, 5.0, 5.0, 5.0, 5.0, 5.0, 5.0, 5.0, 5.0, 5.0, 5.0, 5.0, 5.0, 5.0, 5.0, 5.0, 5.0, 5.0, 5.0, 5.0, 5.0, 5.0, 5.0, 5.0, 5.0, 5.0, 5.0, 5.0, 5.0, 5.0, 5.0, 5.0, 5.0, 5.0, 5.0, 5.0, 5.0, 5.0, 5.0, 5.0, 5.0, 5.0, 5.0, 5.0, 5.0, 5.0, 5.0, 4.334807395935059]"
3.7800114154815674,0.3447500765323639,-0.5610323548316956,1.2564219236373901,0.2600138187408447,-0.8520362377166748,0.9985959529876709,-0.008727241307497025,-0.05224432423710823,3.50811767578125,-0.18352992832660675,"[5.0, 5.0, 5.0, 5.0, 5.0, 5.0, 5.0, 5.0, 5.0, 5.0, 5.0, 5.0, 5.0, 5.0, 5.0, 5.0, 5.0, 5.0, 5.0, 5.0, 5.0, 5.0, 5.0, 5.0, 5.0, 5.0, 5.0, 5.0, 5.0, 5.0, 5.0, 5.0, 5.0, 5.0, 5.0, 5.0, 5.0, 5.0, 5.0, 5.0, 5.0, 5.0, 5.0, 5.0, 5.0, 5.0, 5.0, 5.0, 5.0, 5.0, 5.0, 5.0, 5.0, 5.0, 5.0, 5.0, 5.0, 5.0, 5.0, 5.0]"
3.762871265411377,0.36707451939582825,-0.5269184112548828,0.9006468653678894,0.22871889173984528,-0.8454768657684326,0.998956024646759,0.004785556346178055,-0.045425090938806534,3.4339497089385986,-0.15614870190620422,"[5.0, 5.0, 5.0, 5.0, 5.0, 5.0, 5.0, 5.0, 5.0, 5.0, 5.0, 5.0, 5.0, 5.0, 5.0, 5.0, 5.0, 5.0, 5.0, 5.0, 5.0, 5.0, 5.0, 5.0, 5.0, 5.0, 5.0, 5.0, 5.0, 5.0, 5.0, 5.0, 5.0, 5.0, 5.0, 5.0, 5.0, 5.0, 5.0, 5.0, 5.0, 5.0, 5.0, 5.0, 5.0, 5.0, 5.0, 5.0, 5.0, 5.0, 5.0, 5.0, 5.0, 5.0, 5.0, 5.0, 5.0, 5.0, 5.0, 5.0]"
3.7480316162109375,0.3841041624546051,-0.4811876714229584,0.5161295533180237,0.2912261188030243,-0.7525366544723511,0.9991205334663391,0.017616329714655876,-0.0380416139960289,3.3600046634674072,-0.12791262567043304,"[5.0, 5.0, 5.0, 5.0, 5.0, 5.0, 5.0, 5.0, 5.0, 5.0, 5.0, 5.0, 5.0, 5.0, 5.0, 5.0, 5.0, 5.0, 5.0, 5.0, 5.0, 5.0, 5.0, 5.0, 5.0, 5.0, 5.0, 5.0, 5.0, 5.0, 5.0, 5.0, 5.0, 5.0, 5.0, 5.0, 5.0, 5.0, 5.0, 5.0, 5.0, 5.0, 5.0, 5.0, 5.0, 5.0, 5.0, 5.0, 5.0, 5.0, 5.0, 5.0, 5.0, 5.0, 5.0, 5.0, 5.0, 5.0, 5.0, 5.0]"
3.7370288372039795,0.3907400071620941,-0.41600069403648376,0.11039958894252777,0.4361127018928528,-0.5751034021377563,0.9992085099220276,0.028011174872517586,-0.028234930709004402,3.286517858505249,-0.09283164143562317,"[5.0, 5.0, 5.0, 5.0, 5.0, 5.0, 5.0, 5.0, 5.0, 5.0, 5.0, 5.0, 5.0, 5.0, 5.0, 5.0, 5.0, 5.0, 5.0, 5.0, 5.0, 5.0, 5.0, 5.0, 5.0, 5.0, 5.0, 5.0, 5.0, 5.0, 5.0, 5.0, 5.0, 5.0, 5.0, 5.0, 5.0, 5.0, 5.0, 5.0, 5.0, 5.0, 5.0, 5.0, 5.0, 5.0, 5.0, 5.0, 5.0, 5.0, 5.0, 5.0, 5.0, 5.0, 5.0, 5.0, 5.0, 5.0, 5.0, 5.0]"
3.730990171432495,0.3825908899307251,-0.3230747580528259,-0.2964823544025421,0.6543189287185669,-0.33214813470840454,0.9993032217025757,0.03442538529634476,-0.014397598803043365,3.2134292125701904,-0.046270474791526794,"[5.0, 5.0, 5.0, 5.0, 5.0, 5.0, 5.0, 5.0, 5.0, 5.0, 5.0, 5.0, 5.0, 5.0, 5.0, 5.0, 5.0, 5.0, 5.0, 5.0, 5.0, 5.0, 5.0, 5.0, 5.0, 5.0, 5.0, 5.0, 5.0, 5.0, 5.0, 5.0, 5.0, 5.0, 5.0, 5.0, 5.0, 5.0, 5.0, 5.0, 5.0, 5.0, 5.0, 5.0, 5.0, 5.0, 5.0, 5.0, 5.0, 5.0, 5.0, 5.0, 5.0, 5.0, 5.0, 5.0, 5.0, 5.0, 5.0, 5.0]"
3.7297942638397217,0.357453852891922,-0.19817015528678894,-0.6721140146255493,0.9105240106582642,-0.06851635873317719,0.9993419647216797,0.03599715605378151,0.004377027042210102,3.1401283740997314,0.013744562864303589,"[5.0, 5.0, 5.0, 5.0, 5.0, 5.0, 5.0, 5.0, 5.0, 5.0, 5.0, 5.0, 5.0, 5.0, 5.0, 5.0, 5.0, 5.0, 5.0, 5.0, 5.0, 5.0, 5.0, 5.0, 5.0, 5.0, 5.0, 5.0, 5.0, 5.0, 5.0, 5.0, 5.0, 5.0, 5.0, 5.0, 5.0, 5.0, 5.0, 5.0, 5.0, 5.0, 5.0, 5.0, 5.0, 5.0, 5.0, 5.0, 5.0, 5.0, 5.0, 5.0, 5.0, 5.0, 5.0, 5.0, 5.0, 5.0, 5.0, 5.0]"
3.7316555976867676,0.3171394467353821,-0.050737813115119934,-0.954427182674408,1.1090303659439087,0.14560575783252716,0.9990835785865784,0.03298666700720787,0.027261996641755104,3.065873861312866,0.08361294865608215,"[5.0, 5.0, 5.0, 5.0, 5.0, 5.0, 5.0, 5.0, 5.0, 5.0, 5.0, 5.0, 5.0, 5.0, 5.0, 5.0, 5.0, 5.0, 5.0, 5.0, 5.0, 5.0, 5.0, 5.0, 5.0, 5.0, 5.0, 5.0, 5.0, 5.0, 5.0, 5.0, 5.0, 5.0, 5.0, 5.0, 5.0, 5.0, 5.0, 5.0, 5.0, 5.0, 5.0, 5.0, 5.0, 5.0, 5.0, 5.0, 5.0, 5.0, 5.0, 5.0, 5.0, 5.0, 5.0, 5.0, 5.0, 5.0, 5.0, 5.0]"
3.7344460487365723,0.2676098346710205,0.10293522477149963,-1.0804049968719482,1.144938349723816,0.2570771276950836,0.9983203411102295,0.026931364089250565,0.05128898844122887,2.9899768829345703,0.1535550355911255,"[5.0, 5.0, 5.0, 5.0, 5.0, 5.0, 5.0, 5.0, 5.0, 5.0, 5.0, 5.0, 5.0, 5.0, 5.0, 5.0, 5.0, 5.0, 5.0, 5.0, 5.0, 5.0, 5.0, 5.0, 5.0, 5.0, 5.0, 5.0, 5.0, 5.0, 5.0, 5.0, 5.0, 5.0, 5.0, 5.0, 5.0, 5.0, 5.0, 5.0, 5.0, 5.0, 5.0, 5.0, 5.0, 5.0, 5.0, 5.0, 5.0, 5.0, 5.0, 5.0, 5.0, 5.0, 5.0, 5.0, 5.0, 5.0, 5.0, 5.0]"
3.737593173980713,0.21721665561199188,0.2501223385334015,-1.0481109619140625,1.0251554250717163,0.25531211495399475,0.9971224069595337,0.020011384040117264,0.07311467826366425,2.9127445220947266,0.21353599429130554,"[5.0, 5.0, 5.0, 5.0, 5.0, 5.0, 5.0, 5.0, 5.0, 5.0, 5.0, 5.0, 5.0, 5.0, 5.0, 5.0, 5.0, 5.0, 5.0, 5.0, 5.0, 5.0, 5.0, 5.0, 5.0, 5.0, 5.0, 5.0, 5.0, 5.0, 5.0, 5.0, 5.0, 5.0, 5.0, 5.0, 5.0, 5.0, 5.0, 5.0, 5.0, 5.0, 5.0, 5.0, 5.0, 5.0, 5.0, 5.0, 5.0, 5.0, 5.0, 5.0, 5.0, 5.0, 5.0, 5.0, 5.0, 5.0, 5.0, 5.0]"
3.7419703006744385,0.17299014329910278,0.3828061521053314,-0.8898943066596985,0.8321135640144348,0.17923861742019653,0.9957689642906189,0.014118202030658722,0.09079718589782715,2.8349316120147705,0.2584715485572815,"[5.0, 5.0, 5.0, 5.0, 5.0, 5.0, 5.0, 5.0, 5.0, 5.0, 5.0, 5.0, 5.0, 5.0, 5.0, 5.0, 5.0, 5.0, 5.0, 5.0, 5.0, 5.0, 5.0, 5.0, 5.0, 5.0, 5.0, 5.0, 5.0, 5.0, 5.0, 5.0, 5.0, 5.0, 5.0, 5.0, 5.0, 5.0, 5.0, 5.0, 5.0, 5.0, 5.0, 5.0, 5.0, 5.0, 5.0, 5.0, 5.0, 5.0, 5.0, 5.0, 5.0, 5.0, 5.0, 5.0, 5.0, 5.0, 5.0, 5.0]"
3.7487571239471436,0.13911667466163635,0.49170973896980286,-0.6132352352142334,0.5935014486312866,0.07458436489105225,0.994591474533081,0.010390306822955608,0.10334065556526184,2.757282257080078,0.28647321462631226,"[5.0, 5.0, 5.0, 5.0, 5.0, 5.0, 5.0, 5.0, 5.0, 5.0, 5.0, 5.0, 5.0, 5.0, 5.0, 5.0, 5.0, 5.0, 5.0, 5.0, 5.0, 5.0, 5.0, 5.0, 5.0, 5.0, 5.0, 5.0, 5.0, 5.0, 5.0, 5.0, 5.0, 5.0, 5.0, 5.0, 5.0, 5.0, 5.0, 5.0, 5.0, 5.0, 5.0, 5.0, 5.0, 5.0, 5.0, 5.0, 5.0, 5.0, 5.0, 5.0, 5.0, 5.0, 5.0, 5.0, 5.0, 5.0, 5.0, 5.0]"
3.758960008621216,0.11727023869752884,0.570639967918396,-0.28592365980148315,0.33170491456985474,-0.028745857998728752,0.9938567876815796,0.009225822053849697,0.11028549075126648,2.680351972579956,0.2974182963371277,"[5.0, 5.0, 5.0, 5.0, 5.0, 5.0, 5.0, 5.0, 5.0, 5.0, 5.0, 5.0, 5.0, 5.0, 5.0, 5.0, 5.0, 5.0, 5.0, 5.0, 5.0, 5.0, 5.0, 5.0, 5.0, 5.0, 5.0, 5.0, 5.0, 5.0, 5.0, 5.0, 5.0, 5.0, 5.0, 5.0, 5.0, 5.0, 5.0, 5.0, 5.0, 5.0, 5.0, 5.0, 5.0, 5.0, 5.0, 5.0, 5.0, 5.0, 5.0, 5.0, 5.0, 5.0, 5.0, 5.0, 5.0, 5.0, 5.0, 5.0]"
3.7730767726898193,0.10671236366033554,0.6131232380867004,-0.006052346900105476,0.03659939393401146,-0.11828592419624329,0.9937483668327332,0.010471286252140999,0.11114802956581116,2.6044607162475586,0.2912856340408325,"[5.0, 5.0, 5.0, 5.0, 5.0, 5.0, 5.0, 5.0, 5.0, 5.0, 5.0, 5.0, 5.0, 5.0, 5.0, 5.0, 5.0, 5.0, 5.0, 5.0, 5.0, 5.0, 5.0, 5.0, 5.0, 5.0, 5.0, 5.0, 5.0, 5.0, 5.0, 5.0, 5.0, 5.0, 5.0, 5.0, 5.0, 5.0, 5.0, 5.0, 5.0, 5.0, 5.0, 5.0, 5.0, 5.0, 5.0, 5.0, 5.0, 5.0, 5.0, 5.0, 5.0, 5.0, 5.0, 5.0, 5.0, 5.0, 5.0, 5.0]"
3.7909204959869385,0.10435254126787186,0.6157547831535339,0.20853927731513977,-0.2717648446559906,-0.17977426946163177,0.9943078756332397,0.013571924529969692,0.10567265003919601,2.5295212268829346,0.2688063681125641,"[5.0, 5.0, 5.0, 5.0, 5.0, 5.0, 5.0, 5.0, 5.0, 5.0, 5.0, 5.0, 5.0, 5.0, 5.0, 5.0, 5.0, 5.0, 5.0, 5.0, 5.0, 5.0, 5.0, 5.0, 5.0, 5.0, 5.0, 5.0, 5.0, 5.0, 5.0, 5.0, 5.0, 5.0, 5.0, 5.0, 5.0, 5.0, 5.0, 5.0, 5.0, 5.0, 5.0, 5.0, 5.0, 5.0, 5.0, 5.0, 5.0, 5.0, 5.0, 5.0, 5.0, 5.0, 5.0, 5.0, 5.0, 5.0, 5.0, 5.0]"
3.8112878799438477,0.10609348863363266,0.5762726068496704,0.37560588121414185,-0.5759279131889343,-0.2074921727180481,0.9954189658164978,0.01771237701177597,0.09395036101341248,2.455214500427246,0.23169317841529846,"[5.0, 5.0, 5.0, 5.0, 5.0, 5.0, 5.0, 5.0, 5.0, 5.0, 5.0, 5.0, 5.0, 5.0, 5.0, 5.0, 5.0, 5.0, 5.0, 5.0, 5.0, 5.0, 5.0, 5.0, 5.0, 5.0, 5.0, 5.0, 5.0, 5.0, 5.0, 5.0, 5.0, 5.0, 5.0, 5.0, 5.0, 5.0, 5.0, 5.0, 5.0, 5.0, 5.0, 5.0, 5.0, 5.0, 5.0, 5.0, 5.0, 5.0, 5.0, 5.0, 5.0, 5.0, 5.0, 5.0, 5.0, 5.0, 5.0, 5.0]"
3.832034111022949,0.10797961801290512,0.49239328503608704,0.5207718014717102,-0.8702257871627808,-0.20551475882530212,0.9968416094779968,0.022153055295348167,0.07625878602266312,2.380847454071045,0.18209083378314972,"[5.0, 5.0, 5.0, 5.0, 5.0, 5.0, 5.0, 5.0, 5.0, 5.0, 5.0, 5.0, 5.0, 5.0, 5.0, 5.0, 5.0, 5.0, 5.0, 5.0, 5.0, 5.0, 5.0, 5.0, 5.0, 5.0, 5.0, 5.0, 5.0, 5.0, 5.0, 5.0, 5.0, 5.0, 5.0, 5.0, 5.0, 5.0, 5.0, 5.0, 5.0, 5.0, 5.0, 5.0, 5.0, 5.0, 5.0, 5.0, 5.0, 5.0, 5.0, 5.0, 5.0, 5.0, 5.0, 5.0, 5.0, 5.0, 5.0, 5.0]"
3.8502023220062256,0.1065450981259346,0.3610984683036804,0.6659302115440369,-1.1556878089904785,-0.18191498517990112,0.9982519745826721,0.026278512552380562,0.052930399775505066,2.305652379989624,0.12221046537160873,"[5.0, 5.0, 5.0, 5.0, 5.0, 5.0, 5.0, 5.0, 5.0, 5.0, 5.0, 5.0, 5.0, 5.0, 5.0, 5.0, 5.0, 5.0, 5.0, 5.0, 5.0, 5.0, 5.0, 5.0, 5.0, 5.0, 5.0, 5.0, 5.0, 5.0, 5.0, 5.0, 5.0, 5.0, 5.0, 5.0, 5.0, 5.0, 5.0, 5.0, 5.0, 5.0, 5.0, 5.0, 5.0, 5.0, 5.0, 5.0, 5.0, 5.0, 5.0, 5.0, 5.0, 5.0, 5.0, 5.0, 5.0, 5.0, 5.0, 5.0]"
3.862031936645508,0.09883876889944077,0.18034972250461578,0.8306447863578796,-1.4536927938461304,-0.1480567753314972,0.9992714524269104,0.02964066155254841,0.02402510866522789,2.2288594245910645,0.05356407165527344,"[5.0, 5.0, 5.0, 5.0, 5.0, 5.0, 5.0, 5.0, 5.0, 5.0, 5.0, 5.0, 5.0, 5.0, 5.0, 5.0, 5.0, 5.0, 5.0, 5.0, 5.0, 5.0, 5.0, 5.0, 5.0, 5.0, 5.0, 5.0, 5.0, 5.0, 5.0, 5.0, 5.0, 5.0, 5.0, 5.0, 5.0, 5.0, 5.0, 5.0, 5.0, 5.0, 5.0, 5.0, 5.0, 5.0, 5.0, 5.0, 5.0, 5.0, 5.0, 5.0, 5.0, 5.0, 5.0, 5.0, 5.0, 5.0, 5.0, 5.0]"
3.8631908893585205,0.0823812261223793,-0.0401938259601593,0.9762628674507141,-1.738720417022705,-0.11415030807256699,0.999437689781189,0.03195590898394585,-0.010106293484568596,2.1496148109436035,-0.021725758910179138,"[5.0, 5.0, 5.0, 5.0, 5.0, 5.0, 5.0, 5.0, 5.0, 5.0, 5.0, 5.0, 5.0, 5.0, 5.0, 5.0, 5.0, 5.0, 5.0, 5.0, 5.0, 5.0, 5.0, 5.0, 5.0, 5.0, 5.0, 5.0, 5.0, 5.0, 5.0, 5.0, 5.0, 5.0, 5.0, 5.0, 5.0, 5.0, 5.0, 5.0, 5.0, 5.0, 5.0, 5.0, 5.0, 5.0, 5.0, 5.0, 5.0, 5.0, 5.0, 5.0, 5.0, 5.0, 5.0, 5.0, 5.0, 5.0, 5.0, 5.0]"
3.8505847454071045,0.05646409094333649,-0.27079442143440247,1.0150049924850464,-1.850174069404602,-0.09393179416656494,0.9983569383621216,0.03332226350903511,-0.046607084572315216,2.067546844482422,-0.09646720439195633,"[5.0, 5.0, 5.0, 5.0, 5.0, 5.0, 5.0, 5.0, 5.0, 5.0, 5.0, 5.0, 5.0, 5.0, 5.0, 5.0, 5.0, 5.0, 5.0, 5.0, 5.0, 5.0, 5.0, 5.0, 5.0, 5.0, 5.0, 5.0, 5.0, 5.0, 5.0, 5.0, 5.0, 5.0, 5.0, 5.0, 5.0, 5.0, 5.0, 5.0, 5.0, 5.0, 5.0, 5.0, 5.0, 5.0, 5.0, 5.0, 5.0, 5.0, 5.0, 5.0, 5.0, 5.0, 5.0, 5.0, 5.0, 5.0, 5.0, 5.0]"
3.826511859893799,0.025938600301742554,-0.4574197828769684,0.8453184962272644,-1.589892864227295,-0.12249703705310822,0.9962650537490845,0.0348769873380661,-0.07898372411727905,1.98409104347229,-0.1572020947933197,"[5.0, 5.0, 5.0, 5.0, 5.0, 5.0, 5.0, 5.0, 5.0, 5.0, 5.0, 5.0, 5.0, 5.0, 5.0, 5.0, 5.0, 5.0, 5.0, 5.0, 5.0, 5.0, 5.0, 5.0, 5.0, 5.0, 5.0, 5.0, 5.0, 5.0, 5.0, 5.0, 5.0, 5.0, 5.0, 5.0, 5.0, 5.0, 5.0, 5.0, 5.0, 5.0, 5.0, 5.0, 5.0, 5.0, 5.0, 5.0, 5.0, 5.0, 5.0, 5.0, 5.0, 5.0, 5.0, 5.0, 5.0, 5.0, 5.0, 5.0]"
3.7971303462982178,-4.86522912979126e-06,-0.5749384164810181,0.5218383073806763,-1.0978374481201172,-0.2242976278066635,0.9940264821052551,0.038732368499040604,-0.10203028470277786,1.901776909828186,-0.19505688548088074,"[5.0, 5.0, 5.0, 5.0, 5.0, 5.0, 5.0, 5.0, 5.0, 5.0, 5.0, 5.0, 5.0, 5.0, 5.0, 5.0, 5.0, 5.0, 5.0, 5.0, 5.0, 5.0, 5.0, 5.0, 5.0, 5.0, 5.0, 5.0, 5.0, 5.0, 5.0, 5.0, 5.0, 5.0, 5.0, 5.0, 5.0, 5.0, 5.0, 5.0, 5.0, 5.0, 5.0, 5.0, 5.0, 5.0, 5.0, 5.0, 5.0, 5.0, 5.0, 5.0, 5.0, 5.0, 5.0, 5.0, 5.0, 5.0, 5.0, 5.0]"
3.7681803703308105,-0.013939402997493744,-0.6285501718521118,0.036503128707408905,-0.5679387450218201,-0.34949415922164917,0.9923771023750305,0.04652353748679161,-0.11411475390195847,1.8224194049835205,-0.20933251082897186,"[5.0, 5.0, 5.0, 5.0, 5.0, 5.0, 5.0, 5.0, 5.0, 5.0, 5.0, 5.0, 5.0, 5.0, 5.0, 5.0, 5.0, 5.0, 5.0, 5.0, 5.0, 5.0, 5.0, 5.0, 5.0, 5.0, 5.0, 5.0, 5.0, 5.0, 5.0, 5.0, 5.0, 5.0, 5.0, 5.0, 5.0, 5.0, 5.0, 5.0, 5.0, 5.0, 5.0, 5.0, 5.0, 5.0, 5.0, 5.0, 5.0, 5.0, 5.0, 5.0, 5.0, 5.0, 5.0, 5.0, 5.0, 5.0, 5.0, 5.0]"
3.7423794269561768,-0.015511512756347656,-0.6399222016334534,-0.5569259524345398,-0.12831789255142212,-0.4108133316040039,0.9915145039558411,0.058149199932813644,-0.11626075208187103,1.746330976486206,-0.20441606640815735,"[5.0, 5.0, 5.0, 5.0, 5.0, 5.0, 5.0, 5.0, 5.0, 5.0, 5.0, 5.0, 5.0, 5.0, 5.0, 5.0, 5.0, 5.0, 5.0, 5.0, 5.0, 5.0, 5.0, 5.0, 5.0, 5.0, 5.0, 5.0, 5.0, 5.0, 5.0, 5.0, 5.0, 5.0, 5.0, 5.0, 5.0, 5.0, 5.0, 5.0, 5.0, 5.0, 5.0, 5.0, 5.0, 5.0, 5.0, 5.0, 5.0, 5.0, 5.0, 5.0, 5.0, 5.0, 5.0, 5.0, 5.0, 5.0, 5.0, 5.0]"
3.7202532291412354,-0.011158488690853119,-0.6263009309768677,-1.1722426414489746,0.19158105552196503,-0.34292083978652954,0.991316020488739,0.07155376672744751,-0.11032436788082123,1.6730047464370728,-0.18570691347122192,"[5.0, 5.0, 5.0, 5.0, 5.0, 5.0, 5.0, 5.0, 5.0, 5.0, 5.0, 5.0, 5.0, 5.0, 5.0, 5.0, 5.0, 5.0, 5.0, 5.0, 5.0, 5.0, 5.0, 5.0, 5.0, 5.0, 5.0, 5.0, 5.0, 5.0, 5.0, 5.0, 5.0, 5.0, 5.0, 5.0, 5.0, 5.0, 5.0, 5.0, 5.0, 5.0, 5.0, 5.0, 5.0, 5.0, 5.0, 5.0, 5.0, 5.0, 5.0, 5.0, 5.0, 5.0, 5.0, 5.0, 5.0, 5.0, 5.0, 5.0]"
3.702303409576416,-0.01052655279636383,-0.5895097851753235,-1.6640243530273438,0.47212398052215576,-0.14555612206459045,0.9917292594909668,0.08375002443790436,-0.0972505658864975,1.6016689538955688,-0.15650516748428345,"[5.0, 5.0, 5.0, 5.0, 5.0, 5.0, 5.0, 5.0, 5.0, 5.0, 5.0, 5.0, 5.0, 5.0, 5.0, 5.0, 5.0, 5.0, 5.0, 5.0, 5.0, 5.0, 5.0, 5.0, 5.0, 5.0, 5.0, 5.0, 5.0, 5.0, 5.0, 5.0, 5.0, 5.0, 5.0, 5.0, 5.0, 5.0, 5.0, 5.0, 5.0, 5.0, 5.0, 5.0, 5.0, 5.0, 5.0, 5.0, 5.0, 5.0, 5.0, 5.0, 5.0, 5.0, 5.0, 5.0, 5.0, 5.0, 5.0, 5.0]"
3.6886556148529053,-0.020617803558707237,-0.5312462449073792,-2.0206353664398193,0.7319363951683044,0.12820890545845032,0.9927226305007935,0.09213060885667801,-0.07754024863243103,1.5317035913467407,-0.11912742257118225,"[5.0, 5.0, 5.0, 5.0, 5.0, 5.0, 5.0, 5.0, 5.0, 5.0, 5.0, 5.0, 5.0, 5.0, 5.0, 5.0, 5.0, 5.0, 5.0, 5.0, 5.0, 5.0, 5.0, 5.0, 5.0, 5.0, 5.0, 5.0, 5.0, 5.0, 5.0, 5.0, 5.0, 5.0, 5.0, 5.0, 5.0, 5.0, 5.0, 5.0, 5.0, 5.0, 5.0, 5.0, 5.0, 5.0, 5.0, 5.0, 5.0, 5.0, 5.0, 5.0, 5.0, 5.0, 5.0, 5.0, 5.0, 5.0, 5.0, 5.0]"
3.6788105964660645,-0.04368980973958969,-0.4554937779903412,-2.257802963256836,0.9546024799346924,0.40710800886154175,0.9940727353096008,0.09543631970882416,-0.05205868184566498,1.4622637033462524,-0.07622692734003067,"[5.0, 5.0, 5.0, 5.0, 5.0, 5.0, 5.0, 5.0, 5.0, 5.0, 5.0, 5.0, 5.0, 5.0, 5.0, 5.0, 5.0, 5.0, 5.0, 5.0, 5.0, 5.0, 5.0, 5.0, 5.0, 5.0, 5.0, 5.0, 5.0, 5.0, 5.0, 5.0, 5.0, 5.0, 5.0, 5.0, 5.0, 5.0, 5.0, 5.0, 5.0, 5.0, 5.0, 5.0, 5.0, 5.0, 5.0, 5.0, 5.0, 5.0, 5.0, 5.0, 5.0, 5.0, 5.0, 5.0, 5.0, 5.0, 5.0, 5.0]"
3.6714961528778076,-0.07881908118724823,-0.36994120478630066,-2.3437612056732178,1.084709644317627,0.644736647605896,0.9953572750091553,0.09350956976413727,-0.022768637165427208,1.392492651939392,-0.03171340376138687,"[5.0, 5.0, 5.0, 5.0, 5.0, 5.0, 5.0, 5.0, 5.0, 5.0, 5.0, 5.0, 5.0, 5.0, 5.0, 5.0, 5.0, 5.0, 5.0, 5.0, 5.0, 5.0, 5.0, 5.0, 5.0, 5.0, 5.0, 5.0, 5.0, 5.0, 5.0, 5.0, 5.0, 5.0, 5.0, 5.0, 5.0, 5.0, 5.0, 5.0, 5.0, 5.0, 5.0, 5.0, 5.0, 5.0, 5.0, 5.0, 5.0, 5.0, 5.0, 5.0, 5.0, 5.0, 5.0, 5.0, 5.0, 5.0, 5.0, 5.0]"
3.6655709743499756,-0.12265096604824066,-0.2786853015422821,-2.27608585357666,1.1130379438400269,0.8129431009292603,0.9961651563644409,0.08713196218013763,0.007847899571061134,1.3218506574630737,0.010374077595770359,"[5.0, 5.0, 5.0, 5.0, 5.0, 5.0, 5.0, 5.0, 5.0, 5.0, 5.0, 5.0, 5.0, 5.0, 5.0, 5.0, 5.0, 5.0, 5.0, 5.0, 5.0, 5.0, 5.0, 5.0, 5.0, 5.0, 5.0, 5.0, 5.0, 5.0, 5.0, 5.0, 5.0, 5.0, 5.0, 5.0, 5.0, 5.0, 5.0, 5.0, 5.0, 5.0, 5.0, 5.0, 5.0, 5.0, 5.0, 5.0, 5.0, 5.0, 5.0, 5.0, 5.0, 5.0, 5.0, 5.0, 5.0, 5.0, 5.0, 5.0]"
3.6604809761047363,-0.17021405696868896,-0.1815023422241211,-2.0871546268463135,1.0649343729019165,0.8982739448547363,0.9962553381919861,0.0778108462691307,0.03767315670847893,1.250231385231018,0.047133661806583405,"[5.0, 5.0, 5.0, 5.0, 5.0, 5.0, 5.0, 5.0, 5.0, 5.0, 5.0, 5.0, 5.0, 5.0, 5.0, 5.0, 5.0, 5.0, 5.0, 5.0, 5.0, 5.0, 5.0, 5.0, 5.0, 5.0, 5.0, 5.0, 5.0, 5.0, 5.0, 5.0, 5.0, 5.0, 5.0, 5.0, 5.0, 5.0, 5.0, 5.0, 5.0, 5.0, 5.0, 5.0, 5.0, 5.0, 5.0, 5.0, 5.0, 5.0, 5.0, 5.0, 5.0, 5.0, 5.0, 5.0, 5.0, 5.0, 5.0, 5.0]"
3.6561455726623535,-0.21653366088867188,-0.08213940262794495,-1.831522822380066,0.9513795375823975,0.9128606915473938,0.9956097602844238,0.06728560477495193,0.06505600363016129,1.1777905225753784,0.07678506523370743,"[5.0, 5.0, 5.0, 5.0, 5.0, 5.0, 5.0, 5.0, 5.0, 5.0, 5.0, 5.0, 5.0, 5.0, 5.0, 5.0, 5.0, 5.0, 5.0, 5.0, 5.0, 5.0, 5.0, 5.0, 5.0, 5.0, 5.0, 5.0, 5.0, 5.0, 5.0, 5.0, 5.0, 5.0, 5.0, 5.0, 5.0, 5.0, 5.0, 5.0, 5.0, 5.0, 5.0, 5.0, 5.0, 5.0, 5.0, 5.0, 5.0, 5.0, 5.0, 5.0, 5.0, 5.0, 5.0, 5.0, 5.0, 5.0, 5.0, 5.0]"
3.652939558029175,-0.2580024302005768,0.014768660068511963,-1.5618447065353394,0.7914164066314697,0.8833452463150024,0.9944115877151489,0.0569562129676342,0.08888130635023117,1.1048322916030884,0.0985892117023468,"[5.0, 5.0, 5.0, 5.0, 5.0, 5.0, 5.0, 5.0, 5.0, 5.0, 5.0, 5.0, 5.0, 5.0, 5.0, 5.0, 5.0, 5.0, 5.0, 5.0, 5.0, 5.0, 5.0, 5.0, 5.0, 5.0, 5.0, 5.0, 5.0, 5.0, 5.0, 5.0, 5.0, 5.0, 5.0, 5.0, 5.0, 5.0, 5.0, 5.0, 5.0, 5.0, 5.0, 5.0, 5.0, 5.0, 5.0, 5.0, 5.0, 5.0, 5.0, 5.0, 5.0, 5.0, 5.0, 5.0, 5.0, 5.0, 5.0, 5.0]"
3.651395320892334,-0.2917061150074005,0.10301202535629272,-1.2883797883987427,0.5796669125556946,0.8167738914489746,0.9929774403572083,0.04792612046003342,0.10815277695655823,1.0317234992980957,0.11224225163459778,"[5.0, 5.0, 5.0, 5.0, 5.0, 5.0, 5.0, 5.0, 5.0, 5.0, 5.0, 5.0, 5.0, 5.0, 5.0, 5.0, 5.0, 5.0, 5.0, 5.0, 5.0, 5.0, 5.0, 5.0, 5.0, 5.0, 5.0, 5.0, 5.0, 5.0, 5.0, 5.0, 5.0, 5.0, 5.0, 5.0, 5.0, 5.0, 5.0, 5.0, 5.0, 5.0, 5.0, 5.0, 5.0, 5.0, 5.0, 5.0, 5.0, 5.0, 5.0, 5.0, 5.0, 5.0, 5.0, 5.0, 5.0, 5.0, 5.0, 5.0]"
3.6521599292755127,-0.31518062949180603,0.17621715366840363,-1.006598711013794,0.31695741415023804,0.7195128202438354,0.9916731715202332,0.04131137952208519,0.12196579575538635,0.9585850238800049,0.11779412627220154,"[5.0, 5.0, 5.0, 5.0, 5.0, 5.0, 5.0, 5.0, 5.0, 5.0, 5.0, 5.0, 5.0, 5.0, 5.0, 5.0, 5.0, 5.0, 5.0, 5.0, 5.0, 5.0, 5.0, 5.0, 5.0, 5.0, 5.0, 5.0, 5.0, 5.0, 5.0, 5.0, 5.0, 5.0, 5.0, 5.0, 5.0, 5.0, 5.0, 5.0, 5.0, 5.0, 5.0, 5.0, 5.0, 5.0, 5.0, 5.0, 5.0, 5.0, 5.0, 5.0, 5.0, 5.0, 5.0, 5.0, 5.0, 5.0, 5.0, 5.0]"
3.6556777954101562,-0.3270788788795471,0.22672632336616516,-0.700985312461853,0.013302385807037354,0.6077554225921631,0.9908510446548462,0.03771340847015381,0.12957437336444855,0.88565593957901,0.11573412269353867,"[5.0, 5.0, 5.0, 5.0, 5.0, 5.0, 5.0, 5.0, 5.0, 5.0, 5.0, 5.0, 5.0, 5.0, 5.0, 5.0, 5.0, 5.0, 5.0, 5.0, 5.0, 5.0, 5.0, 5.0, 5.0, 5.0, 5.0, 5.0, 5.0, 5.0, 5.0, 5.0, 5.0, 5.0, 5.0, 5.0, 5.0, 5.0, 5.0, 5.0, 5.0, 5.0, 5.0, 5.0, 5.0, 5.0, 5.0, 5.0, 5.0, 5.0, 5.0, 5.0, 5.0, 5.0, 5.0, 5.0, 5.0, 5.0, 5.0, 5.0]"
3.661785364151001,-0.32727235555648804,0.24578584730625153,-0.35295188426971436,-0.3247496783733368,0.4954420328140259,0.9907364249229431,0.037527721375226974,0.13050101697444916,0.8128978610038757,0.10699917376041412,"[5.0, 5.0, 5.0, 5.0, 5.0, 5.0, 5.0, 5.0, 5.0, 5.0, 5.0, 5.0, 5.0, 5.0, 5.0, 5.0, 5.0, 5.0, 5.0, 5.0, 5.0, 5.0, 5.0, 5.0, 5.0, 5.0, 5.0, 5.0, 5.0, 5.0, 5.0, 5.0, 5.0, 5.0, 5.0, 5.0, 5.0, 5.0, 5.0, 5.0, 5.0, 5.0, 5.0, 5.0, 5.0, 5.0, 5.0, 5.0, 5.0, 5.0, 5.0, 5.0, 5.0, 5.0, 5.0, 5.0, 5.0, 5.0, 5.0, 5.0]"
3.6693832874298096,-0.3171103000640869,0.2247929871082306,0.04571378231048584,-0.7003854513168335,0.3950214385986328,0.9913975596427917,0.040799062699079514,0.12435230612754822,0.7401583790779114,0.09276052564382553,"[5.0, 5.0, 5.0, 5.0, 5.0, 5.0, 5.0, 5.0, 5.0, 5.0, 5.0, 5.0, 5.0, 5.0, 5.0, 5.0, 5.0, 5.0, 5.0, 5.0, 5.0, 5.0, 5.0, 5.0, 5.0, 5.0, 5.0, 5.0, 5.0, 5.0, 5.0, 5.0, 5.0, 5.0, 5.0, 5.0, 5.0, 5.0, 5.0, 5.0, 5.0, 5.0, 5.0, 5.0, 5.0, 5.0, 5.0, 5.0, 5.0, 5.0, 5.0, 5.0, 5.0, 5.0, 5.0, 5.0, 5.0, 5.0, 5.0, 5.0]"
3.6761252880096436,-0.30011796951293945,0.15794900059700012,0.4830096364021301,-1.1057014465332031,0.3235516846179962,0.9927048087120056,0.04713853448629379,0.11096038669347763,0.6672208309173584,0.07449521124362946,"[5.0, 5.0, 5.0, 5.0, 5.0, 5.0, 5.0, 5.0, 5.0, 5.0, 5.0, 5.0, 5.0, 5.0, 5.0, 5.0, 5.0, 5.0, 5.0, 5.0, 5.0, 5.0, 5.0, 5.0, 5.0, 5.0, 5.0, 5.0, 5.0, 5.0, 5.0, 5.0, 5.0, 5.0, 5.0, 5.0, 5.0, 5.0, 5.0, 5.0, 5.0, 5.0, 5.0, 5.0, 5.0, 5.0, 5.0, 5.0, 5.0, 5.0, 5.0, 5.0, 5.0, 5.0, 5.0, 5.0, 5.0, 5.0, 5.0, 5.0]"
3.678210973739624,-0.28200408816337585,0.04272489249706268,0.9416803121566772,-1.5318008661270142,0.29018333554267883,0.9943157434463501,0.05595951899886131,0.09056169539690018,0.5937545895576477,0.05399337783455849,"[5.0, 5.0, 5.0, 5.0, 5.0, 5.0, 5.0, 5.0, 5.0, 5.0, 5.0, 5.0, 5.0, 5.0, 5.0, 5.0, 5.0, 5.0, 5.0, 5.0, 5.0, 5.0, 5.0, 5.0, 5.0, 5.0, 5.0, 5.0, 5.0, 5.0, 5.0, 5.0, 5.0, 5.0, 5.0, 5.0, 5.0, 5.0, 5.0, 5.0, 5.0, 5.0, 5.0, 5.0, 5.0, 5.0, 5.0, 5.0, 5.0, 5.0, 5.0, 5.0, 5.0, 5.0, 5.0, 5.0, 5.0, 5.0, 5.0, 5.0]"
3.6708526611328125,-0.2690010964870453,-0.11409571766853333,1.3906160593032837,-1.9216057062149048,0.28044065833091736,0.9956746697425842,0.06680352240800858,0.0645395889878273,0.51957768201828,0.03360345587134361,"[5.0, 5.0, 5.0, 5.0, 5.0, 5.0, 5.0, 5.0, 5.0, 5.0, 5.0, 5.0, 5.0, 5.0, 5.0, 5.0, 5.0, 5.0, 5.0, 5.0, 5.0, 5.0, 5.0, 5.0, 5.0, 5.0, 5.0, 5.0, 5.0, 5.0, 5.0, 5.0, 5.0, 5.0, 5.0, 5.0, 5.0, 5.0, 5.0, 5.0, 5.0, 5.0, 5.0, 5.0, 5.0, 5.0, 5.0, 5.0, 5.0, 5.0, 5.0, 5.0, 5.0, 5.0, 5.0, 5.0, 5.0, 5.0, 5.0, 5.0]"
3.6502444744110107,-0.2654402256011963,-0.2854345440864563,1.741887092590332,-2.1445200443267822,0.2674558162689209,0.9960987567901611,0.08021395653486252,0.03672207519412041,0.44484925270080566,0.016346849501132965,"[5.0, 5.0, 5.0, 5.0, 5.0, 5.0, 5.0, 5.0, 5.0, 5.0, 5.0, 5.0, 5.0, 5.0, 5.0, 5.0, 5.0, 5.0, 5.0, 5.0, 5.0, 5.0, 5.0, 5.0, 5.0, 5.0, 5.0, 5.0, 5.0, 5.0, 5.0, 5.0, 5.0, 5.0, 5.0, 5.0, 5.0, 5.0, 5.0, 5.0, 5.0, 5.0, 5.0, 5.0, 5.0, 5.0, 5.0, 5.0, 5.0, 5.0, 5.0, 5.0, 5.0, 5.0, 5.0, 5.0, 5.0, 5.0, 5.0, 5.0]"
3.6149425506591797,-0.2743142545223236,-0.4477345645427704,1.8473119735717773,-2.1768441200256348,0.27735432982444763,0.9950534105300903,0.09849144518375397,0.012751330621540546,0.3700571060180664,0.0047191171906888485,"[5.0, 5.0, 5.0, 5.0, 5.0, 5.0, 5.0, 5.0, 5.0, 5.0, 5.0, 5.0, 5.0, 5.0, 5.0, 5.0, 5.0, 5.0, 5.0, 5.0, 5.0, 5.0, 5.0, 5.0, 5.0, 5.0, 5.0, 5.0, 5.0, 5.0, 5.0, 5.0, 5.0, 5.0, 5.0, 5.0, 5.0, 5.0, 5.0, 5.0, 5.0, 5.0, 5.0, 5.0, 5.0, 5.0, 5.0, 5.0, 5.0, 5.0, 5.0, 5.0, 5.0, 5.0, 5.0, 5.0, 5.0, 5.0, 5.0, 5.0]"
3.565455436706543,-0.29807716608047485,-0.5910701751708984,1.7141163349151611,-2.0969467163085938,0.3483203649520874,0.9920210242271423,0.12604068219661713,-0.0010541504016146064,0.29617443680763245,-0.00031221366953104734,"[5.0, 5.0, 5.0, 5.0, 5.0, 5.0, 5.0, 5.0, 5.0, 5.0, 5.0, 5.0, 5.0, 5.0, 5.0, 5.0, 5.0, 5.0, 5.0, 5.0, 5.0, 5.0, 5.0, 5.0, 5.0, 5.0, 5.0, 5.0, 5.0, 5.0, 5.0, 5.0, 5.0, 5.0, 5.0, 5.0, 5.0, 5.0, 5.0, 5.0, 5.0, 5.0, 5.0, 5.0, 5.0, 5.0, 5.0, 5.0, 5.0, 5.0, 5.0, 5.0, 5.0, 5.0, 5.0, 5.0, 5.0, 5.0, 5.0, 5.0]"
3.503913402557373,-0.33661237359046936,-0.7007541656494141,1.4091190099716187,-1.94264817237854,0.47715550661087036,0.9846454858779907,0.1744755208492279,0.004757703747600317,0.22414866089820862,0.0010664497967809439,"[5.0, 5.0, 5.0, 5.0, 5.0, 5.0, 5.0, 5.0, 5.0, 5.0, 5.0, 5.0, 5.0, 5.0, 5.0, 5.0, 5.0, 5.0, 5.0, 5.0, 5.0, 5.0, 5.0, 5.0, 5.0, 5.0, 5.0, 5.0, 5.0, 5.0, 5.0, 5.0, 5.0, 5.0, 5.0, 5.0, 5.0, 5.0, 5.0, 5.0, 5.0, 5.0, 5.0, 5.0, 5.0, 5.0, 5.0, 5.0, 5.0, 5.0, 5.0, 5.0, 5.0, 5.0, 5.0, 5.0, 5.0, 5.0, 5.0, 5.0]"
3.433121681213379,-0.3889676034450531,-0.7609378695487976,0.9742313623428345,-1.737618327140808,0.6793231964111328,0.9608275294303894,0.2725609540939331,0.05008077993988991,0.15549108386039734,0.007796949241310358,"[5.0, 5.0, 5.0, 5.0, 5.0, 5.0, 5.0, 5.0, 5.0, 5.0, 5.0, 5.0, 5.0, 5.0, 5.0, 5.0, 5.0, 5.0, 5.0, 5.0, 5.0, 5.0, 5.0, 5.0, 5.0, 5.0, 5.0, 5.0, 5.0, 5.0, 5.0, 5.0, 5.0, 5.0, 5.0, 5.0, 5.0, 5.0, 5.0, 5.0, 5.0, 5.0, 5.0, 5.0, 5.0, 5.0, 5.0, 5.0, 5.0, 5.0, 5.0, 5.0, 5.0, 5.0, 5.0, 5.0, 5.0, 5.0, 5.0, 5.0]"
3.3519506454467773,-0.45853522419929504,-0.7816194891929626,0.38065773248672485,-1.6748733520507812,1.045152187347412,0.8437861204147339,0.5014094114303589,0.19129230082035065,0.09396302700042725,0.01831277832388878,"[5.0, 5.0, 5.0, 5.0, 5.0, 5.0, 5.0, 5.0, 5.0, 5.0, 5.0, 5.0, 5.0, 5.0, 5.0, 5.0, 5.0, 5.0, 5.0, 5.0, 5.0, 5.0, 5.0, 5.0, 5.0, 5.0, 5.0, 5.0, 5.0, 5.0, 5.0, 5.0, 5.0, 5.0, 5.0, 5.0, 5.0, 5.0, 5.0, 5.0, 5.0, 5.0, 5.0, 5.0, 5.0, 5.0, 5.0, 5.0, 5.0, 5.0, 5.0, 5.0, 5.0, 5.0, 5.0, 5.0, 5.0, 5.0, 5.0, 5.0]"
3.2438719272613525,-0.5610993504524231,-0.8280587792396545,-0.5161787867546082,-2.3912363052368164,1.831877589225769,0.21934400498867035,0.8502750992774963,0.47842511534690857,0.0586649626493454,0.03196267783641815,"[5.0, 5.0, 5.0, 5.0, 5.0, 5.0, 5.0, 5.0, 5.0, 5.0, 5.0, 5.0, 5.0, 5.0, 5.0, 5.0, 5.0, 5.0, 5.0, 5.0, 5.0, 5.0, 5.0, 5.0, 5.0, 5.0, 5.0, 5.0, 5.0, 5.0, 5.0, 5.0, 5.0, 5.0, 5.0, 5.0, 5.0, 5.0, 5.0, 5.0, 5.0, 5.0, 5.0, 5.0, 5.0, 5.0, 5.0, 5.0, 5.0, 5.0, 5.0, 5.0, 5.0, 5.0, 5.0, 5.0, 5.0, 5.0, 5.0, 5.0]"
3.062215805053711,-0.6878481507301331,-1.0670711994171143,-1.0467008352279663,-4.962419033050537,2.499255418777466,-0.47681477665901184,0.7023684978485107,0.5284944772720337,0.08522701263427734,0.05305768921971321,"[5.0, 5.0, 5.0, 5.0, 5.0, 5.0, 5.0, 5.0, 5.0, 5.0, 5.0, 5.0, 5.0, 5.0, 5.0, 5.0, 5.0, 5.0, 5.0, 5.0, 5.0, 5.0, 5.0, 5.0, 5.0, 5.0, 5.0, 5.0, 5.0, 5.0, 5.0, 5.0, 5.0, 5.0, 5.0, 5.0, 5.0, 5.0, 5.0, 5.0, 5.0, 5.0, 5.0, 5.0, 5.0, 5.0, 5.0, 5.0, 5.0, 5.0, 5.0, 5.0, 5.0, 5.0, 5.0, 5.0, 5.0, 5.0, 5.0, 5.0]"
2.7731359004974365,-0.7832423448562622,-1.3864099979400635,-1.0476099252700806,-7.779521942138672,2.2423923015594482,-0.6327436566352844,0.5462523698806763,0.548845648765564,0.13569419085979462,0.08909404277801514,"[5.0, 5.0, 5.0, 5.0, 5.0, 5.0, 5.0, 5.0, 5.0, 5.0, 5.0, 5.0, 5.0, 5.0, 5.0, 5.0, 5.0, 5.0, 5.0, 5.0, 5.0, 5.0, 5.0, 5.0, 5.0, 5.0, 5.0, 5.0, 5.0, 5.0, 5.0, 5.0, 5.0, 5.0, 5.0, 5.0, 5.0, 5.0, 5.0, 5.0, 5.0, 5.0, 5.0, 5.0, 5.0, 5.0, 5.0, 5.0, 5.0, 5.0, 5.0, 5.0, 5.0, 5.0, 5.0, 5.0, 5.0, 5.0, 5.0, 5.0]"
2.398059129714966,-0.8282971382141113,-1.55584716796875,-1.8850836753845215,-8.842378616333008,2.2174103260040283,-0.6249746084213257,0.47635704278945923,0.6184512972831726,0.17929044365882874,0.14110450446605682,"[5.0, 5.0, 5.0, 5.0, 5.0, 5.0, 5.0, 5.0, 5.0, 5.0, 5.0, 5.0, 5.0, 5.0, 5.0, 5.0, 5.0, 5.0, 5.0, 5.0, 5.0, 5.0, 5.0, 5.0, 5.0, 5.0, 5.0, 5.0, 5.0, 5.0, 5.0, 5.0, 5.0, 5.0, 5.0, 5.0, 5.0, 5.0, 5.0, 5.0, 5.0, 5.0, 5.0, 5.0, 5.0, 5.0, 5.0, 5.0, 5.0, 5.0, 5.0, 5.0, 5.0, 5.0, 5.0, 5.0, 5.0, 5.0, 5.0, 5.0]"
2.002448081970215,-0.8366619944572449,-1.4766143560409546,-2.769321918487549,-8.29541015625,2.6043479442596436,-0.5669916272163391,0.44265440106391907,0.6946728825569153,0.2077360451221466,0.20061784982681274,"[5.0, 5.0, 5.0, 5.0, 5.0, 5.0, 5.0, 5.0, 5.0, 5.0, 5.0, 5.0, 5.0, 5.0, 5.0, 5.0, 5.0, 5.0, 5.0, 5.0, 5.0, 5.0, 5.0, 5.0, 5.0, 5.0, 5.0, 5.0, 5.0, 5.0, 5.0, 5.0, 5.0, 5.0, 5.0, 5.0, 5.0, 5.0, 5.0, 5.0, 5.0, 5.0, 5.0, 5.0, 5.0, 5.0, 5.0, 5.0, 5.0, 5.0, 5.0, 5.0, 5.0, 5.0, 5.0, 5.0, 5.0, 5.0, 5.0, 5.0]"
1.6404796838760376,-0.8268955945968628,-1.191569447517395,-3.7338571548461914,-6.95311975479126,3.3804588317871094,-0.495309054851532,0.4232500195503235,0.7586318850517273,0.22126950323581696,0.25764891505241394,"[5.0, 5.0, 5.0, 5.0, 5.0, 5.0, 5.0, 5.0, 5.0, 5.0, 5.0, 5.0, 5.0, 5.0, 5.0, 5.0, 5.0, 5.0, 5.0, 5.0, 5.0, 5.0, 5.0, 5.0, 5.0, 5.0, 5.0, 5.0, 5.0, 5.0, 5.0, 5.0, 5.0, 5.0, 5.0, 5.0, 5.0, 5.0, 5.0, 5.0, 5.0, 5.0, 5.0, 5.0, 5.0, 5.0, 5.0, 5.0, 5.0, 5.0, 5.0, 5.0, 5.0, 5.0, 5.0, 5.0, 5.0, 5.0, 5.0, 5.0]"
1.3313844203948975,-0.823803186416626,-0.7664377093315125,-4.4087934494018555,-5.253061771392822,4.493332862854004,-0.42580926418304443,0.411824107170105,0.8056562542915344,0.22421610355377197,0.30494189262390137,"[5.0, 5.0, 5.0, 5.0, 5.0, 5.0, 5.0, 5.0, 5.0, 5.0, 5.0, 5.0, 5.0, 5.0, 5.0, 5.0, 5.0, 5.0, 5.0, 5.0, 5.0, 5.0, 5.0, 5.0, 5.0, 5.0, 5.0, 5.0, 5.0, 5.0, 5.0, 5.0, 5.0, 5.0, 5.0, 5.0, 5.0, 5.0, 5.0, 5.0, 5.0, 5.0, 5.0, 5.0, 5.0, 5.0, 5.0, 5.0, 5.0, 5.0, 5.0, 5.0, 5.0, 5.0, 5.0, 5.0, 5.0, 5.0, 5.0, 5.0]"
1.0629202127456665,-0.8427363038063049,-0.27787452936172485,-4.397439479827881,-3.667389392852783,5.737908840179443,-0.3630743622779846,0.41153159737586975,0.8359507918357849,0.2221938967704773,0.33845338225364685,"[5.0, 5.0, 5.0, 5.0, 5.0, 5.0, 5.0, 5.0, 5.0, 5.0, 5.0, 5.0, 5.0, 5.0, 5.0, 5.0, 5.0, 5.0, 5.0, 5.0, 5.0, 5.0, 5.0, 5.0, 5.0, 5.0, 5.0, 5.0, 5.0, 5.0, 5.0, 5.0, 5.0, 5.0, 5.0, 5.0, 5.0, 5.0, 5.0, 5.0, 5.0, 5.0, 5.0, 5.0, 5.0, 5.0, 5.0, 5.0, 5.0, 5.0, 5.0, 5.0, 5.0, 5.0, 5.0, 5.0, 5.0, 5.0, 5.0, 5.0]"
0.8134230375289917,-0.8742054104804993,0.20227359235286713,-3.671488046646118,-2.3845291137695312,6.963908672332764,-0.30380427837371826,0.4290939271450043,0.850632905960083,0.220523864030838,0.3567911982536316,"[5.0, 5.0, 5.0, 5.0, 5.0, 5.0, 5.0, 5.0, 5.0, 5.0, 5.0, 5.0, 5.0, 5.0, 5.0, 5.0, 5.0, 5.0, 5.0, 5.0, 5.0, 5.0, 5.0, 5.0, 5.0, 5.0, 5.0, 5.0, 5.0, 5.0, 5.0, 5.0, 5.0, 5.0, 5.0, 5.0, 5.0, 5.0, 5.0, 5.0, 5.0, 5.0, 5.0, 5.0, 5.0, 5.0, 5.0, 5.0, 5.0, 5.0, 5.0, 5.0, 5.0, 5.0, 5.0, 5.0, 5.0, 5.0, 5.0, 5.0]"
0.5735087990760803,-0.8852486610412598,0.6230273842811584,-2.72607159614563,-1.7766050100326538,7.908015251159668,-0.23793335258960724,0.464949369430542,0.8527632355690002,0.22140821814537048,0.3614996075630188,"[5.0, 5.0, 5.0, 5.0, 5.0, 5.0, 5.0, 5.0, 5.0, 5.0, 5.0, 5.0, 5.0, 5.0, 5.0, 5.0, 5.0, 5.0, 5.0, 5.0, 5.0, 5.0, 5.0, 5.0, 5.0, 5.0, 5.0, 5.0, 5.0, 5.0, 5.0, 5.0, 5.0, 5.0, 5.0, 5.0, 5.0, 5.0, 5.0, 5.0, 5.0, 5.0, 5.0, 5.0, 5.0, 5.0, 5.0, 5.0, 5.0, 5.0, 5.0, 5.0, 5.0, 5.0, 5.0, 5.0, 5.0, 5.0, 5.0, 5.0]"
0.3522530198097229,-0.8551130294799805,0.9669636487960815,-1.9335441589355469,-1.7566845417022705,8.939800262451172,-0.1517794132232666,0.5126269459724426,0.8450868129730225,0.22470508515834808,0.3551937937736511,"[5.0, 5.0, 5.0, 5.0, 5.0, 5.0, 5.0, 5.0, 5.0, 5.0, 5.0, 5.0, 5.0, 5.0, 5.0, 5.0, 5.0, 5.0, 5.0, 5.0, 5.0, 5.0, 5.0, 5.0, 5.0, 5.0, 5.0, 5.0, 5.0, 5.0, 5.0, 5.0, 5.0, 5.0, 5.0, 5.0, 5.0, 5.0, 5.0, 5.0, 5.0, 5.0, 5.0, 5.0, 5.0, 5.0, 5.0, 5.0, 5.0, 5.0, 5.0, 5.0, 5.0, 5.0, 5.0, 5.0, 5.0, 5.0, 4.943991661071777, 4.536395072937012]"
0.17076021432876587,-0.7730815410614014,1.2270560264587402,-1.161226749420166,-2.1229186058044434,10.178535461425781,-0.032555822283029556,0.5617865920066833,0.8266384601593018,0.23102840781211853,0.3393763601779938,"[5.0, 5.0, 5.0, 5.0, 5.0, 5.0, 5.0, 5.0, 5.0, 5.0, 5.0, 5.0, 5.0, 5.0, 5.0, 5.0, 5.0, 5.0, 5.0, 5.0, 5.0, 5.0, 5.0, 5.0, 5.0, 5.0, 5.0, 5.0, 5.0, 5.0, 5.0, 5.0, 5.0, 5.0, 5.0, 5.0, 5.0, 5.0, 5.0, 5.0, 5.0, 5.0, 5.0, 5.0, 5.0, 5.0, 5.0, 5.0, 5.0, 5.0, 5.0, 5.0, 4.607710361480713, 4.256720066070557, 3.95894718170166, 3.7034308910369873, 3.481981039047241, 3.288452386856079, 3.1180570125579834, 2.9670732021331787]"
0.10448825359344482,-0.5881831645965576,1.379900574684143,2.208388328552246,-4.693792343139648,10.364097595214844,0.1363096535205841,0.6222339272499084,0.7708693146705627,0.25129738450050354,0.30411410331726074,"[5.0, 5.0, 5.0, 5.0, 5.0, 5.0, 5.0, 5.0, 5.0, 5.0, 5.0, 5.0, 5.0, 5.0, 5.0, 5.0, 5.0, 5.0, 5.0, 5.0, 5.0, 5.0, 5.0, 5.0, 5.0, 5.0, 5.0, 5.0, 5.0, 5.0, 5.0, 5.0, 5.0, 5.0, 5.0, 5.0, 5.0, 5.0, 5.0, 5.0, 5.0, 5.0, 5.0, 5.0, 5.0, 4.687646389007568, 4.3275651931762695, 4.022464752197266, 3.7609167098999023, 3.5344560146331787, 3.3366918563842773, 3.162692070007324, 3.0086021423339844, 2.871375799179077, 2.7485415935516357, 2.638113498687744, 2.5384387969970703, 2.4481682777404785, 2.366175889968872, 2.2914862632751465]"
0.22257792949676514,-0.29475006461143494,1.4125137329101562,5.616457939147949,-7.659168243408203,9.53377914428711,0.3429625928401947,0.684210479259491,0.6436048746109009,0.28407156467437744,0.2388826161623001,"[5.0, 5.0, 5.0, 5.0, 5.0, 5.0, 5.0, 5.0, 5.0, 5.0, 5.0, 3.9033188819885254, 3.8453965187072754, 3.792269468307495, 3.743633985519409, 3.699268102645874, 3.6589274406433105, 3.62241792678833, 3.5895802974700928, 3.560248374938965, 3.534290075302124, 3.511601448059082, 3.4920690059661865, 3.475618839263916, 3.462165117263794, 3.4516749382019043, 3.44407320022583, 3.4393515586853027, 3.437485933303833, 3.438476800918579, 3.442307233810425, 3.4490013122558594, 3.458592653274536, 3.4711124897003174, 3.4866321086883545, 3.5051934719085693, 3.526893138885498, 3.5518264770507812, 3.580090045928955, 3.6118245124816895, 3.647172689437866, 3.6862964630126953, 3.729390859603882, 3.65576434135437, 3.4485836029052734, 3.2666072845458984, 3.105722427368164, 2.9626309871673584, 2.8347134590148926, 2.719831705093384, 2.6162667274475098, 2.52256441116333, 2.437527656555176, 2.3601443767547607, 2.289562702178955, 2.2250590324401855, 2.166006326675415, 2.1118838787078857, 2.0622200965881348, 2.016620397567749]"
0.5100711584091187,0.046052053570747375,1.2900238037109375,7.949860572814941,-10.2574462890625,7.870576858520508,0.5435358285903931,0.7251144647598267,0.42281416058540344,0.3076816499233246,0.14355580508708954,"[5.0, 5.0, 5.0, 5.0, 4.086561679840088, 4.012881755828857, 3.94514536857605, 3.882927656173706, 3.825871229171753, 3.773665428161621, 3.7259979248046875, 3.682640552520752, 5.0, 5.0, 5.0, 5.0, 5.0, 5.0, 5.0, 5.0, 5.0, 5.0, 5.0, 5.0, 5.0, 5.0, 5.0, 5.0, 5.0, 5.0, 5.0, 5.0, 5.0, 5.0, 5.0, 5.0, 4.948181629180908, 4.577869415283203, 4.263384819030762, 3.9932827949523926, 3.7590348720550537, 3.5542192459106445, 3.37382435798645, 3.2139480113983154, 3.0714704990386963, 2.9438908100128174, 2.8291704654693604, 2.7256124019622803, 2.631842613220215, 2.546687126159668, 2.4691755771636963, 2.3984692096710205, 2.333855152130127, 2.274731397628784, 2.220566511154175, 2.170917272567749, 2.125380754470825, 2.083625555038452, 2.0453362464904785, 2.0102617740631104]"
0.8705490231513977,0.33060047030448914,1.055179238319397,9.459429740905762,-10.561853408813477,7.987204551696777,0.7006400227546692,0.7038849592208862,0.11680237948894501,0.2986971437931061,0.035129107534885406,"[4.111781597137451, 4.041868209838867, 3.977753162384033, 5.0, 5.0, 5.0, 5.0, 5.0, 5.0, 5.0, 5.0, 5.0, 5.0, 5.0, 5.0, 5.0, 5.0, 5.0, 5.0, 5.0, 5.0, 5.0, 5.0, 5.0, 5.0, 5.0, 5.0, 5.0, 5.0, 5.0, 5.0, 5.0, 5.0, 5.0, 5.0, 5.0, 4.941699981689453, 4.6212358474731445, 4.344455718994141, 4.103322982788086, 3.8916335105895996, 3.704585552215576, 3.5383238792419434, 3.3898274898529053, 3.2566020488739014, 3.1366288661956787, 3.0282139778137207, 2.9299798011779785, 2.840729236602783, 2.759486436843872, 2.685415744781494, 2.6177818775177, 2.555966377258301, 2.4994351863861084, 2.4477243423461914, 2.4004385471343994, 2.3572165966033936, 2.317755699157715, 2.281796932220459, 2.2490768432617188]"
1.2017301321029663,0.5124220252037048,0.6128129959106445,11.09542465209961,-10.654227256774902,7.439062595367432,0.7697699666023254,0.5856261253356934,-0.25394582748413086,0.24906128644943237,-0.06539198756217957,"[5.0, 5.0, 5.0, 5.0, 5.0, 5.0, 5.0, 5.0, 5.0, 5.0, 5.0, 5.0, 5.0, 5.0, 5.0, 5.0, 5.0, 5.0, 5.0, 5.0, 5.0, 5.0, 5.0, 5.0, 5.0, 5.0, 5.0, 5.0, 5.0, 5.0, 5.0, 5.0, 5.0, 5.0, 5.0, 5.0, 5.0, 5.0, 5.0, 5.0, 5.0, 4.925092697143555, 4.696865081787109, 4.494060039520264, 4.312990188598633, 4.15064811706543, 4.004581451416016, 3.872774124145508, 3.75351881980896, 3.6453938484191895, 3.547206163406372, 3.4579267501831055, 3.3766725063323975, 3.3027095794677734, 3.235387086868286, 3.174135446548462, 3.1184794902801514, 3.06799578666687, 3.0223066806793213, 2.981107234954834]"
1.421195387840271,0.5373256206512451,0.055213212966918945,12.42343521118164,-9.718697547912598,6.710165023803711,0.7054559588432312,0.33231446146965027,-0.6260109543800354,0.16777530312538147,-0.13468588888645172,"[5.0, 5.0, 5.0, 5.0, 5.0, 5.0, 5.0, 5.0, 5.0, 5.0, 5.0, 5.0, 5.0, 5.0, 5.0, 5.0, 5.0, 5.0, 5.0, 5.0, 5.0, 5.0, 5.0, 5.0, 5.0, 5.0, 5.0, 5.0, 5.0, 5.0, 5.0, 5.0, 5.0, 5.0, 5.0, 5.0, 5.0, 5.0, 5.0, 5.0, 5.0, 5.0, 5.0, 5.0, 5.0, 5.0, 5.0, 5.0, 5.0, 5.0, 5.0, 5.0, 5.0, 5.0, 5.0, 5.0, 5.0, 5.0, 5.0, 5.0]"
1.5015956163406372,0.3974267542362213,-0.4642975926399231,12.710546493530273,-7.205991268157959,5.553946495056152,0.4993986189365387,-0.05458851158618927,-0.8646445274353027,0.09134911745786667,-0.15722277760505676,"[5.0, 5.0, 5.0, 5.0, 5.0, 5.0, 5.0, 5.0, 5.0, 5.0, 5.0, 5.0, 5.0, 5.0, 5.0, 5.0, 5.0, 5.0, 5.0, 5.0, 5.0, 5.0, 5.0, 5.0, 5.0, 5.0, 5.0, 5.0, 5.0, 5.0, 5.0, 5.0, 5.0, 5.0, 5.0, 5.0, 5.0, 5.0, 5.0, 5.0, 5.0, 5.0, 5.0, 5.0, 5.0, 5.0, 5.0, 5.0, 5.0, 5.0, 5.0, 5.0, 5.0, 5.0, 5.0, 5.0, 5.0, 5.0, 5.0, 5.0]"
1.4745334386825562,0.12251091003417969,-0.8793789148330688,12.93008041381836,-5.028006076812744,4.104284763336182,0.19577521085739136,-0.48789024353027344,-0.8506603240966797,0.08534331619739532,-0.13809701800346375,"[5.0, 5.0, 5.0, 5.0, 5.0, 5.0, 5.0, 5.0, 5.0, 5.0, 5.0, 5.0, 5.0, 5.0, 5.0, 5.0, 5.0, 5.0, 5.0, 5.0, 5.0, 5.0, 5.0, 5.0, 5.0, 5.0, 5.0, 5.0, 5.0, 5.0, 5.0, 5.0, 5.0, 5.0, 5.0, 5.0, 5.0, 5.0, 5.0, 5.0, 5.0, 5.0, 5.0, 5.0, 5.0, 5.0, 5.0, 5.0, 5.0, 5.0, 5.0, 5.0, 5.0, 5.0, 5.0, 5.0, 5.0, 5.0, 5.0, 5.0]"
1.378832221031189,-0.2398054301738739,-1.1466220617294312,12.493971824645996,-3.9988510608673096,2.8268215656280518,-0.12402072548866272,-0.8053256273269653,-0.5797041654586792,0.128080353140831,-0.09112292528152466,"[5.0, 5.0, 5.0, 5.0, 5.0, 5.0, 5.0, 5.0, 5.0, 5.0, 5.0, 5.0, 5.0, 5.0, 5.0, 5.0, 5.0, 5.0, 5.0, 5.0, 5.0, 5.0, 5.0, 5.0, 5.0, 5.0, 5.0, 5.0, 5.0, 5.0, 5.0, 5.0, 5.0, 5.0, 5.0, 5.0, 5.0, 5.0, 5.0, 5.0, 5.0, 5.0, 5.0, 5.0, 5.0, 5.0, 5.0, 5.0, 5.0, 5.0, 5.0, 5.0, 5.0, 5.0, 5.0, 5.0, 5.0, 5.0, 5.0, 5.0]"
1.2127323150634766,-0.6264837980270386,-1.2770401239395142,10.492341995239258,-4.811432361602783,2.366039752960205,-0.3973339796066284,-0.8960025310516357,-0.19822421669960022,0.15922611951828003,-0.03220166265964508,"[5.0, 5.0, 5.0, 5.0, 5.0, 5.0, 5.0, 5.0, 5.0, 5.0, 5.0, 5.0, 5.0, 5.0, 5.0, 5.0, 5.0, 5.0, 5.0, 5.0, 5.0, 5.0, 5.0, 5.0, 5.0, 5.0, 5.0, 5.0, 5.0, 5.0, 5.0, 5.0, 5.0, 5.0, 5.0, 5.0, 5.0, 5.0, 5.0, 5.0, 5.0, 5.0, 5.0, 5.0, 5.0, 5.0, 5.0, 5.0, 5.0, 5.0, 5.0, 5.0, 5.0, 5.0, 5.0, 5.0, 5.0, 5.0, 5.0, 5.0]"
0.9462845325469971,-0.9820761680603027,-1.363870620727539,7.501090049743652,-6.9910783767700195,2.4274513721466064,-0.5884689092636108,-0.7912865281105042,0.16600745916366577,0.17147861421108246,0.0288674458861351,"[5.0, 5.0, 5.0, 5.0, 5.0, 5.0, 5.0, 5.0, 5.0, 5.0, 5.0, 5.0, 5.0, 5.0, 5.0, 5.0, 5.0, 5.0, 5.0, 5.0, 5.0, 5.0, 5.0, 5.0, 5.0, 5.0, 5.0, 5.0, 5.0, 5.0, 5.0, 5.0, 5.0, 5.0, 5.0, 5.0, 5.0, 5.0, 5.0, 5.0, 5.0, 5.0, 5.0, 5.0, 5.0, 5.0, 5.0, 5.0, 5.0, 5.0, 5.0, 5.0, 5.0, 5.0, 5.0, 5.0, 5.0, 5.0, 5.0, 5.0]"
0.5936743021011353,-1.2426248788833618,-1.3013616800308228,3.168661117553711,-8.478875160217285,3.101377248764038,-0.6773635149002075,-0.5835281014442444,0.4479542672634125,0.16801080107688904,0.08417998254299164,"[5.0, 5.0, 5.0, 5.0, 5.0, 5.0, 5.0, 5.0, 5.0, 5.0, 5.0, 5.0, 5.0, 5.0, 5.0, 5.0, 5.0, 5.0, 5.0, 5.0, 5.0, 5.0, 5.0, 5.0, 5.0, 5.0, 5.0, 5.0, 5.0, 5.0, 5.0, 5.0, 5.0, 5.0, 5.0, 5.0, 5.0, 5.0, 5.0, 5.0, 5.0, 5.0, 5.0, 5.0, 5.0, 5.0, 5.0, 5.0, 5.0, 5.0, 5.0, 5.0, 5.0, 5.0, 5.0, 5.0, 5.0, 5.0, 5.0, 5.0]"
0.22959846258163452,-1.3799281120300293,-0.9996482133865356,-1.4659302234649658,-7.902867794036865,3.9742588996887207,-0.6843048930168152,-0.36724358797073364,0.6299595236778259,0.1551145315170288,0.12582173943519592,"[5.0, 5.0, 5.0, 5.0, 5.0, 5.0, 5.0, 5.0, 5.0, 5.0, 5.0, 5.0, 5.0, 5.0, 5.0, 5.0, 5.0, 5.0, 5.0, 5.0, 5.0, 5.0, 5.0, 5.0, 5.0, 5.0, 5.0, 5.0, 5.0, 5.0, 5.0, 5.0, 5.0, 5.0, 5.0, 5.0, 5.0, 5.0, 5.0, 5.0, 5.0, 5.0, 5.0, 5.0, 5.0, 5.0, 5.0, 5.0, 5.0, 5.0, 5.0, 5.0, 5.0, 5.0, 5.0, 5.0, 5.0, 5.0, 5.0, 5.0]"
-0.1126103401184082,-1.4356184005737305,-0.5883139967918396,-5.585616111755371,-5.823972225189209,5.3296003341674805,-0.6542571187019348,-0.18203088641166687,0.7340317368507385,0.13955926895141602,0.15084631741046906,"[5.0, 5.0, 5.0, 5.0, 5.0, 5.0, 5.0, 5.0, 5.0, 5.0, 5.0, 5.0, 5.0, 5.0, 5.0, 5.0, 5.0, 5.0, 5.0, 5.0, 5.0, 5.0, 5.0, 5.0, 5.0, 5.0, 5.0, 5.0, 5.0, 5.0, 5.0, 5.0, 5.0, 5.0, 5.0, 5.0, 5.0, 5.0, 5.0, 5.0, 5.0, 5.0, 5.0, 5.0, 5.0, 5.0, 5.0, 5.0, 5.0, 5.0, 5.0, 5.0, 5.0, 5.0, 5.0, 5.0, 5.0, 5.0, 5.0, 5.0]"
-0.4608878791332245,-1.4563894271850586,-0.16874226927757263,-7.969028949737549,-3.0154247283935547,7.10468053817749,-0.6102327704429626,-0.017259756103157997,0.7920278906822205,0.12464707344770432,0.16171614825725555,"[5.0, 5.0, 5.0, 5.0, 5.0, 5.0, 5.0, 5.0, 5.0, 5.0, 5.0, 5.0, 5.0, 5.0, 5.0, 5.0, 5.0, 5.0, 5.0, 5.0, 5.0, 5.0, 5.0, 5.0, 5.0, 5.0, 5.0, 5.0, 5.0, 5.0, 5.0, 5.0, 5.0, 5.0, 5.0, 5.0, 5.0, 5.0, 5.0, 5.0, 5.0, 5.0, 5.0, 5.0, 5.0, 5.0, 5.0, 5.0, 5.0, 5.0, 5.0, 5.0, 5.0, 5.0, 5.0, 5.0, 5.0, 5.0, 5.0, 5.0]"
-0.867455244064331,-1.4277809858322144,0.2144823521375656,-9.201753616333008,0.14277297258377075,9.511738777160645,-0.5455333590507507,0.15308527648448944,0.8239830136299133,0.11129014939069748,0.16184312105178833,"[4.007087230682373, 4.080941200256348, 5.0, 5.0, 5.0, 5.0, 5.0, 5.0, 5.0, 5.0, 5.0, 5.0, 5.0, 5.0, 5.0, 5.0, 5.0, 5.0, 5.0, 5.0, 5.0, 5.0, 5.0, 5.0, 5.0, 5.0, 5.0, 5.0, 5.0, 5.0, 5.0, 5.0, 5.0, 5.0, 5.0, 5.0, 5.0, 5.0, 5.0, 5.0, 5.0, 5.0, 5.0, 5.0, 5.0, 5.0, 5.0, 5.0, 5.0, 5.0, 5.0, 5.0, 5.0, 5.0, 5.0, 5.0, 5.0, 5.0, 5.0, 5.0]"
-1.3563965559005737,-1.2708778381347656,0.5062432885169983,-9.756691932678223,2.918894052505493,12.335044860839844,-0.4173494577407837,0.33382129669189453,0.8452053070068359,0.09890810400247574,0.15642346441745758,"[5.0, 5.0, 5.0, 5.0, 5.0, 5.0, 5.0, 5.0, 5.0, 5.0, 5.0, 5.0, 5.0, 5.0, 5.0, 5.0, 5.0, 5.0, 5.0, 5.0, 5.0, 5.0, 5.0, 5.0, 5.0, 5.0, 5.0, 5.0, 5.0, 5.0, 5.0, 5.0, 5.0, 5.0, 5.0, 5.0, 5.0, 5.0, 5.0, 5.0, 5.0, 5.0, 5.0, 5.0, 5.0, 5.0, 5.0, 5.0, 5.0, 5.0, 5.0, 5.0, 5.0, 5.0, 5.0, 5.0, 5.0, 5.0, 5.0, 5.0]"
-1.856864094734192,-0.876050591468811,0.7215585708618164,-8.454093933105469,4.100777626037598,15.165299415588379,-0.1646198034286499,0.4809161126613617,0.8611670136451721,0.08896619826555252,0.15072420239448547,"[5.0, 5.0, 5.0, 5.0, 5.0, 5.0, 5.0, 5.0, 5.0, 5.0, 5.0, 5.0, 5.0, 5.0, 5.0, 5.0, 5.0, 5.0, 5.0, 5.0, 5.0, 5.0, 5.0, 5.0, 5.0, 5.0, 5.0, 5.0, 5.0, 5.0, 5.0, 5.0, 5.0, 5.0, 5.0, 5.0, 5.0, 5.0, 5.0, 5.0, 5.0, 5.0, 5.0, 5.0, 5.0, 5.0, 5.0, 5.0, 5.0, 5.0, 5.0, 5.0, 5.0, 5.0, 5.0, 5.0, 5.0, 5.0, 5.0, 5.0]"
-2.1941306591033936,-0.19168627262115479,0.9305564761161804,-6.693833827972412,3.7785701751708984,17.625619888305664,0.21212482452392578,0.48033055663108826,0.8510428667068481,0.08939271420240402,0.1448851376771927,"[5.0, 5.0, 5.0, 5.0, 5.0, 5.0, 5.0, 5.0, 5.0, 5.0, 5.0, 5.0, 5.0, 5.0, 5.0, 5.0, 5.0, 5.0, 5.0, 5.0, 5.0, 5.0, 5.0, 5.0, 5.0, 5.0, 5.0, 5.0, 5.0, 5.0, 5.0, 5.0, 5.0, 5.0, 5.0, 5.0, 5.0, 5.0, 5.0, 5.0, 5.0, 5.0, 5.0, 5.0, 5.0, 5.0, 5.0, 5.0, 5.0, 5.0, 5.0, 5.0, 5.0, 5.0, 5.0, 5.0, 5.0, 5.0, 5.0, 5.0]"
-2.179903507232666,0.6905489563941956,1.1556951999664307,-3.451355457305908,2.8772544860839844,18.59935188293457,0.5851865410804749,0.2529301941394806,0.7704359292984009,0.10982805490493774,0.13272841274738312,"[5.0, 5.0, 5.0, 5.0, 5.0, 5.0, 5.0, 5.0, 5.0, 5.0, 5.0, 5.0, 5.0, 5.0, 5.0, 5.0, 5.0, 5.0, 5.0, 5.0, 5.0, 5.0, 5.0, 5.0, 5.0, 5.0, 5.0, 5.0, 5.0, 5.0, 5.0, 5.0, 5.0, 5.0, 5.0, 5.0, 5.0, 5.0, 5.0, 5.0, 5.0, 5.0, 5.0, 5.0, 5.0, 4.8129987716674805, 4.418211936950684, 4.087656497955322, 3.807140350341797, 3.5663740634918213, 3.3577044010162354, 3.1753523349761963, 3.014836072921753, 2.8726491928100586, 2.7459988594055176, 2.632662057876587, 2.530794382095337, 2.4388906955718994, 2.355719804763794, 2.280247449874878]"
-1.736815094947815,1.5638295412063599,1.241670846939087,3.364675760269165,-2.692978858947754,15.510581970214844,0.8080637454986572,-0.11579757183790207,0.5775922536849976,0.14772364497184753,0.1045229583978653,"[5.0, 5.0, 5.0, 5.0, 5.0, 5.0, 5.0, 5.0, 5.0, 5.0, 5.0, 5.0, 5.0, 5.0, 5.0, 5.0, 5.0, 5.0, 5.0, 5.0, 5.0, 5.0, 5.0, 5.0, 5.0, 5.0, 5.0, 5.0, 5.0, 5.0, 5.0, 5.0, 5.0, 5.0, 5.0, 4.654072284698486, 4.2907490730285645, 3.9843366146087646, 3.7227330207824707, 3.4970474243164062, 3.3005943298339844, 3.128255605697632, 2.976060628890991, 2.8408615589141846, 2.7201364040374756, 2.6118621826171875, 2.5143749713897705, 2.426285982131958, 2.3464531898498535, 2.273923635482788, 2.2078845500946045, 2.147651195526123, 2.0926108360290527, 2.0422909259796143, 1.9962211847305298, 1.954047679901123, 1.9154369831085205, 1.8800857067108154, 1.8477667570114136, 1.8182330131530762]"
-1.0576940774917603,2.2628302574157715,0.9482768774032593,9.822641372680664,-7.001708030700684,11.049159049987793,0.7991648316383362,-0.47947466373443604,0.3625323176383972,0.18879924714565277,0.07344242185354233,"[5.0, 5.0, 5.0, 5.0, 5.0, 5.0, 5.0, 5.0, 5.0, 5.0, 5.0, 5.0, 5.0, 5.0, 5.0, 5.0, 5.0, 5.0, 5.0, 5.0, 5.0, 5.0, 5.0, 5.0, 5.0, 5.0, 5.0, 5.0, 5.0, 5.0, 4.985706806182861, 4.622146129608154, 4.313041687011719, 4.047314643859863, 3.816736936569214, 3.615036725997925, 3.437375068664551, 3.279921531677246, 3.1396408081054688, 3.0140819549560547, 2.901258945465088, 2.799520969390869, 2.7074930667877197, 2.624051094055176, 2.5482218265533447, 2.47918438911438, 2.4162511825561523, 2.3588249683380127, 2.3064067363739014, 2.258521795272827, 2.214817762374878, 2.174943447113037, 2.138599395751953, 2.1055431365966797, 2.0755505561828613, 2.0484142303466797, 2.023991107940674, 2.0020995140075684, 1.9826236963272095, 1.9654526710510254]"
-0.45888450741767883,2.69052791595459,0.20473909378051758,14.706088066101074,-8.817190170288086,7.118332862854004,0.6305526494979858,-0.7179707288742065,0.29481041431427,0.23334869742393494,0.0719936341047287,"[5.0, 5.0, 5.0, 5.0, 5.0, 5.0, 5.0, 5.0, 5.0, 5.0, 5.0, 5.0, 5.0, 5.0, 5.0, 5.0, 5.0, 5.0, 5.0, 5.0, 5.0, 5.0, 5.0, 5.0, 5.0, 5.0, 5.0, 5.0, 5.0, 5.0, 5.0, 5.0, 5.0, 5.0, 5.0, 4.8574395179748535, 4.651464462280273, 4.467920780181885, 4.303689002990723, 4.15625524520874, 4.0235209465026855, 3.9037532806396484, 3.7954659461975098, 3.697455406188965, 3.6086559295654297, 3.528182029724121, 3.4552745819091797, 3.3892781734466553, 3.3296070098876953, 3.2758078575134277, 3.2274293899536133, 3.1841039657592773, 3.1455421447753906, 3.1114490032196045, 3.081589937210083, 3.0557901859283447, 3.033848762512207, 3.015651226043701, 3.001082181930542, 2.9900283813476562]"
-0.20773088932037354,2.68625545501709,-0.9391956925392151,18.77342414855957,-9.742189407348633,3.597968578338623,0.47763121128082275,-0.7761089205741882,0.4117240607738495,0.27744701504707336,0.1253495067358017,"[5.0, 5.0, 5.0, 5.0, 5.0, 5.0, 5.0, 5.0, 5.0, 5.0, 5.0, 5.0, 5.0, 5.0, 5.0, 5.0, 5.0, 5.0, 5.0, 5.0, 5.0, 5.0, 5.0, 5.0, 5.0, 5.0, 5.0, 5.0, 5.0, 5.0, 5.0, 5.0, 5.0, 5.0, 5.0, 5.0, 5.0, 5.0, 5.0, 5.0, 5.0, 5.0, 5.0, 5.0, 5.0, 5.0, 5.0, 5.0, 5.0, 5.0, 5.0, 5.0, 5.0, 5.0, 5.0, 5.0, 5.0, 5.0, 5.0, 5.0]"
-0.25589194893836975,2.2815909385681152,-1.6962027549743652,17.676979064941406,-8.028964042663574,1.8011236190795898,0.41536375880241394,-0.6984356641769409,0.5827993750572205,0.3015260398387909,0.21625208854675293,"[5.0, 5.0, 5.0, 5.0, 5.0, 5.0, 5.0, 5.0, 5.0, 5.0, 5.0, 5.0, 5.0, 5.0, 5.0, 5.0, 5.0, 5.0, 5.0, 5.0, 5.0, 5.0, 5.0, 5.0, 5.0, 5.0, 5.0, 5.0, 5.0, 5.0, 5.0, 5.0, 5.0, 5.0, 5.0, 5.0, 5.0, 5.0, 5.0, 5.0, 5.0, 5.0, 5.0, 5.0, 5.0, 5.0, 5.0, 5.0, 5.0, 5.0, 5.0, 5.0, 5.0, 5.0, 5.0, 5.0, 5.0, 5.0, 5.0, 5.0]"
-0.4283711314201355,1.730059027671814,-1.8904433250427246,14.982699394226074,-6.624423980712891,1.0079100131988525,0.41822898387908936,-0.5658597946166992,0.7105509042739868,0.30394065380096436,0.3069247603416443,"[5.0, 5.0, 5.0, 5.0, 5.0, 5.0, 5.0, 5.0, 5.0, 5.0, 5.0, 5.0, 5.0, 5.0, 5.0, 5.0, 5.0, 5.0, 5.0, 5.0, 5.0, 5.0, 5.0, 5.0, 5.0, 5.0, 5.0, 5.0, 5.0, 5.0, 5.0, 5.0, 5.0, 5.0, 5.0, 5.0, 5.0, 5.0, 5.0, 5.0, 5.0, 5.0, 5.0, 5.0, 5.0, 5.0, 5.0, 5.0, 5.0, 5.0, 5.0, 5.0, 5.0, 5.0, 5.0, 5.0, 5.0, 5.0, 5.0, 5.0]"
-0.5948461294174194,1.2389549016952515,-1.6190202236175537,12.008848190307617,-5.071563720703125,0.6778368949890137,0.4502677321434021,-0.4324694275856018,0.7811689376831055,0.3003661334514618,0.3758298456668854,"[4.296260833740234, 4.574228286743164, 4.89752721786499, 5.0, 5.0, 5.0, 5.0, 5.0, 5.0, 5.0, 5.0, 5.0, 5.0, 5.0, 5.0, 5.0, 5.0, 5.0, 5.0, 5.0, 5.0, 5.0, 5.0, 5.0, 5.0, 5.0, 5.0, 5.0, 5.0, 5.0, 5.0, 5.0, 5.0, 5.0, 5.0, 5.0, 5.0, 5.0, 5.0, 5.0, 5.0, 5.0, 5.0, 5.0, 5.0, 5.0, 5.0, 5.0, 5.0, 5.0, 5.0, 5.0, 5.0, 5.0, 5.0, 5.0, 5.0, 5.0, 5.0, 5.0]"
-0.6905212998390198,0.9120421409606934,-1.0445784330368042,8.06966495513916,-3.0628514289855957,0.9308614730834961,0.48291850090026855,-0.33730557560920715,0.8080908060073853,0.3041006326675415,0.41717854142189026,"[3.418241024017334, 3.6275320053100586, 3.8689773082733154, 4.150189399719238, 4.481412410736084, 4.876760959625244, 5.0, 5.0, 5.0, 5.0, 5.0, 5.0, 5.0, 5.0, 5.0, 5.0, 5.0, 5.0, 5.0, 5.0, 5.0, 5.0, 5.0, 5.0, 5.0, 5.0, 5.0, 5.0, 5.0, 5.0, 5.0, 5.0, 5.0, 5.0, 5.0, 5.0, 5.0, 5.0, 5.0, 5.0, 5.0, 5.0, 5.0, 5.0, 5.0, 5.0, 5.0, 5.0, 5.0, 5.0, 5.0, 5.0, 5.0, 5.0, 5.0, 5.0, 5.0, 5.0, 5.0, 5.0]"
-0.7254829406738281,0.731548547744751,-0.3319849967956543,3.800316095352173,-0.7837858200073242,1.4810354709625244,0.49965906143188477,-0.3017060458660126,0.811979353427887,0.31383001804351807,0.4365786612033844,"[3.2081611156463623, 3.4064629077911377, 3.635293960571289, 3.9018990993499756, 4.216062545776367, 4.591250896453857, 5.0, 5.0, 5.0, 5.0, 5.0, 5.0, 5.0, 5.0, 5.0, 5.0, 5.0, 5.0, 5.0, 5.0, 5.0, 5.0, 5.0, 5.0, 5.0, 5.0, 5.0, 5.0, 5.0, 5.0, 5.0, 5.0, 5.0, 5.0, 5.0, 5.0, 5.0, 5.0, 5.0, 5.0, 5.0, 5.0, 5.0, 5.0, 5.0, 5.0, 5.0, 5.0, 5.0, 5.0, 5.0, 5.0, 5.0, 5.0, 5.0, 5.0, 5.0, 5.0, 5.0, 5.0]"
-0.7553813457489014,0.6046489477157593,0.38643091917037964,0.6228454113006592,1.2466917037963867,1.999786138534546,0.49724143743515015,-0.31937864422798157,0.8066874146461487,0.32317161560058594,0.4411326050758362,"[3.328899383544922, 3.5477468967437744, 3.802031993865967, 4.100703716278076, 4.456033706665039, 4.8852691650390625, 5.0, 5.0, 5.0, 5.0, 5.0, 5.0, 5.0, 5.0, 5.0, 5.0, 5.0, 5.0, 5.0, 5.0, 5.0, 5.0, 5.0, 5.0, 5.0, 5.0, 5.0, 5.0, 5.0, 5.0, 5.0, 5.0, 5.0, 5.0, 5.0, 5.0, 5.0, 5.0, 5.0, 5.0, 5.0, 5.0, 5.0, 5.0, 5.0, 5.0, 5.0, 5.0, 5.0, 5.0, 5.0, 5.0, 5.0, 5.0, 5.0, 5.0, 5.0, 5.0, 5.0, 5.0]"
-0.8382738828659058,0.4673091769218445,1.0375115871429443,-0.7802593111991882,3.144928455352783,1.8178255558013916,0.4792782664299011,-0.36246252059936523,0.7993181347846985,0.327926367521286,0.43620458245277405,"[3.565202474594116, 3.8136515617370605, 4.104465007781982, 4.449016094207764, 4.8631720542907715, 5.0, 5.0, 5.0, 5.0, 5.0, 5.0, 5.0, 5.0, 5.0, 5.0, 5.0, 5.0, 5.0, 5.0, 5.0, 5.0, 5.0, 5.0, 5.0, 5.0, 5.0, 5.0, 5.0, 5.0, 5.0, 5.0, 5.0, 5.0, 5.0, 5.0, 5.0, 5.0, 5.0, 5.0, 5.0, 5.0, 5.0, 5.0, 5.0, 5.0, 5.0, 5.0, 5.0, 5.0, 5.0, 5.0, 5.0, 5.0, 5.0, 5.0, 5.0, 5.0, 5.0, 5.0, 5.0]"
-1.0059640407562256,0.3006250858306885,1.5215048789978027,-1.4952419996261597,4.735748767852783,1.193361520767212,0.45355328917503357,-0.41176772117614746,0.7904005646705627,0.32890206575393677,0.4243711233139038,"[3.7463173866271973, 4.0076904296875, 4.313786506652832, 4.676678657531738, 5.0, 5.0, 5.0, 5.0, 5.0, 5.0, 5.0, 5.0, 5.0, 5.0, 5.0, 5.0, 5.0, 5.0, 5.0, 5.0, 5.0, 5.0, 5.0, 5.0, 5.0, 5.0, 5.0, 5.0, 5.0, 5.0, 5.0, 5.0, 5.0, 5.0, 5.0, 5.0, 5.0, 5.0, 5.0, 5.0, 5.0, 5.0, 5.0, 5.0, 5.0, 5.0, 5.0, 5.0, 5.0, 5.0, 5.0, 5.0, 5.0, 5.0, 5.0, 5.0, 5.0, 5.0, 5.0, 5.0]"
-1.24648916721344,0.0939105749130249,1.804288387298584,-2.481369733810425,5.769227027893066,0.9606678485870361,0.4278590977191925,-0.4673161506652832,0.7736590504646301,0.33137276768684387,0.40462422370910645,"[3.8883252143859863, 4.146245956420898, 4.4466047286987305, 4.800313949584961, 5.0, 5.0, 5.0, 5.0, 5.0, 5.0, 5.0, 5.0, 5.0, 5.0, 5.0, 5.0, 5.0, 5.0, 5.0, 5.0, 5.0, 5.0, 5.0, 5.0, 5.0, 5.0, 5.0, 5.0, 5.0, 5.0, 5.0, 5.0, 5.0, 5.0, 5.0, 5.0, 5.0, 5.0, 5.0, 5.0, 5.0, 5.0, 5.0, 5.0, 5.0, 5.0, 5.0, 5.0, 5.0, 5.0, 5.0, 5.0, 5.0, 5.0, 5.0, 5.0, 5.0, 5.0, 5.0, 5.0]"
-1.5332717895507812,-0.1471019983291626,1.8825150728225708,-3.4871888160705566,6.674483299255371,1.009270191192627,0.40580883622169495,-0.529058575630188,0.7452598214149475,0.33787569403648376,0.37764859199523926,"[4.04008150100708, 4.28339147567749, 4.5639328956604, 4.890456676483154, 5.0, 5.0, 5.0, 5.0, 5.0, 5.0, 5.0, 5.0, 5.0, 5.0, 5.0, 5.0, 5.0, 5.0, 5.0, 5.0, 5.0, 5.0, 5.0, 5.0, 5.0, 5.0, 5.0, 5.0, 5.0, 5.0, 5.0, 5.0, 5.0, 5.0, 5.0, 5.0, 5.0, 5.0, 5.0, 5.0, 5.0, 5.0, 5.0, 5.0, 5.0, 5.0, 5.0, 5.0, 5.0, 5.0, 5.0, 5.0, 5.0, 5.0, 5.0, 5.0, 5.0, 5.0, 5.0, 5.0]"
-1.8413121700286865,-0.39767277240753174,1.7561811208724976,-4.434716701507568,7.697375297546387,1.3081064224243164,0.3862524628639221,-0.5933033227920532,0.7062549591064453,0.3473861515522003,0.34655213356018066,"[4.202393054962158, 4.417056560516357, 4.661087512969971, 4.940454483032227, 5.0, 5.0, 5.0, 5.0, 5.0, 5.0, 5.0, 5.0, 5.0, 5.0, 5.0, 5.0, 5.0, 5.0, 5.0, 5.0, 5.0, 5.0, 5.0, 5.0, 5.0, 5.0, 5.0, 5.0, 5.0, 5.0, 5.0, 5.0, 5.0, 5.0, 5.0, 5.0, 5.0, 5.0, 5.0, 5.0, 5.0, 5.0, 5.0, 5.0, 5.0, 5.0, 5.0, 5.0, 5.0, 5.0, 5.0, 5.0, 5.0, 5.0, 5.0, 5.0, 5.0, 5.0, 5.0, 5.0]"
-2.1313021183013916,-0.6186391711235046,1.4344029426574707,-5.240034580230713,8.470725059509277,1.718306064605713,0.3709888458251953,-0.654335618019104,0.6589445471763611,0.3588775098323822,0.314389705657959,"[4.344172477722168, 4.511861801147461, 4.69935417175293, 4.909841537475586, 5.0, 5.0, 5.0, 5.0, 5.0, 5.0, 5.0, 5.0, 5.0, 5.0, 5.0, 5.0, 5.0, 5.0, 5.0, 5.0, 5.0, 5.0, 5.0, 5.0, 5.0, 5.0, 5.0, 5.0, 5.0, 5.0, 5.0, 5.0, 5.0, 5.0, 5.0, 5.0, 5.0, 5.0, 5.0, 5.0, 5.0, 5.0, 5.0, 5.0, 5.0, 5.0, 5.0, 5.0, 5.0, 5.0, 5.0, 5.0, 5.0, 5.0, 5.0, 5.0, 5.0, 5.0, 5.0, 5.0]"
-2.354173421859741,-0.7722265720367432,0.9784353375434875,-5.966408729553223,8.593880653381348,2.1441283226013184,0.3639524579048157,-0.7079664468765259,0.6052419543266296,0.3720525801181793,0.28287795186042786,"[4.470850944519043, 4.577608108520508, 4.695910453796387, 4.827038288116455, 4.972534656524658, 5.0, 5.0, 5.0, 5.0, 5.0, 5.0, 5.0, 5.0, 5.0, 5.0, 5.0, 5.0, 5.0, 5.0, 5.0, 5.0, 5.0, 5.0, 5.0, 5.0, 5.0, 5.0, 5.0, 5.0, 5.0, 5.0, 5.0, 5.0, 5.0, 5.0, 5.0, 5.0, 5.0, 5.0, 5.0, 5.0, 5.0, 5.0, 5.0, 5.0, 5.0, 5.0, 5.0, 5.0, 5.0, 5.0, 5.0, 5.0, 5.0, 5.0, 5.0, 5.0, 5.0, 5.0, 5.0]"
-2.4808144569396973,-0.835528552532196,0.4938220977783203,-6.543485641479492,8.027403831481934,2.4913177490234375,0.3682231605052948,-0.7519717812538147,0.5467593669891357,0.3868996202945709,0.2526504397392273,"[4.624019622802734, 4.663239002227783, 4.709395885467529, 4.76285457611084, 4.82404899597168, 4.893473148345947, 4.971704959869385, 5.0, 5.0, 5.0, 5.0, 5.0, 5.0, 5.0, 5.0, 5.0, 5.0, 5.0, 5.0, 5.0, 5.0, 5.0, 5.0, 5.0, 5.0, 5.0, 5.0, 5.0, 5.0, 5.0, 5.0, 5.0, 5.0, 5.0, 5.0, 5.0, 5.0, 5.0, 5.0, 5.0, 5.0, 5.0, 5.0, 5.0, 5.0, 5.0, 5.0, 5.0, 5.0, 5.0, 5.0, 5.0, 5.0, 5.0, 5.0, 5.0, 5.0, 5.0, 5.0, 5.0]"
-2.513240098953247,-0.8112474083900452,0.0752711296081543,-6.697585582733154,6.857853889465332,2.593012809753418,0.38554251194000244,-0.7838985919952393,0.4866780936717987,0.40314170718193054,0.2245936095714569,"[4.831367492675781, 4.800434589385986, 4.776211738586426, 4.758534908294678, 4.747265338897705, 4.7423272132873535, 4.74368953704834, 4.7513580322265625, 4.76537561416626, 4.7858734130859375, 4.8129658699035645, 4.846865653991699, 4.887842178344727, 4.936193466186523, 4.992303848266602, 5.0, 5.0, 5.0, 5.0, 5.0, 5.0, 5.0, 5.0, 5.0, 5.0, 5.0, 5.0, 5.0, 5.0, 5.0, 5.0, 5.0, 5.0, 5.0, 5.0, 5.0, 5.0, 5.0, 5.0, 5.0, 5.0, 5.0, 5.0, 5.0, 5.0, 5.0, 5.0, 5.0, 5.0, 5.0, 5.0, 5.0, 5.0, 5.0, 5.0, 5.0, 5.0, 5.0, 5.0, 5.0]"
-2.4719889163970947,-0.7366153001785278,-0.22715461254119873,-5.889681816101074,5.440464973449707,2.198915958404541,0.41674062609672546,-0.7980944514274597,0.43516457080841064,0.41947758197784424,0.2027456909418106,"[5.0, 4.91411018371582, 4.8266921043396, 4.748513221740723, 4.6789045333862305, 4.6172685623168945, 4.563119888305664, 4.516024112701416, 4.475619792938232, 4.441614151000977, 4.413763046264648, 4.3918561935424805, 4.375741958618164, 4.365310192108154, 4.36049222946167, 4.361245632171631, 4.367595672607422, 4.379565238952637, 4.397245407104492, 4.420753479003906, 4.450264930725098, 4.485983371734619, 4.52817440032959, 4.57715368270874, 4.633289813995361, 4.697052955627441, 4.768934726715088, 4.849556922912598, 4.9396209716796875, 5.0, 5.0, 5.0, 5.0, 5.0, 5.0, 5.0, 5.0, 5.0, 5.0, 5.0, 5.0, 5.0, 5.0, 5.0, 5.0, 5.0, 5.0, 5.0, 5.0, 5.0, 5.0, 5.0, 5.0, 5.0, 5.0, 5.0, 5.0, 5.0, 5.0, 5.0]"
-2.397753953933716,-0.6802391409873962,-0.3782789409160614,-3.6389384269714355,2.2304749488830566,1.090198040008545,0.4722675383090973,-0.785731315612793,0.3994814157485962,0.4360041320323944,0.1899946928024292,"[5.0, 5.0, 5.0, 4.899661540985107, 4.790096282958984, 4.691348552703857, 4.602480888366699, 4.5226731300354, 4.451221942901611, 4.387508392333984, 4.331043720245361, 4.281366348266602, 4.238107681274414, 4.200945854187012, 4.169616222381592, 4.143881797790527, 4.123588562011719, 4.108591556549072, 4.098783016204834, 4.094092845916748, 4.094488620758057, 4.100000381469727, 4.110629558563232, 4.126468658447266, 4.1476263999938965, 4.174222946166992, 4.206480026245117, 4.244598388671875, 4.288856506347656, 4.339590549468994, 4.3971710205078125, 4.462076187133789, 4.534820556640625, 4.616034030914307, 4.706418991088867, 4.8068156242370605, 4.918201923370361, 5.0, 5.0, 5.0, 5.0, 5.0, 5.0, 5.0, 5.0, 5.0, 5.0, 5.0, 5.0, 5.0, 5.0, 5.0, 5.0, 5.0, 5.0, 5.0, 5.0, 5.0, 5.0, 5.0]"
-2.3185956478118896,-0.6603344678878784,-0.3727489113807678,-2.0062923431396484,-0.2348974496126175,0.5214041471481323,0.5426027774810791,-0.7538856863975525,0.37045177817344666,0.4545027017593384,0.18126867711544037,"[5.0, 5.0, 5.0, 5.0, 5.0, 5.0, 4.951239585876465, 4.84548282623291, 4.750269412994385, 4.664700984954834, 4.588010787963867, 4.519538402557373, 4.458712577819824, 4.405056953430176, 4.358157634735107, 4.3176469802856445, 4.283242702484131, 4.2546892166137695, 4.231797695159912, 4.214405059814453, 4.202397346496582, 4.195685386657715, 4.194230556488037, 4.198017597198486, 4.207071304321289, 4.221454620361328, 4.241273880004883, 4.26664924621582, 4.297763824462891, 4.334848403930664, 4.378148078918457, 4.428006649017334, 4.484781742095947, 4.548938751220703, 4.620975017547607, 4.701517105102539, 4.791261672973633, 4.891030788421631, 5.0, 5.0, 5.0, 5.0, 5.0, 5.0, 5.0, 5.0, 5.0, 5.0, 5.0, 5.0, 5.0, 5.0, 5.0, 5.0, 5.0, 5.0, 5.0, 5.0, 5.0, 5.0]"
-2.2404696941375732,-0.6559562683105469,-0.29780933260917664,-1.2282755374908447,-1.3651987314224243,0.36829906702041626,0.6129552125930786,-0.7139558792114258,0.3384507894515991,0.47565528750419617,0.17108288407325745,"[5.0, 5.0, 5.0, 5.0, 5.0, 5.0, 5.0, 5.0, 5.0, 5.0, 5.0, 5.0, 4.954554080963135, 4.884818077087402, 4.823306560516357, 4.769491195678711, 4.722979545593262, 4.6833953857421875, 4.650463104248047, 4.6239333152771, 4.603613376617432, 4.5893635749816895, 4.581098556518555, 4.578731536865234, 4.582271575927734, 4.591742515563965, 4.6071977615356445, 4.628736972808838, 4.656535625457764, 4.690780162811279, 4.731726169586182, 4.779677391052246, 4.835003852844238, 4.898125648498535, 4.969559192657471, 5.0, 5.0, 5.0, 5.0, 5.0, 5.0, 5.0, 5.0, 5.0, 5.0, 5.0, 5.0, 5.0, 5.0, 5.0, 5.0, 5.0, 5.0, 5.0, 5.0, 5.0, 5.0, 5.0, 5.0, 5.0]"
-2.152400016784668,-0.6272506713867188,-0.25173187255859375,-1.831215500831604,0.6343598961830139,1.1408674716949463,0.6604323983192444,-0.6817273497581482,0.3147584795951843,0.49760255217552185,0.16501224040985107,"[5.0, 5.0, 5.0, 5.0, 5.0, 5.0, 5.0, 5.0, 5.0, 5.0, 5.0, 5.0, 5.0, 5.0, 5.0, 4.947738170623779, 4.889021396636963, 4.837973117828369, 4.794189453125, 4.757339000701904, 4.727159023284912, 4.703428268432617, 4.685978889465332, 4.6746697425842285, 4.669455528259277, 4.670262813568115, 4.677128791809082, 4.6900811195373535, 4.7092204093933105, 4.734682083129883, 4.7666425704956055, 4.80534553527832, 4.85106086730957, 4.904137134552002, 4.965008735656738, 5.0, 5.0, 5.0, 5.0, 5.0, 5.0, 5.0, 5.0, 5.0, 5.0, 5.0, 5.0, 5.0, 5.0, 5.0, 5.0, 5.0, 5.0, 5.0, 5.0, 5.0, 5.0, 5.0, 5.0, 5.0]"
-2.062627077102661,-0.5752460360527039,-0.3005821406841278,-1.8339120149612427,1.8112671375274658,1.4474350214004517,0.6876448392868042,-0.6573149561882019,0.3083469867706299,0.5190975666046143,0.16826120018959045,"[5.0, 5.0, 5.0, 5.0, 5.0, 5.0, 5.0, 5.0, 5.0, 5.0, 5.0, 5.0, 4.9747443199157715, 4.883658409118652, 4.802011966705322, 4.729091167449951, 4.664273262023926, 4.607039928436279, 4.556958198547363, 4.513648509979248, 4.476772308349609, 4.446083068847656, 4.421359062194824, 4.402414321899414, 4.3891425132751465, 4.381432056427002, 4.379237651824951, 4.382551670074463, 4.391395568847656, 4.405819416046143, 4.425929069519043, 4.451867580413818, 4.4838032722473145, 4.521970748901367, 4.5666327476501465, 4.618147850036621, 4.67688512802124, 4.743309497833252, 4.817967414855957, 4.9014811515808105, 4.9945969581604, 5.0, 5.0, 5.0, 5.0, 5.0, 5.0, 5.0, 5.0, 5.0, 5.0, 5.0, 5.0, 5.0, 5.0, 5.0, 5.0, 5.0, 5.0, 5.0]"
-1.9787766933441162,-0.542287290096283,-0.2973283529281616,-0.3708016276359558,0.21804854273796082,0.8223258256912231,0.716032087802887,-0.627638041973114,0.3055567145347595,0.5411104559898376,0.17364501953125,"[5.0, 5.0, 5.0, 5.0, 5.0, 5.0, 5.0, 5.0, 5.0, 5.0, 5.0, 4.994578838348389, 4.893876552581787, 4.803282260894775, 4.72197151184082, 4.649259090423584, 4.584490776062012, 4.527200698852539, 4.476905345916748, 4.433248519897461, 4.395909309387207, 4.364603519439697, 4.339127540588379, 4.319296836853027, 4.3049774169921875, 4.296085357666016, 4.292547225952148, 4.294351577758789, 4.301491737365723, 4.314034938812256, 4.332056045532227, 4.355690002441406, 4.385068416595459, 4.4204254150390625, 4.4620041847229, 4.510100841522217, 4.565070152282715, 4.627351760864258, 4.697422027587891, 4.775865077972412, 4.863358497619629, 4.960663795471191, 5.0, 5.0, 5.0, 5.0, 5.0, 5.0, 5.0, 5.0, 5.0, 5.0, 5.0, 5.0, 5.0, 5.0, 5.0, 5.0, 5.0, 5.0]"
-1.8931939601898193,-0.5299810171127319,-0.23166784644126892,0.44923537969589233,-0.6797069907188416,0.6073070168495178,0.7469128966331482,-0.5940297842025757,0.29874128103256226,0.5639682412147522,0.17654289305210114,"[5.0, 5.0, 5.0, 5.0, 5.0, 5.0, 5.0, 5.0, 5.0, 5.0, 5.0, 5.0, 4.987054824829102, 4.900163650512695, 4.822394847869873, 4.753107070922852, 4.691718101501465, 4.637745380401611, 4.590778827667236, 4.550458908081055, 4.516509056091309, 4.488687515258789, 4.466791152954102, 4.450667381286621, 4.440200328826904, 4.435352802276611, 4.436047554016113, 4.442322254180908, 4.454209327697754, 4.471782207489014, 4.495162010192871, 4.524520397186279, 4.560054779052734, 4.602025032043457, 4.650731563568115, 4.706532001495361, 4.769872665405273, 4.841259002685547, 4.921266078948975, 5.0, 5.0, 5.0, 5.0, 5.0, 5.0, 5.0, 5.0, 5.0, 5.0, 5.0, 5.0, 5.0, 5.0, 5.0, 5.0, 5.0, 5.0, 5.0, 5.0, 5.0]"
-1.8033108711242676,-0.5291106700897217,-0.17732414603233337,0.7817057371139526,-0.597919762134552,0.37286460399627686,0.7759184837341309,-0.5587882995605469,0.29275059700012207,0.5868305563926697,0.17966671288013458,"[5.0, 5.0, 5.0, 5.0, 5.0, 5.0, 5.0, 5.0, 5.0, 5.0, 5.0, 5.0, 5.0, 4.9973015785217285, 4.926273345947266, 4.863441467285156, 4.808343410491943, 4.760513782501221, 4.719629764556885, 4.685379505157471, 4.657517433166504, 4.635852336883545, 4.620216369628906, 4.610520839691162, 4.606691360473633, 4.608705043792725, 4.616569519042969, 4.630346775054932, 4.650122165679932, 4.676039695739746, 4.708284854888916, 4.747076034545898, 4.792701244354248, 4.845499038696289, 4.905867099761963, 4.974289894104004, 5.0, 5.0, 5.0, 5.0, 5.0, 5.0, 5.0, 5.0, 5.0, 5.0, 5.0, 5.0, 5.0, 5.0, 5.0, 5.0, 5.0, 5.0, 5.0, 5.0, 5.0, 5.0, 5.0, 5.0]"
-1.7067469358444214,-0.5342413187026978,-0.14323461055755615,0.5562090873718262,0.5057353377342224,0.3026440739631653,0.7978852987289429,-0.5245703458786011,0.2969878911972046,0.608060896396637,0.18911989033222198,"[5.0, 5.0, 5.0, 5.0, 5.0, 5.0, 5.0, 5.0, 5.0, 5.0, 5.0, 5.0, 4.952149868011475, 4.8814849853515625, 4.81895112991333, 4.764013290405273, 4.716282367706299, 4.6753950119018555, 4.641056537628174, 4.612997531890869, 4.591055870056152, 4.575053691864014, 4.564891815185547, 4.5605082511901855, 4.561870574951172, 4.568971157073975, 4.581885814666748, 4.600683689117432, 4.625492095947266, 4.656503200531006, 4.693902492523193, 4.737994194030762, 4.789077281951904, 4.847546100616455, 4.9138641357421875, 4.988551139831543, 5.0, 5.0, 5.0, 5.0, 5.0, 5.0, 5.0, 5.0, 5.0, 5.0, 5.0, 5.0, 5.0, 5.0, 5.0, 5.0, 5.0, 5.0, 5.0, 5.0, 5.0, 5.0, 5.0, 5.0]"
-1.611865520477295,-0.5512468814849854,-0.10964420437812805,0.7677454948425293,0.20851163566112518,-0.05171583592891693,0.8188767433166504,-0.48804599046707153,0.3020741939544678,0.6284881234169006,0.19915395975112915,"[5.0, 5.0, 5.0, 5.0, 5.0, 5.0, 5.0, 5.0, 5.0, 5.0, 4.9716339111328125, 4.892324924468994, 4.821611404418945, 4.7589111328125, 4.7037153244018555, 4.655620574951172, 4.6142754554748535, 4.579372406005859, 4.55065393447876, 4.5279316902160645, 4.511053085327148, 4.499902725219727, 4.494405269622803, 4.494510173797607, 4.500232696533203, 4.511603832244873, 4.528709411621094, 4.551656723022461, 4.580600738525391, 4.615760326385498, 4.657362937927246, 4.705719947814941, 4.761189937591553, 4.824202537536621, 4.895238876342773, 4.974903106689453, 5.0, 5.0, 5.0, 5.0, 5.0, 5.0, 5.0, 5.0, 5.0, 5.0, 5.0, 5.0, 5.0, 5.0, 5.0, 5.0, 5.0, 5.0, 5.0, 5.0, 5.0, 5.0, 5.0, 5.0]"
-1.5148067474365234,-0.5761271715164185,-0.05648010969161987,0.7086954712867737,-0.04137562960386276,-0.1560359001159668,0.8397879600524902,-0.4512745141983032,0.3018352687358856,0.6487197875976562,0.20538601279258728,"[5.0, 5.0, 5.0, 5.0, 5.0, 5.0, 5.0, 5.0, 5.0, 4.985689163208008, 4.904362678527832, 4.831743240356445, 4.767238616943359, 4.710334300994873, 4.660591125488281, 4.617641448974609, 4.581171989440918, 4.550924777984619, 4.526693820953369, 4.508310317993164, 4.495659828186035, 4.488635063171387, 4.487196922302246, 4.491357803344727, 4.501118183135986, 4.516545295715332, 4.537753582000732, 4.564901828765869, 4.5981364250183105, 4.637733459472656, 4.683940887451172, 4.7371344566345215, 4.797685146331787, 4.866074085235596, 4.942842483520508, 5.0, 5.0, 5.0, 5.0, 5.0, 5.0, 5.0, 5.0, 5.0, 5.0, 5.0, 5.0, 5.0, 5.0, 5.0, 5.0, 5.0, 5.0, 5.0, 5.0, 5.0, 5.0, 5.0, 5.0, 5.0]"
-1.4175513982772827,-0.6002682447433472,-0.006591051816940308,0.43024882674217224,0.040441881865262985,0.02041763812303543,0.857387125492096,-0.4192485213279724,0.29852133989334106,0.6682872772216797,0.20902948081493378,"[5.0, 5.0, 5.0, 5.0, 5.0, 5.0, 5.0, 5.0, 5.0, 4.942363262176514, 4.865994453430176, 4.79797887802124, 4.737762928009033, 4.684884548187256, 4.63893985748291, 4.599597454071045, 4.566579341888428, 4.539648532867432, 4.518618583679199, 4.50335693359375, 4.4937543869018555, 4.489752769470215, 4.49131965637207, 4.498462677001953, 4.511230945587158, 4.5297160148620605, 4.554041385650635, 4.584366321563721, 4.620913982391357, 4.663926601409912, 4.7137227058410645, 4.770680904388428, 4.8352155685424805, 4.907853603363037, 4.989185810089111, 5.0, 5.0, 5.0, 5.0, 5.0, 5.0, 5.0, 5.0, 5.0, 5.0, 5.0, 5.0, 5.0, 5.0, 5.0, 5.0, 5.0, 5.0, 5.0, 5.0, 5.0, 5.0, 5.0, 5.0, 5.0]"
-1.322908639907837,-0.6201122999191284,0.026087671518325806,0.2052355259656906,0.16361351311206818,0.2751884162425995,0.870600163936615,-0.39394229650497437,0.2947237193584442,0.6867583990097046,0.21181246638298035,"[5.0, 5.0, 5.0, 5.0, 5.0, 5.0, 5.0, 5.0, 4.977447509765625, 4.896315097808838, 4.823836803436279, 4.759402751922607, 4.7025299072265625, 4.652763366699219, 4.609751224517822, 4.573170185089111, 4.5427775382995605, 4.518356800079346, 4.49974250793457, 4.4868083000183105, 4.479477405548096, 4.477673053741455, 4.481409549713135, 4.490715026855469, 4.505631923675537, 4.526273727416992, 4.552759647369385, 4.585296630859375, 4.624095439910889, 4.6694464683532715, 4.721654891967773, 4.781132221221924, 4.848331451416016, 4.923779487609863, 5.0, 5.0, 5.0, 5.0, 5.0, 5.0, 5.0, 5.0, 5.0, 5.0, 5.0, 5.0, 5.0, 5.0, 5.0, 5.0, 5.0, 5.0, 5.0, 5.0, 5.0, 5.0, 5.0, 5.0, 5.0, 5.0]"
-1.2315870523452759,-0.6359916925430298,0.045990556478500366,0.1157289445400238,0.16190725564956665,0.5095371007919312,0.8803620338439941,-0.37484315037727356,0.2906073331832886,0.7040239572525024,0.21382290124893188,"[5.0, 5.0, 5.0, 5.0, 5.0, 5.0, 5.0, 5.0, 4.926760196685791, 4.849798679351807, 4.781166076660156, 4.720312118530273, 4.666764736175537, 4.620110034942627, 4.580036640167236, 4.546257495880127, 4.518510818481445, 4.496618270874023, 4.480449199676514, 4.46987247467041, 4.464834213256836, 4.465292453765869, 4.471255779266357, 4.482762336730957, 4.499890327453613, 4.522737503051758, 4.5514726638793945, 4.5863037109375, 4.627452850341797, 4.675227165222168, 4.729971885681152, 4.7920966148376465, 4.862084865570068, 4.940492153167725, 5.0, 5.0, 5.0, 5.0, 5.0, 5.0, 5.0, 5.0, 5.0, 5.0, 5.0, 5.0, 5.0, 5.0, 5.0, 5.0, 5.0, 5.0, 5.0, 5.0, 5.0, 5.0, 5.0, 5.0, 5.0, 5.0]"
-1.1431806087493896,-0.6490622758865356,0.05956414341926575,0.09050554037094116,0.11314243823289871,0.7260477542877197,0.8875702619552612,-0.3611795902252197,0.28594696521759033,0.7200853228569031,0.21487869322299957,"[5.0, 5.0, 5.0, 5.0, 5.0, 5.0, 5.0, 4.9603047370910645, 4.87948751449585, 4.807234287261963, 4.742977619171143, 4.686213970184326, 4.636501312255859, 4.593498229980469, 4.556862831115723, 4.526363849639893, 4.501780986785889, 4.4829583168029785, 4.469766616821289, 4.462110996246338, 4.45993709564209, 4.463253498077393, 4.472056865692139, 4.486411094665527, 4.506422519683838, 4.532227993011475, 4.563976764678955, 4.601919174194336, 4.646299839019775, 4.697447776794434, 4.755736827850342, 4.8216142654418945, 4.895592212677002, 4.978283882141113, 5.0, 5.0, 5.0, 5.0, 5.0, 5.0, 5.0, 5.0, 5.0, 5.0, 5.0, 5.0, 5.0, 5.0, 5.0, 5.0, 5.0, 5.0, 5.0, 5.0, 5.0, 5.0, 5.0, 5.0, 5.0, 5.0]"
-1.0574960708618164,-0.660317063331604,0.07030537724494934,0.044448256492614746,0.12963436543941498,0.9398117661476135,0.8924086689949036,-0.35267138481140137,0.2814730107784271,0.7347639203071594,0.21553058922290802,"[5.0, 5.0, 5.0, 5.0, 5.0, 5.0, 4.987323760986328, 4.90339994430542, 4.828243732452393, 4.761273384094238, 4.701928615570068, 4.649770259857178, 4.604403495788574, 4.565518856048584, 4.532818794250488, 4.506101131439209, 4.48517370223999, 4.46989631652832, 4.4601664543151855, 4.455918788909912, 4.457139492034912, 4.463826656341553, 4.476017951965332, 4.493794918060303, 4.517282962799072, 4.546639442443848, 4.582061290740967, 4.62379789352417, 4.672143459320068, 4.727449893951416, 4.790136814117432, 4.860691070556641, 4.939671039581299, 5.0, 5.0, 5.0, 5.0, 5.0, 5.0, 5.0, 5.0, 5.0, 5.0, 5.0, 5.0, 5.0, 5.0, 5.0, 5.0, 5.0, 5.0, 5.0, 5.0, 5.0, 5.0, 5.0, 5.0, 5.0, 5.0, 5.0]"
-0.9746955037117004,-0.6708893775939941,0.07764846086502075,-0.034652963280677795,0.1753978431224823,1.132501482963562,0.8950568437576294,-0.3489392399787903,0.2776906490325928,0.7478928565979004,0.21618559956550598,"[5.0, 5.0, 5.0, 5.0, 5.0, 5.0, 4.918353080749512, 4.840740203857422, 4.771437168121338, 4.709904193878174, 4.655649662017822, 4.608270645141602, 4.5674357414245605, 4.532853126525879, 4.50428581237793, 4.481521129608154, 4.4644389152526855, 4.452900409698486, 4.446834087371826, 4.446203708648682, 4.451012134552002, 4.461275577545166, 4.477077960968018, 4.49850606918335, 4.525719165802002, 4.558899402618408, 4.598267078399658, 4.644089698791504, 4.69672155380249, 4.756545066833496, 4.823999404907227, 4.899633407592773, 4.984068870544434, 5.0, 5.0, 5.0, 5.0, 5.0, 5.0, 5.0, 5.0, 5.0, 5.0, 5.0, 5.0, 5.0, 5.0, 5.0, 5.0, 5.0, 5.0, 5.0, 5.0, 5.0, 5.0, 5.0, 5.0, 5.0, 5.0, 5.0]"
-0.8947153687477112,-0.6820014715194702,0.0815935879945755,-0.14093567430973053,0.19770298898220062,1.2948514223098755,0.895909309387207,-0.34944093227386475,0.27428966760635376,0.7595070004463196,0.21663373708724976,"[5.0, 5.0, 5.0, 5.0, 5.0, 4.933429718017578, 4.853302001953125, 4.78164005279541, 4.717865467071533, 4.661480903625488, 4.612075328826904, 4.569283485412598, 4.532793998718262, 4.50234842300415, 4.477771282196045, 4.458866596221924, 4.445517539978027, 4.437632083892822, 4.435179710388184, 4.438117504119873, 4.446479797363281, 4.460315227508545, 4.479727268218994, 4.504825115203857, 4.535792350769043, 4.572836875915527, 4.616209030151367, 4.666220188140869, 4.72324800491333, 4.7877044677734375, 4.86010217666626, 4.94101619720459, 5.0, 5.0, 5.0, 5.0, 5.0, 5.0, 5.0, 5.0, 5.0, 5.0, 5.0, 5.0, 5.0, 5.0, 5.0, 5.0, 5.0, 5.0, 5.0, 5.0, 5.0, 5.0, 5.0, 5.0, 5.0, 5.0, 5.0, 5.0]"
-0.8173556923866272,-0.694602906703949,0.08348838984966278,-0.2676384150981903,0.22275355458259583,1.4412227869033813,0.8951991200447083,-0.35374826192855835,0.2710684537887573,0.7696158289909363,0.21673333644866943,"[5.0, 5.0, 5.0, 5.0, 4.955437660217285, 4.872349739074707, 4.797916412353516, 4.731540203094482, 4.672701358795166, 4.620941638946533, 4.57590389251709, 4.537242412567139, 4.504709243774414, 4.478066921234131, 4.457128524780273, 4.44178581237793, 4.431898593902588, 4.427433490753174, 4.428352355957031, 4.434655666351318, 4.4463982582092285, 4.463635444641113, 4.486494064331055, 4.515130996704102, 4.54971981048584, 4.59052038192749, 4.637815475463867, 4.691937446594238, 4.753294467926025, 4.822353363037109, 4.899667739868164, 4.985861301422119, 5.0, 5.0, 5.0, 5.0, 5.0, 5.0, 5.0, 5.0, 5.0, 5.0, 5.0, 5.0, 5.0, 5.0, 5.0, 5.0, 5.0, 5.0, 5.0, 5.0, 5.0, 5.0, 5.0, 5.0, 5.0, 5.0, 5.0, 5.0]"
-0.7425316572189331,-0.7092288732528687,0.08230647444725037,-0.40801769495010376,0.2644128203392029,1.5709165334701538,0.8930295705795288,-0.3613997995853424,0.2681153416633606,0.7780998349189758,0.216549351811409,"[5.0, 5.0, 5.0, 4.986631870269775, 4.899857521057129, 4.821994304656982, 4.752394199371338, 4.690530776977539, 4.6359124183654785, 4.588132858276367, 4.546844005584717, 4.511776924133301, 4.482662200927734, 4.4593353271484375, 4.441600799560547, 4.429382801055908, 4.422571659088135, 4.42113733291626, 4.4250617027282715, 4.434377670288086, 4.449146747589111, 4.469458103179932, 4.495460033416748, 4.5273118019104, 4.565235137939453, 4.609496116638184, 4.660411357879639, 4.718339920043945, 4.783737659454346, 4.857091426849365, 4.939013481140137, 5.0, 5.0, 5.0, 5.0, 5.0, 5.0, 5.0, 5.0, 5.0, 5.0, 5.0, 5.0, 5.0, 5.0, 5.0, 5.0, 5.0, 5.0, 5.0, 5.0, 5.0, 5.0, 5.0, 5.0, 5.0, 5.0, 5.0, 5.0, 5.0]"
-0.6700985431671143,-0.7263252139091492,0.07761217653751373,-0.5345118045806885,0.289151132106781,1.666702151298523,0.8896117806434631,-0.3717276155948639,0.26534298062324524,0.7850303053855896,0.21604695916175842,"[5.0, 5.0, 5.0, 4.9394965171813965, 4.8573455810546875, 4.783761024475098, 4.718154430389404, 4.660013198852539, 4.6088972091674805, 4.564424514770508, 4.526295185089111, 4.494233131408691, 4.468028545379639, 4.447493553161621, 4.432507514953613, 4.422954082489014, 4.418797492980957, 4.419984817504883, 4.426530838012695, 4.438485622406006, 4.455930709838867, 4.478965759277344, 4.507761001586914, 4.542488098144531, 4.583398342132568, 4.630786418914795, 4.6849775314331055, 4.746382713317871, 4.815476894378662, 4.892784595489502, 4.978961944580078, 5.0, 5.0, 5.0, 5.0, 5.0, 5.0, 5.0, 5.0, 5.0, 5.0, 5.0, 5.0, 5.0, 5.0, 5.0, 5.0, 5.0, 5.0, 5.0, 5.0, 5.0, 5.0, 5.0, 5.0, 5.0, 5.0, 5.0, 5.0, 5.0]"
-0.5997206568717957,-0.746230959892273,0.07085175067186356,-0.6437448263168335,0.3019638657569885,1.7302712202072144,0.8852405548095703,-0.38392844796180725,0.2625749707221985,0.790365993976593,0.21507732570171356,"[5.0, 5.0, 4.994467258453369, 4.907045364379883, 4.828567028045654, 4.758408069610596, 4.695977687835693, 4.640831470489502, 4.592538833618164, 4.5507659912109375, 4.515204429626465, 4.485625743865967, 4.461808681488037, 4.4436259269714355, 4.4309163093566895, 4.423638343811035, 4.421717643737793, 4.425159931182861, 4.433969497680664, 4.448205947875977, 4.467981815338135, 4.493407249450684, 4.524661540985107, 4.561954975128174, 4.605542182922363, 4.655735969543457, 4.712898254394531, 4.777464389801025, 4.849931240081787, 4.930860996246338, 5.0, 5.0, 5.0, 5.0, 5.0, 5.0, 5.0, 5.0, 5.0, 5.0, 5.0, 5.0, 5.0, 5.0, 5.0, 5.0, 5.0, 5.0, 5.0, 5.0, 5.0, 5.0, 5.0, 5.0, 5.0, 5.0, 5.0, 5.0, 5.0, 5.0]"
-0.531151533126831,-0.769097626209259,0.06236196309328079,-0.7367332577705383,0.30671459436416626,1.7677234411239624,0.8801552057266235,-0.39732787013053894,0.25972092151641846,0.7940990328788757,0.21357345581054688,"[5.0, 5.0, 4.973181247711182, 4.888790607452393, 4.813135147094727, 4.745588779449463, 4.685629367828369, 4.632820129394531, 4.586737155914307, 4.547080039978027, 4.51357364654541, 4.485963344573975, 4.4640889167785645, 4.44779634475708, 4.436982154846191, 4.431567192077637, 4.431522369384766, 4.436842918395996, 4.447564601898193, 4.463765621185303, 4.485552787780762, 4.513057231903076, 4.546470642089844, 4.586018085479736, 4.6319780349731445, 4.684685230255127, 4.744513034820557, 4.811920642852783, 4.8874406814575195, 4.971677780151367, 5.0, 5.0, 5.0, 5.0, 5.0, 5.0, 5.0, 5.0, 5.0, 5.0, 5.0, 5.0, 5.0, 5.0, 5.0, 5.0, 5.0, 5.0, 5.0, 5.0, 5.0, 5.0, 5.0, 5.0, 5.0, 5.0, 5.0, 5.0, 5.0, 5.0]"
-0.464185893535614,-0.7949114441871643,0.05231636017560959,-0.8131135106086731,0.30403420329093933,1.781036615371704,0.8745771646499634,-0.41133809089660645,0.2567358911037445,0.7962396740913391,0.21151316165924072,"[5.0, 5.0, 4.966177940368652, 4.883969783782959, 4.810326099395752, 4.74470329284668, 4.686543941497803, 4.635446548461914, 4.591033935546875, 4.552968978881836, 4.521018981933594, 4.49493408203125, 4.4745683670043945, 4.459771156311035, 4.450441837310791, 4.446528911590576, 4.448006629943848, 4.454887390136719, 4.467199325561523, 4.485049724578857, 4.508530139923096, 4.537817001342773, 4.573088645935059, 4.614603519439697, 4.662649154663086, 4.717565059661865, 4.779757976531982, 4.8497185707092285, 4.927987575531006, 5.0, 5.0, 5.0, 5.0, 5.0, 5.0, 5.0, 5.0, 5.0, 5.0, 5.0, 5.0, 5.0, 5.0, 5.0, 5.0, 5.0, 5.0, 5.0, 5.0, 5.0, 5.0, 5.0, 5.0, 5.0, 5.0, 5.0, 5.0, 5.0, 5.0, 5.0]"
-0.39857879281044006,-0.8235570192337036,0.04063672572374344,-0.8744568228721619,0.3070300221443176,1.7741721868515015,0.8686493039131165,-0.4254877269268036,0.2537839710712433,0.7968292832374573,0.2090674191713333,"[5.0, 5.0, 4.97074556350708, 4.88992977142334, 4.817628383636475, 4.753247261047363, 4.69630765914917, 4.646369457244873, 4.603086948394775, 4.566138744354248, 4.535281658172607, 4.510293483734131, 4.491016864776611, 4.477315425872803, 4.4691033363342285, 4.466331958770752, 4.46898889541626, 4.4770660400390625, 4.490644931793213, 4.509801387786865, 4.534657001495361, 4.565384864807129, 4.602197170257568, 4.6453399658203125, 4.695119380950928, 4.751900672912598, 4.8161115646362305, 4.888237476348877, 4.968861103057861, 5.0, 5.0, 5.0, 5.0, 5.0, 5.0, 5.0, 5.0, 5.0, 5.0, 5.0, 5.0, 5.0, 5.0, 5.0, 5.0, 5.0, 5.0, 5.0, 5.0, 5.0, 5.0, 5.0, 5.0, 5.0, 5.0, 5.0, 5.0, 5.0, 5.0, 5.0]"
-0.3340802490711212,-0.8548324108123779,0.027169421315193176,-0.9150913953781128,0.3123443126678467,1.7458322048187256,0.8625839352607727,-0.43922892212867737,0.2510467767715454,0.7957682609558105,0.2063847929239273,"[5.0, 5.0, 4.983364105224609, 4.903282642364502, 4.831694602966309, 4.768012046813965, 4.711759090423584, 4.662498474121094, 4.619887351989746, 4.583619594573975, 4.553436756134033, 4.529147148132324, 4.510577201843262, 4.497607231140137, 4.490149974822998, 4.488170146942139, 4.491657733917236, 4.50060510635376, 4.515099048614502, 4.535218715667725, 4.561115264892578, 4.592931747436523, 4.630923748016357, 4.675317764282227, 4.72645902633667, 4.784702301025391, 4.850504398345947, 4.924359321594238, 5.0, 5.0, 5.0, 5.0, 5.0, 5.0, 5.0, 5.0, 5.0, 5.0, 5.0, 5.0, 5.0, 5.0, 5.0, 5.0, 5.0, 5.0, 5.0, 5.0, 5.0, 5.0, 5.0, 5.0, 5.0, 5.0, 5.0, 5.0, 5.0, 5.0, 5.0, 5.0]"
-0.27035003900527954,-0.8884637355804443,0.013198323547840118,-0.9454090595245361,0.32155972719192505,1.697038173675537,0.8565987348556519,-0.45209619402885437,0.24868686497211456,0.7930209636688232,0.20361080765724182,"[5.0, 5.0, 5.0, 4.921689987182617, 4.850239276885986, 4.786701679229736, 4.730618953704834, 4.681554317474365, 4.639164924621582, 4.603130340576172, 4.573206424713135, 4.549212455749512, 4.530961036682129, 4.5183305740356445, 4.511271953582764, 4.509699821472168, 4.513627529144287, 4.523074150085449, 4.538101673126221, 4.558804988861084, 4.585326194763184, 4.617837905883789, 4.656574249267578, 4.701798439025879, 4.753829002380371, 4.813055038452148, 4.879925727844238, 4.954946994781494, 5.0, 5.0, 5.0, 5.0, 5.0, 5.0, 5.0, 5.0, 5.0, 5.0, 5.0, 5.0, 5.0, 5.0, 5.0, 5.0, 5.0, 5.0, 5.0, 5.0, 5.0, 5.0, 5.0, 5.0, 5.0, 5.0, 5.0, 5.0, 5.0, 5.0, 5.0, 5.0]"
-0.2069690227508545,-0.9241728186607361,-0.00032194703817367554,-0.9642833471298218,0.32390135526657104,1.6253255605697632,0.8509542942047119,-0.4636695384979248,0.24674870073795319,0.7886362671852112,0.200804203748703,"[5.0, 5.0, 5.0, 4.944685935974121, 4.872762203216553, 4.808838367462158, 4.7524003982543945, 4.703038215637207, 4.6603803634643555, 4.624131202697754, 4.594043731689453, 4.569908618927002, 4.551562309265137, 4.538880348205566, 4.531795978546143, 4.530238628387451, 4.53421688079834, 4.5437493324279785, 4.558907508850098, 4.579775333404541, 4.606497764587402, 4.63925838470459, 4.678286075592041, 4.723844528198242, 4.7762603759765625, 4.835930347442627, 4.903293132781982, 4.978885173797607, 5.0, 5.0, 5.0, 5.0, 5.0, 5.0, 5.0, 5.0, 5.0, 5.0, 5.0, 5.0, 5.0, 5.0, 5.0, 5.0, 5.0, 5.0, 5.0, 5.0, 5.0, 5.0, 5.0, 5.0, 5.0, 5.0, 5.0, 5.0, 5.0, 5.0, 5.0, 5.0]"
-0.14342910051345825,-0.9616371393203735,-0.012384757399559021,-0.9826308488845825,0.3225478231906891,1.5330400466918945,0.8459503054618835,-0.47355398535728455,0.24517808854579926,0.7826127409934998,0.19792068004608154,"[5.0, 5.0, 5.0, 4.97341251373291, 4.900341033935547, 4.835362911224365, 4.777960777282715, 4.7277092933654785, 4.6842474937438965, 4.64725923538208, 4.6164960861206055, 4.591729640960693, 4.572805881500244, 4.559605121612549, 4.552025318145752, 4.550020694732666, 4.553588390350342, 4.562741279602051, 4.577547073364258, 4.598101615905762, 4.624531269073486, 4.6570234298706055, 4.695802688598633, 4.741143226623535, 4.793363094329834, 4.852850437164307, 4.920050621032715, 4.995499610900879, 5.0, 5.0, 5.0, 5.0, 5.0, 5.0, 5.0, 5.0, 5.0, 5.0, 5.0, 5.0, 5.0, 5.0, 5.0, 5.0, 5.0, 5.0, 5.0, 5.0, 5.0, 5.0, 5.0, 5.0, 5.0, 5.0, 5.0, 5.0, 5.0, 5.0, 5.0, 5.0]"
-0.07925023883581161,-1.0004634857177734,-0.023059271275997162,-1.0072418451309204,0.31739258766174316,1.4259151220321655,0.8418683409690857,-0.48144039511680603,0.24386519193649292,0.7749301791191101,0.19486179947853088,"[5.0, 5.0, 5.0, 5.0, 4.93508243560791, 4.868233680725098, 4.80911111831665, 4.757267475128174, 4.7123236656188965, 4.673946857452393, 4.641866683959961, 4.615884304046631, 4.595803737640381, 4.581498622894287, 4.572868824005127, 4.569864749908447, 4.57246208190918, 4.580680847167969, 4.594573020935059, 4.614234447479248, 4.639787673950195, 4.671420574188232, 4.709328651428223, 4.753786087036133, 4.805125713348389, 4.863706111907959, 4.929972171783447, 5.0, 5.0, 5.0, 5.0, 5.0, 5.0, 5.0, 5.0, 5.0, 5.0, 5.0, 5.0, 5.0, 5.0, 5.0, 5.0, 5.0, 5.0, 5.0, 5.0, 5.0, 5.0, 5.0, 5.0, 5.0, 5.0, 5.0, 5.0, 5.0, 5.0, 5.0, 5.0, 5.0]"
-0.014046963304281235,-1.0401618480682373,-0.03314530849456787,-1.0408800840377808,0.30301061272621155,1.3104572296142578,0.8388888835906982,-0.4872181713581085,0.24265466630458832,0.7656803727149963,0.19152018427848816,"[5.0, 5.0, 5.0, 5.0, 4.980605602264404, 4.910890579223633, 4.8491082191467285, 4.794791221618652, 4.747535705566406, 4.706988334655762, 4.672857284545898, 4.64493465423584, 4.622999668121338, 4.606918811798096, 4.596591949462891, 4.591938018798828, 4.592923164367676, 4.599577903747559, 4.611921310424805, 4.630042552947998, 4.654061317443848, 4.684149742126465, 4.720495700836182, 4.763375282287598, 4.81307315826416, 4.869966983795166, 4.934483528137207, 5.0, 5.0, 5.0, 5.0, 5.0, 5.0, 5.0, 5.0, 5.0, 5.0, 5.0, 5.0, 5.0, 5.0, 5.0, 5.0, 5.0, 5.0, 5.0, 5.0, 5.0, 5.0, 5.0, 5.0, 5.0, 5.0, 5.0, 5.0, 5.0, 5.0, 5.0, 5.0, 5.0]"
0.05248405039310455,-1.0801581144332886,-0.04339819401502609,-1.0860013961791992,0.2794649600982666,1.1934773921966553,0.8371745347976685,-0.4908079504966736,0.24133752286434174,0.7548688650131226,0.1877274066209793,"[5.0, 5.0, 5.0, 5.0, 5.0, 4.9677414894104, 4.902154445648193, 4.844286918640137, 4.793710231781006, 4.750035285949707, 4.712980270385742, 4.682250499725342, 4.65765380859375, 4.639015197753906, 4.626222610473633, 4.619171142578125, 4.61783504486084, 4.622188568115234, 4.632279396057129, 4.648148536682129, 4.669926166534424, 4.697743892669678, 4.731796741485596, 4.772324562072754, 4.819608688354492, 4.874001979827881, 4.93589973449707, 5.0, 5.0, 5.0, 5.0, 5.0, 5.0, 5.0, 5.0, 5.0, 5.0, 5.0, 5.0, 5.0, 5.0, 5.0, 5.0, 5.0, 5.0, 5.0, 5.0, 5.0, 5.0, 5.0, 5.0, 5.0, 5.0, 5.0, 5.0, 5.0, 5.0, 5.0, 5.0, 5.0]"
0.12050612270832062,-1.1198186874389648,-0.05550046265125275,-1.1486728191375732,0.2602806091308594,1.085344910621643,0.8366931080818176,-0.492340624332428,0.23988069593906403,0.7425387501716614,0.18347808718681335,"[5.0, 5.0, 5.0, 5.0, 5.0, 5.0, 4.971279621124268, 4.908539772033691, 4.8534016609191895, 4.805457592010498, 4.764348983764648, 4.7298054695129395, 4.701563358306885, 4.679426670074463, 4.663263320922852, 4.652950286865234, 4.648426532745361, 4.649658203125, 4.656651973724365, 4.669452667236328, 4.688159942626953, 4.712884426116943, 4.743808746337891, 4.781131744384766, 4.825119972229004, 4.876093864440918, 4.934432029724121, 5.0, 5.0, 5.0, 5.0, 5.0, 5.0, 5.0, 5.0, 5.0, 5.0, 5.0, 5.0, 5.0, 5.0, 5.0, 5.0, 5.0, 5.0, 5.0, 5.0, 5.0, 5.0, 5.0, 5.0, 5.0, 5.0, 5.0, 5.0, 5.0, 5.0, 5.0, 5.0, 5.0]"
0.18992695212364197,-1.158470630645752,-0.07054371386766434,-1.233293890953064,0.25213196873664856,0.9972047805786133,0.8372830748558044,-0.492073655128479,0.23836466670036316,0.7286840081214905,0.17884793877601624,"[5.0, 5.0, 5.0, 5.0, 5.0, 5.0, 5.0, 4.989341735839844, 4.928126335144043, 4.874489784240723, 4.828028202056885, 4.7883992195129395, 4.75531530380249, 4.7285614013671875, 4.7079362869262695, 4.693315505981445, 4.684582710266113, 4.681699752807617, 4.684637546539307, 4.693411827087402, 4.708089351654053, 4.728761672973633, 4.755568504333496, 4.788702487945557, 4.828389644622803, 4.874917030334473, 4.92861795425415, 4.989893913269043, 5.0, 5.0, 5.0, 5.0, 5.0, 5.0, 5.0, 5.0, 5.0, 5.0, 5.0, 5.0, 5.0, 5.0, 5.0, 5.0, 5.0, 5.0, 5.0, 5.0, 5.0, 5.0, 5.0, 5.0, 5.0, 5.0, 5.0, 5.0, 5.0, 5.0, 5.0, 5.0]"
0.26034101843833923,-1.195441722869873,-0.08905299752950668,-1.3407038450241089,0.24075870215892792,0.9366633296012878,0.8386940956115723,-0.4904511868953705,0.23674258589744568,0.7133607864379883,0.17382453382015228,"[5.0, 5.0, 5.0, 5.0, 5.0, 5.0, 5.0, 5.0, 5.0, 4.960758686065674, 4.907315254211426, 4.861090183258057, 4.821751594543457, 4.789032459259033, 4.7626776695251465, 4.742527484893799, 4.728429317474365, 4.720298767089844, 4.71807336807251, 4.721744060516357, 4.731334686279297, 4.746910095214844, 4.768570423126221, 4.796472549438477, 4.8307952880859375, 4.871798038482666, 4.919758319854736, 4.975042819976807, 5.0, 5.0, 5.0, 5.0, 5.0, 5.0, 5.0, 5.0, 5.0, 5.0, 5.0, 5.0, 5.0, 5.0, 5.0, 5.0, 5.0, 5.0, 5.0, 5.0, 5.0, 5.0, 5.0, 5.0, 5.0, 5.0, 5.0, 5.0, 5.0, 5.0, 5.0, 5.0]"
0.3311612606048584,-1.2301733493804932,-0.1098020002245903,-1.4760684967041016,0.24037739634513855,0.9145327210426331,0.8405570387840271,-0.488085001707077,0.23501937091350555,0.6965952515602112,0.16843125224113464,"[5.0, 5.0, 5.0, 5.0, 5.0, 5.0, 5.0, 5.0, 5.0, 5.0, 5.0, 4.94993782043457, 4.9026360511779785, 4.8623247146606445, 4.828731536865234, 4.801607608795166, 4.780777454376221, 4.766087055206299, 4.757447719573975, 4.754787445068359, 4.758103847503662, 4.767402648925781, 4.7827630043029785, 4.8042802810668945, 4.832096576690674, 4.866422176361084, 4.907486438751221, 4.9555864334106445, 5.0, 5.0, 5.0, 5.0, 5.0, 5.0, 5.0, 5.0, 5.0, 5.0, 5.0, 5.0, 5.0, 5.0, 5.0, 5.0, 5.0, 5.0, 5.0, 5.0, 5.0, 5.0, 5.0, 5.0, 5.0, 5.0, 5.0, 5.0, 5.0, 5.0, 5.0, 5.0]"
0.40147972106933594,-1.2623019218444824,-0.13351066410541534,-1.6284030675888062,0.2514888048171997,0.939002275466919,0.8424432277679443,-0.48563289642333984,0.23333939909934998,0.6783626675605774,0.16278253495693207,"[5.0, 5.0, 5.0, 5.0, 5.0, 5.0, 5.0, 5.0, 5.0, 5.0, 5.0, 5.0, 4.997331619262695, 4.94758415222168, 4.9050164222717285, 4.869314670562744, 4.840221881866455, 4.817530155181885, 4.8010945320129395, 4.790791034698486, 4.786548137664795, 4.7883524894714355, 4.796200752258301, 4.810153007507324, 4.830301284790039, 4.856787204742432, 4.889795303344727, 4.929555892944336, 4.976360321044922, 5.0, 5.0, 5.0, 5.0, 5.0, 5.0, 5.0, 5.0, 5.0, 5.0, 5.0, 5.0, 5.0, 5.0, 5.0, 5.0, 5.0, 5.0, 5.0, 5.0, 5.0, 5.0, 5.0, 5.0, 5.0, 5.0, 5.0, 5.0, 5.0, 5.0, 5.0]"
0.4705016613006592,-1.291463851928711,-0.16001373529434204,-1.7599067687988281,0.24731607735157013,0.9899714589118958,0.8440138101577759,-0.48362013697624207,0.23183898627758026,0.6587420701980591,0.15699993073940277,"[5.0, 5.0, 5.0, 5.0, 5.0, 5.0, 5.0, 5.0, 5.0, 5.0, 5.0, 5.0, 5.0, 5.0, 4.991464138031006, 4.945567607879639, 4.906714916229248, 4.87463903427124, 4.84910249710083, 4.82993221282959, 4.816989421844482, 4.81019926071167, 4.809502124786377, 4.814903736114502, 4.8264288902282715, 4.844164848327637, 4.868234157562256, 4.898798942565918, 4.93608283996582, 4.980342388153076, 5.0, 5.0, 5.0, 5.0, 5.0, 5.0, 5.0, 5.0, 5.0, 5.0, 5.0, 5.0, 5.0, 5.0, 5.0, 5.0, 5.0, 5.0, 5.0, 5.0, 5.0, 5.0, 5.0, 5.0, 5.0, 5.0, 5.0, 5.0, 5.0, 5.0]"
0.5376179814338684,-1.317313313484192,-0.19248798489570618,-1.872843623161316,0.222222700715065,1.0622313022613525,0.8450720310211182,-0.4823586344718933,0.23060843348503113,0.6377924680709839,0.15115469694137573,"[5.0, 5.0, 5.0, 5.0, 5.0, 5.0, 5.0, 5.0, 5.0, 5.0, 5.0, 5.0, 5.0, 5.0, 5.0, 5.0, 4.9820876121521, 4.939295768737793, 4.903464317321777, 4.874331474304199, 4.851692199707031, 4.835389614105225, 4.825311183929443, 4.82138729095459, 4.823586463928223, 4.831932067871094, 4.846478462219238, 4.867323398590088, 4.894610404968262, 4.928534030914307, 4.96934175491333, 5.0, 5.0, 5.0, 5.0, 5.0, 5.0, 5.0, 5.0, 5.0, 5.0, 5.0, 5.0, 5.0, 5.0, 5.0, 5.0, 5.0, 5.0, 5.0, 5.0, 5.0, 5.0, 5.0, 5.0, 5.0, 5.0, 5.0, 5.0, 5.0]"
0.6026206016540527,-1.3395724296569824,-0.22734160721302032,-1.924079179763794,0.15262478590011597,1.1232062578201294,0.8458021283149719,-0.48151811957359314,0.22968654334545135,0.61549311876297,0.14525415003299713,"[5.0, 5.0, 5.0, 5.0, 5.0, 5.0, 5.0, 5.0, 5.0, 5.0, 5.0, 5.0, 5.0, 5.0, 5.0, 5.0, 5.0, 5.0, 4.969455718994141, 4.929477214813232, 4.896383285522461, 4.8699188232421875, 4.849904537200928, 4.836198806762695, 4.82871675491333, 4.827395439147949, 4.832230091094971, 4.843256950378418, 4.860547065734863, 4.884218215942383, 4.914444446563721, 4.951435565948486, 4.99545431137085, 5.0, 5.0, 5.0, 5.0, 5.0, 5.0, 5.0, 5.0, 5.0, 5.0, 5.0, 5.0, 5.0, 5.0, 5.0, 5.0, 5.0, 5.0, 5.0, 5.0, 5.0, 5.0, 5.0, 5.0, 5.0, 5.0, 5.0]"
0.6662313938140869,-1.3581323623657227,-0.2598719894886017,-1.8732558488845825,0.05816832184791565,1.1395633220672607,0.8465508222579956,-0.48024454712867737,0.22959423065185547,0.5918940305709839,0.13962559401988983,"[5.0, 5.0, 5.0, 5.0, 5.0, 5.0, 5.0, 5.0, 5.0, 5.0, 5.0, 5.0, 5.0, 5.0, 5.0, 5.0, 5.0, 5.0, 5.0, 4.9973578453063965, 4.953433990478516, 4.916557788848877, 4.886471271514893, 4.862948417663574, 4.845829010009766, 4.834996700286865, 4.830377578735352, 4.831937313079834, 4.839685440063477, 4.853675365447998, 4.874006271362305, 4.900819778442383, 4.934301376342773, 4.974698066711426, 5.0, 5.0, 5.0, 5.0, 5.0, 5.0, 5.0, 5.0, 5.0, 5.0, 5.0, 5.0, 5.0, 5.0, 5.0, 5.0, 5.0, 5.0, 5.0, 5.0, 5.0, 5.0, 5.0, 5.0, 5.0, 5.0]"
0.7302674651145935,-1.3729338645935059,-0.2811172902584076,-1.7230418920516968,-0.008866604417562485,1.0838706493377686,0.8477720022201538,-0.4771674573421478,0.23149622976779938,0.5669927000999451,0.13492195308208466,"[5.0, 5.0, 5.0, 5.0, 5.0, 5.0, 5.0, 5.0, 5.0, 5.0, 5.0, 5.0, 5.0, 5.0, 5.0, 5.0, 5.0, 5.0, 5.0, 5.0, 5.0, 4.967731952667236, 4.927861213684082, 4.894893646240234, 4.868596076965332, 4.848780632019043, 4.8353071212768555, 4.828085422515869, 4.827062129974365, 4.8322296142578125, 4.843626499176025, 4.861330509185791, 4.885469436645508, 4.9162068367004395, 4.95376443862915, 4.998416423797607, 5.0, 5.0, 5.0, 5.0, 5.0, 5.0, 5.0, 5.0, 5.0, 5.0, 5.0, 5.0, 5.0, 5.0, 5.0, 5.0, 5.0, 5.0, 5.0, 5.0, 5.0, 5.0, 5.0, 5.0]"
0.7972652912139893,-1.3835580348968506,-0.2879120409488678,-1.510933518409729,-0.03605904430150986,0.937481701374054,0.8500889539718628,-0.470498651266098,0.23659278452396393,0.5407522320747375,0.1316767781972885,"[5.0, 5.0, 5.0, 5.0, 5.0, 5.0, 5.0, 5.0, 5.0, 5.0, 5.0, 5.0, 5.0, 5.0, 5.0, 5.0, 5.0, 5.0, 5.0, 5.0, 5.0, 5.0, 4.963807582855225, 4.92206335067749, 4.887290954589844, 4.859241008758545, 4.837710380554199, 4.822544574737549, 4.8136420249938965, 4.810937404632568, 4.814420223236084, 4.824106693267822, 4.840064525604248, 4.8624091148376465, 4.891294956207275, 4.926927089691162, 4.969566822052002, 5.0, 5.0, 5.0, 5.0, 5.0, 5.0, 5.0, 5.0, 5.0, 5.0, 5.0, 5.0, 5.0, 5.0, 5.0, 5.0, 5.0, 5.0, 5.0, 5.0, 5.0, 5.0, 5.0]"
0.8693580627441406,-1.3894621133804321,-0.27857133746147156,-1.2778552770614624,-0.06874500215053558,0.7159407138824463,0.8541123867034912,-0.4586828649044037,0.24514946341514587,0.5132287740707397,0.1297781616449356,"[5.0, 5.0, 5.0, 5.0, 5.0, 5.0, 5.0, 5.0, 5.0, 5.0, 5.0, 5.0, 5.0, 5.0, 5.0, 5.0, 5.0, 5.0, 5.0, 5.0, 5.0, 5.0, 4.996133327484131, 4.946268558502197, 4.903700351715088, 4.8681254386901855, 4.839275360107422, 4.81695032119751, 4.8009843826293945, 4.791273593902588, 4.787747859954834, 4.790379047393799, 4.799195766448975, 4.814245700836182, 4.8356451988220215, 4.86353874206543, 4.898125648498535, 4.939662456512451, 4.988447189331055, 5.0, 5.0, 5.0, 5.0, 5.0, 5.0, 5.0, 5.0, 5.0, 5.0, 5.0, 5.0, 5.0, 5.0, 5.0, 5.0, 5.0, 5.0, 5.0, 5.0, 5.0]"
0.9478241205215454,-1.39018714427948,-0.24996857345104218,-1.0657902956008911,-0.10929074883460999,0.46075958013534546,0.8601663112640381,-0.44070830941200256,0.2566828429698944,0.48448702692985535,0.1286708116531372,"[5.0, 5.0, 5.0, 5.0, 5.0, 5.0, 5.0, 5.0, 5.0, 5.0, 5.0, 5.0, 5.0, 5.0, 5.0, 5.0, 5.0, 5.0, 5.0, 5.0, 5.0, 5.0, 5.0, 4.975388050079346, 4.925379753112793, 4.882665157318115, 4.846926689147949, 4.817907810211182, 4.7953948974609375, 4.779232978820801, 4.769303321838379, 4.76554536819458, 4.767924785614014, 4.776462554931641, 4.7912187576293945, 4.812293529510498, 4.839833736419678, 4.874041557312012, 4.915163516998291, 4.963502407073975, 5.0, 5.0, 5.0, 5.0, 5.0, 5.0, 5.0, 5.0, 5.0, 5.0, 5.0, 5.0, 5.0, 5.0, 5.0, 5.0, 5.0, 5.0, 5.0, 5.0]"
1.0328638553619385,-1.3853919506072998,-0.20308631658554077,-0.8831408023834229,-0.1605030745267868,0.20648789405822754,0.8681509494781494,-0.4161677658557892,0.27039599418640137,0.4546161890029907,0.12768298387527466,"[5.0, 5.0, 5.0, 5.0, 5.0, 5.0, 5.0, 5.0, 5.0, 5.0, 5.0, 5.0, 5.0, 5.0, 5.0, 5.0, 5.0, 5.0, 5.0, 5.0, 5.0, 5.0, 5.0, 5.0, 4.9608659744262695, 4.910996913909912, 4.868414402008057, 4.8328022956848145, 4.803899765014648, 4.781496524810791, 4.765437126159668, 4.755608081817627, 4.7519402503967285, 4.754408836364746, 4.763027667999268, 4.777862071990967, 4.799010753631592, 4.8266282081604, 4.860908508300781, 4.902103900909424, 4.950520992279053, 5.0, 5.0, 5.0, 5.0, 5.0, 5.0, 5.0, 5.0, 5.0, 5.0, 5.0, 5.0, 5.0, 5.0, 5.0, 5.0, 5.0, 5.0, 5.0]"
1.1240453720092773,-1.3746596574783325,-0.14246581494808197,-0.735073447227478,-0.2113732248544693,-0.0281477402895689,0.8777661323547363,-0.3846134543418884,0.2856476306915283,0.4236335754394531,0.12627136707305908,"[5.0, 5.0, 5.0, 5.0, 5.0, 5.0, 5.0, 5.0, 5.0, 5.0, 5.0, 5.0, 5.0, 5.0, 5.0, 5.0, 5.0, 5.0, 5.0, 5.0, 5.0, 5.0, 5.0, 5.0, 5.0, 4.958728313446045, 4.908956527709961, 4.866488456726074, 4.831003189086914, 4.802238464355469, 4.779988765716553, 4.764092922210693, 4.75444221496582, 4.750970363616943, 4.7536516189575195, 4.762503623962402, 4.777589797973633, 4.799013137817383, 4.8269267082214355, 4.861535549163818, 4.90308952331543, 4.951898574829102, 5.0, 5.0, 5.0, 5.0, 5.0, 5.0, 5.0, 5.0, 5.0, 5.0, 5.0, 5.0, 5.0, 5.0, 5.0, 5.0, 5.0, 5.0]"
1.22004234790802,-1.3579152822494507,-0.07342129945755005,-0.6602467894554138,-0.2736052870750427,-0.21409274637699127,0.8884079456329346,-0.34608158469200134,0.30158573389053345,0.39162009954452515,0.12387508898973465,"[5.0, 5.0, 5.0, 5.0, 5.0, 5.0, 5.0, 5.0, 5.0, 5.0, 5.0, 5.0, 5.0, 5.0, 5.0, 5.0, 5.0, 5.0, 5.0, 5.0, 5.0, 5.0, 5.0, 5.0, 5.0, 5.0, 4.975746154785156, 4.925561904907227, 4.8827362060546875, 4.846953392028809, 4.817946910858154, 4.795502185821533, 4.779465675354004, 4.769717693328857, 4.766191482543945, 4.7688679695129395, 4.777757167816162, 4.792927265167236, 4.814484596252441, 4.842583656311035, 4.877419471740723, 4.919261932373047, 4.968416690826416, 5.0, 5.0, 5.0, 5.0, 5.0, 5.0, 5.0, 5.0, 5.0, 5.0, 5.0, 5.0, 5.0, 5.0, 5.0, 5.0, 5.0]"
1.3183894157409668,-1.336446762084961,-0.0008926847949624062,-0.7058297991752625,-0.3482409119606018,-0.3046465814113617,0.8992024660110474,-0.3013378381729126,0.31721433997154236,0.35871028900146484,0.11998516321182251,"[5.0, 5.0, 5.0, 5.0, 5.0, 5.0, 5.0, 5.0, 5.0, 5.0, 5.0, 5.0, 5.0, 5.0, 5.0, 5.0, 5.0, 5.0, 5.0, 5.0, 5.0, 5.0, 5.0, 5.0, 5.0, 5.0, 5.0, 5.0, 4.965890884399414, 4.921582221984863, 4.88444185256958, 4.854197025299072, 4.830623626708984, 4.81355094909668, 4.802859783172607, 4.798476696014404, 4.800367832183838, 4.808542251586914, 4.823064804077148, 4.844038963317871, 4.871606349945068, 4.90597677230835, 4.947399616241455, 4.996191024780273, 5.0, 5.0, 5.0, 5.0, 5.0, 5.0, 5.0, 5.0, 5.0, 5.0, 5.0, 5.0, 5.0, 5.0, 5.0, 5.0]"
1.4157670736312866,-1.3131402730941772,0.06577523797750473,-0.859606146812439,-0.44482260942459106,-0.272209495306015,0.9092657566070557,-0.2509326934814453,0.33205822110176086,0.32497188448905945,0.1144011914730072,"[5.0, 5.0, 5.0, 5.0, 5.0, 5.0, 5.0, 5.0, 5.0, 5.0, 5.0, 5.0, 5.0, 5.0, 5.0, 5.0, 5.0, 5.0, 5.0, 5.0, 5.0, 5.0, 5.0, 5.0, 5.0, 5.0, 5.0, 5.0, 5.0, 5.0, 4.985931396484375, 4.945771217346191, 4.9127116203308105, 4.886504650115967, 4.866964340209961, 4.853951454162598, 4.847364902496338, 4.847162246704102, 4.853346347808838, 4.865954399108887, 4.885079860687256, 4.910854339599609, 4.943475246429443, 4.98318338394165, 5.0, 5.0, 5.0, 5.0, 5.0, 5.0, 5.0, 5.0, 5.0, 5.0, 5.0, 5.0, 5.0, 5.0, 5.0, 5.0]"
1.5079710483551025,-1.2926981449127197,0.11681155860424042,-1.124066948890686,-0.6129478812217712,-0.08023464679718018,0.9177384376525879,-0.1953825205564499,0.34579649567604065,0.29057416319847107,0.10708609968423843,"[5.0, 5.0, 5.0, 5.0, 5.0, 5.0, 5.0, 5.0, 5.0, 5.0, 5.0, 5.0, 5.0, 5.0, 5.0, 5.0, 5.0, 5.0, 5.0, 5.0, 5.0, 5.0, 5.0, 5.0, 5.0, 5.0, 5.0, 5.0, 5.0, 5.0, 5.0, 5.0, 5.0, 5.0, 4.97251033782959, 4.948413372039795, 4.931072235107422, 4.920361518859863, 4.916197299957275, 4.918561935424805, 4.927463054656982, 4.942970275878906, 4.965191841125488, 4.994286060333252, 5.0, 5.0, 5.0, 5.0, 5.0, 5.0, 5.0, 5.0, 5.0, 5.0, 5.0, 5.0, 5.0, 5.0, 5.0, 5.0]"
1.591050148010254,-1.2803821563720703,0.14906471967697144,-1.4526137113571167,-0.859339714050293,0.2610186040401459,0.9237955808639526,-0.1337101012468338,0.3587699234485626,0.2557201087474823,0.09828852862119675,"[5.0, 5.0, 5.0, 5.0, 5.0, 5.0, 5.0, 5.0, 5.0, 5.0, 5.0, 5.0, 5.0, 5.0, 5.0, 5.0, 5.0, 5.0, 5.0, 5.0, 5.0, 5.0, 5.0, 5.0, 5.0, 5.0, 5.0, 5.0, 5.0, 5.0, 5.0, 5.0, 5.0, 5.0, 5.0, 5.0, 5.0, 5.0, 5.0, 5.0, 5.0, 5.0, 5.0, 5.0, 5.0, 5.0, 5.0, 5.0, 5.0, 5.0, 5.0, 5.0, 5.0, 5.0, 5.0, 5.0, 5.0, 5.0, 5.0, 5.0]"
1.6617263555526733,-1.2807519435882568,0.1636369526386261,-1.7494943141937256,-1.0904232263565063,0.7193917036056519,0.9255491495132446,-0.061776719987392426,0.37354251742362976,0.22073198854923248,0.08888748288154602,"[5.0, 5.0, 5.0, 5.0, 5.0, 5.0, 5.0, 5.0, 5.0, 5.0, 5.0, 5.0, 5.0, 5.0, 5.0, 5.0, 5.0, 5.0, 5.0, 5.0, 5.0, 5.0, 5.0, 5.0, 5.0, 5.0, 5.0, 5.0, 5.0, 5.0, 5.0, 5.0, 5.0, 5.0, 5.0, 5.0, 5.0, 5.0, 5.0, 5.0, 5.0, 5.0, 5.0, 5.0, 5.0, 5.0, 5.0, 5.0, 5.0, 5.0, 5.0, 5.0, 5.0, 5.0, 5.0, 5.0, 5.0, 5.0, 5.0, 5.0]"
1.7140547037124634,-1.3009436130523682,0.1521957665681839,-1.9727967977523804,-1.3719723224639893,1.3883142471313477,0.9189105033874512,0.0271096620708704,0.39352089166641235,0.1863214522600174,0.07975694537162781,"[5.0, 5.0, 5.0, 5.0, 5.0, 5.0, 5.0, 5.0, 5.0, 5.0, 5.0, 5.0, 5.0, 5.0, 5.0, 5.0, 5.0, 5.0, 5.0, 5.0, 5.0, 5.0, 5.0, 5.0, 5.0, 5.0, 5.0, 5.0, 5.0, 5.0, 5.0, 5.0, 5.0, 5.0, 5.0, 5.0, 5.0, 5.0, 5.0, 5.0, 5.0, 5.0, 5.0, 5.0, 5.0, 5.0, 5.0, 5.0, 5.0, 5.0, 5.0, 5.0, 5.0, 5.0, 5.0, 5.0, 5.0, 5.0, 5.0, 5.0]"
1.7387821674346924,-1.3496789932250977,0.10181555896997452,-2.11458420753479,-1.8221837282180786,2.3301913738250732,0.8950989842414856,0.14453522861003876,0.42177680134773254,0.1539701521396637,0.07162404805421829,"[5.0, 5.0, 5.0, 5.0, 5.0, 5.0, 5.0, 5.0, 5.0, 5.0, 5.0, 5.0, 5.0, 5.0, 5.0, 5.0, 5.0, 5.0, 5.0, 5.0, 5.0, 5.0, 5.0, 5.0, 5.0, 5.0, 5.0, 5.0, 5.0, 5.0, 5.0, 5.0, 5.0, 5.0, 5.0, 5.0, 5.0, 5.0, 5.0, 5.0, 5.0, 5.0, 5.0, 5.0, 5.0, 5.0, 5.0, 5.0, 5.0, 5.0, 5.0, 5.0, 5.0, 5.0, 5.0, 5.0, 5.0, 5.0, 5.0, 3.4901223182678223]"
1.719211459159851,-1.4367234706878662,-0.035290010273456573,-2.0630340576171875,-2.5431575775146484,3.63930082321167,0.8338490724563599,0.30347445607185364,0.46106937527656555,0.12665404379367828,0.06580930948257446,"[5.0, 5.0, 5.0, 5.0, 5.0, 5.0, 5.0, 5.0, 5.0, 5.0, 5.0, 5.0, 5.0, 5.0, 5.0, 5.0, 5.0, 5.0, 5.0, 5.0, 5.0, 5.0, 5.0, 5.0, 5.0, 5.0, 5.0, 5.0, 5.0, 5.0, 5.0, 5.0, 5.0, 5.0, 5.0, 5.0, 5.0, 5.0, 5.0, 5.0, 5.0, 5.0, 5.0, 5.0, 5.0, 5.0, 5.0, 5.0, 5.0, 5.0, 5.0, 5.0, 5.0, 5.0, 5.0, 5.0, 5.0, 3.4827768802642822, 3.466153383255005, 3.4524502754211426]"
1.6362919807434082,-1.5629429817199707,-0.20292581617832184,-2.143448829650879,-3.2768959999084473,5.15960693359375,0.7056298851966858,0.4991518557071686,0.5029097199440002,0.10970732569694519,0.06383313238620758,"[5.0, 5.0, 5.0, 5.0, 5.0, 5.0, 5.0, 5.0, 5.0, 5.0, 5.0, 5.0, 5.0, 5.0, 5.0, 5.0, 5.0, 5.0, 5.0, 5.0, 5.0, 5.0, 5.0, 5.0, 5.0, 5.0, 5.0, 5.0, 5.0, 5.0, 5.0, 5.0, 5.0, 5.0, 5.0, 5.0, 5.0, 5.0, 5.0, 5.0, 5.0, 5.0, 5.0, 5.0, 5.0, 5.0, 5.0, 5.0, 5.0, 5.0, 5.0, 5.0, 5.0, 5.0, 3.465580463409424, 3.4525935649871826, 3.442476511001587, 3.4351890087127686, 5.0, 5.0]"
1.4761074781417847,-1.7057139873504639,-0.35973259806632996,-2.454395294189453,-4.791149616241455,6.333273887634277,0.5205943584442139,0.6805921792984009,0.5155192017555237,0.10906291753053665,0.06561567634344101,"[5.0, 5.0, 5.0, 5.0, 5.0, 5.0, 5.0, 5.0, 5.0, 5.0, 5.0, 5.0, 5.0, 5.0, 5.0, 5.0, 5.0, 5.0, 5.0, 5.0, 5.0, 5.0, 5.0, 5.0, 5.0, 5.0, 5.0, 5.0, 5.0, 5.0, 5.0, 5.0, 5.0, 5.0, 5.0, 5.0, 5.0, 5.0, 5.0, 5.0, 5.0, 5.0, 5.0, 5.0, 5.0, 5.0, 5.0, 5.0, 5.0, 5.0, 3.4351165294647217, 3.425952434539795, 3.4196157455444336, 3.416083335876465, 5.0, 5.0, 5.0, 5.0, 5.0, 5.0]"
1.198769211769104,-1.8550269603729248,-0.6372817754745483,-3.3855392932891846,-5.7436065673828125,8.348091125488281,0.37192732095718384,0.7722591161727905,0.5150458216667175,0.12494105845689774,0.07507439702749252,"[5.0, 5.0, 5.0, 5.0, 5.0, 5.0, 5.0, 5.0, 5.0, 5.0, 5.0, 5.0, 5.0, 5.0, 5.0, 5.0, 5.0, 5.0, 5.0, 5.0, 5.0, 5.0, 5.0, 5.0, 5.0, 5.0, 5.0, 5.0, 5.0, 5.0, 5.0, 5.0, 5.0, 5.0, 5.0, 5.0, 5.0, 5.0, 5.0, 5.0, 5.0, 5.0, 5.0, 5.0, 3.4065778255462646, 3.399143934249878, 3.3945300579071045, 3.3927204608917236, 5.0, 5.0, 5.0, 5.0, 5.0, 5.0, 5.0, 5.0, 5.0, 5.0, 5.0, 5.0]"
0.8108895421028137,-1.9649403095245361,-0.7596502900123596,-3.718794107437134,-5.781762599945068,9.976123809814453,0.3337208926677704,0.7889166474342346,0.5159743428230286,0.150826096534729,0.0908505991101265,"[5.0, 5.0, 5.0, 5.0, 5.0, 5.0, 5.0, 5.0, 5.0, 5.0, 5.0, 5.0, 5.0, 5.0, 5.0, 5.0, 5.0, 5.0, 5.0, 5.0, 5.0, 5.0, 5.0, 5.0, 5.0, 5.0, 5.0, 5.0, 5.0, 5.0, 5.0, 5.0, 5.0, 5.0, 5.0, 5.0, 3.3936715126037598, 3.384688138961792, 3.378544569015503, 3.375231981277466, 3.374725103378296, 5.0, 5.0, 5.0, 5.0, 5.0, 5.0, 5.0, 5.0, 5.0, 5.0, 5.0, 5.0, 5.0, 5.0, 5.0, 5.0, 5.0, 5.0, 5.0]"
0.3282102346420288,-1.9856492280960083,-0.7859824895858765,-5.228087425231934,-5.265410900115967,12.132105827331543,0.39893990755081177,0.7495869398117065,0.5281636714935303,0.17983925342559814,0.11186011135578156,"[5.0, 5.0, 5.0, 5.0, 5.0, 5.0, 5.0, 5.0, 5.0, 5.0, 5.0, 5.0, 5.0, 5.0, 5.0, 5.0, 5.0, 5.0, 5.0, 5.0, 5.0, 5.0, 5.0, 5.0, 5.0, 5.0, 5.0, 3.40100359916687, 3.390427350997925, 3.3827738761901855, 3.378000259399414, 3.376103639602661, 5.0, 5.0, 5.0, 5.0, 5.0, 5.0, 5.0, 5.0, 5.0, 5.0, 5.0, 5.0, 5.0, 5.0, 5.0, 5.0, 5.0, 5.0, 5.0, 5.0, 5.0, 5.0, 5.0, 5.0, 5.0, 5.0, 5.0, 5.0]"
-0.18288210034370422,-1.8856309652328491,-0.689926266670227,-4.727299213409424,-4.3057684898376465,13.424782752990723,0.5244535207748413,0.6653261184692383,0.5313016772270203,0.20922760665416718,0.13121561706066132,"[5.0, 5.0, 5.0, 5.0, 5.0, 5.0, 5.0, 5.0, 5.0, 5.0, 5.0, 5.0, 5.0, 5.0, 5.0, 5.0, 5.0, 3.4452297687530518, 3.4315552711486816, 3.4209306240081787, 3.413299083709717, 5.0, 5.0, 5.0, 5.0, 5.0, 5.0, 5.0, 5.0, 5.0, 5.0, 5.0, 5.0, 5.0, 5.0, 5.0, 5.0, 5.0, 5.0, 5.0, 5.0, 5.0, 5.0, 5.0, 5.0, 5.0, 5.0, 5.0, 5.0, 5.0, 5.0, 5.0, 5.0, 5.0, 5.0, 5.0, 5.0, 5.0, 5.0, 5.0]"
-0.6631060838699341,-1.6371175050735474,-0.5739258527755737,-5.162282943725586,-3.640936851501465,14.524710655212402,0.6703030467033386,0.5259793400764465,0.523481011390686,0.23822680115699768,0.1463642716407776,"[5.0, 5.0, 5.0, 5.0, 5.0, 3.5660369396209717, 3.543797731399536, 3.5249171257019043, 3.5093066692352295, 3.496882915496826, 5.0, 5.0, 5.0, 5.0, 5.0, 5.0, 5.0, 5.0, 5.0, 5.0, 5.0, 5.0, 5.0, 5.0, 5.0, 5.0, 5.0, 5.0, 5.0, 5.0, 5.0, 5.0, 5.0, 5.0, 5.0, 5.0, 5.0, 5.0, 5.0, 5.0, 5.0, 5.0, 5.0, 5.0, 5.0, 5.0, 5.0, 5.0, 5.0, 5.0, 5.0, 5.0, 4.940773963928223, 4.822736740112305, 4.716325759887695, 4.620436668395996, 4.534177780151367, 4.456754207611084, 4.387480735778809, 4.325777530670166]"
-1.0543500185012817,-1.2426784038543701,-0.37271642684936523,-5.936464309692383,-1.9239122867584229,16.563749313354492,0.8010376691818237,0.3100435137748718,0.51205974817276,0.2655268609523773,0.15829354524612427,"[5.0, 5.0, 5.0, 5.0, 5.0, 5.0, 5.0, 5.0, 5.0, 5.0, 5.0, 5.0, 5.0, 5.0, 5.0, 5.0, 5.0, 5.0, 5.0, 5.0, 5.0, 5.0, 5.0, 5.0, 5.0, 5.0, 5.0, 5.0, 5.0, 5.0, 5.0, 5.0, 5.0, 5.0, 5.0, 5.0, 5.0, 5.0, 5.0, 5.0, 4.839640140533447, 4.672885894775391, 4.522915363311768, 4.38771915435791, 4.2656168937683105, 4.155200958251953, 4.055275917053223, 3.964820623397827, 3.882957935333252, 3.8089513778686523, 3.7421464920043945, 3.681988000869751, 3.628005266189575, 3.579772472381592, 3.5369389057159424, 3.499197244644165, 3.4662845134735107, 3.437974691390991, 3.4140841960906982, 3.394455909729004]"
-1.2854751348495483,-0.770983099937439,-0.16454893350601196,-3.622523307800293,-3.9339871406555176,15.238507270812988,0.8909173011779785,0.06873542070388794,0.44892725348472595,0.2963568866252899,0.14888978004455566,"[5.0, 5.0, 5.0, 5.0, 5.0, 5.0, 5.0, 5.0, 5.0, 5.0, 5.0, 5.0, 5.0, 5.0, 5.0, 5.0, 5.0, 5.0, 5.0, 5.0, 5.0, 5.0, 5.0, 5.0, 5.0, 5.0, 5.0, 5.0, 5.0, 5.0, 5.0, 5.0, 5.0, 4.8505682945251465, 4.670403003692627, 4.508739471435547, 4.363266944885254, 4.232043266296387, 4.113448619842529, 4.006124496459961, 3.90891170501709, 3.8208320140838623, 3.7410295009613037, 3.6687827110290527, 3.6034770011901855, 3.5445661544799805, 3.491581678390503, 3.4441254138946533, 3.401846170425415, 3.3644490242004395, 3.331674098968506, 3.303297519683838, 3.279137372970581, 3.259037733078003, 3.242870569229126, 3.230537176132202, 3.221961736679077, 3.2170896530151367, 3.2158937454223633, 3.2183632850646973]"
-1.3292614221572876,-0.34015750885009766,0.02232372760772705,-0.8023543357849121,-5.569756031036377,12.528531074523926,0.9302061796188354,-0.1474112570285797,0.3361259400844574,0.328226774930954,0.11714152246713638,"[5.0, 5.0, 5.0, 5.0, 5.0, 5.0, 5.0, 5.0, 5.0, 5.0, 5.0, 5.0, 5.0, 5.0, 5.0, 5.0, 5.0, 5.0, 5.0, 5.0, 5.0, 5.0, 5.0, 5.0, 5.0, 5.0, 5.0, 5.0, 5.0, 5.0, 5.0, 5.0, 4.95635986328125, 4.803647518157959, 4.665971279144287, 4.541663646697998, 4.429327011108398, 4.327757358551025, 4.235945224761963, 4.153022766113281, 4.078238010406494, 4.01094913482666, 3.95060133934021, 3.8967201709747314, 3.848893404006958, 3.806765556335449, 3.7700371742248535, 3.7384533882141113, 3.711796998977661, 3.689890146255493, 3.6725893020629883, 3.6597795486450195, 3.6513843536376953, 3.6473472118377686, 3.6476383209228516, 3.6522669792175293, 3.6612584590911865, 3.6746718883514404, 3.6925957202911377, 3.715139627456665]"
-1.2551686763763428,-0.0028596073389053345,0.0886220932006836,2.311781644821167,-6.206813812255859,9.684074401855469,0.9218651056289673,-0.3214642405509949,0.2163792848587036,0.35516104102134705,0.0787145122885704,"[5.0, 5.0, 5.0, 5.0, 5.0, 5.0, 5.0, 5.0, 5.0, 5.0, 5.0, 5.0, 5.0, 5.0, 5.0, 5.0, 5.0, 5.0, 5.0, 5.0, 5.0, 5.0, 5.0, 5.0, 5.0, 5.0, 5.0, 5.0, 5.0, 5.0, 5.0, 5.0, 5.0, 5.0, 5.0, 5.0, 5.0, 5.0, 5.0, 5.0, 5.0, 5.0, 5.0, 5.0, 5.0, 5.0, 5.0, 5.0, 5.0, 5.0, 5.0, 5.0, 5.0, 5.0, 5.0, 5.0, 5.0, 5.0, 5.0, 5.0]"
-1.1345553398132324,0.2335810363292694,0.0487840473651886,4.544180870056152,-3.181981086730957,6.847275257110596,0.8795806765556335,-0.44673028588294983,0.16359886527061462,0.3778764605522156,0.06266461312770844,"[5.0, 5.0, 5.0, 5.0, 5.0, 5.0, 5.0, 5.0, 5.0, 5.0, 5.0, 5.0, 5.0, 5.0, 5.0, 5.0, 5.0, 5.0, 5.0, 5.0, 5.0, 5.0, 5.0, 5.0, 5.0, 5.0, 5.0, 5.0, 5.0, 5.0, 5.0, 5.0, 5.0, 5.0, 5.0, 5.0, 5.0, 5.0, 5.0, 5.0, 5.0, 5.0, 5.0, 5.0, 5.0, 5.0, 5.0, 5.0, 5.0, 5.0, 5.0, 5.0, 5.0, 5.0, 5.0, 5.0, 5.0, 5.0, 5.0, 5.0]"
-1.0356106758117676,0.3546384572982788,-0.06840036809444427,6.467990398406982,-1.264757752418518,3.0031814575195312,0.8437648415565491,-0.5047165751457214,0.18252944946289062,0.3997766375541687,0.0742180347442627,"[5.0, 5.0, 5.0, 5.0, 5.0, 5.0, 5.0, 5.0, 5.0, 5.0, 5.0, 5.0, 5.0, 5.0, 5.0, 5.0, 5.0, 5.0, 5.0, 5.0, 5.0, 5.0, 5.0, 5.0, 5.0, 5.0, 5.0, 5.0, 5.0, 5.0, 5.0, 5.0, 5.0, 5.0, 5.0, 5.0, 5.0, 5.0, 5.0, 5.0, 5.0, 5.0, 5.0, 5.0, 5.0, 5.0, 5.0, 5.0, 5.0, 5.0, 5.0, 5.0, 5.0, 5.0, 5.0, 5.0, 5.0, 5.0, 5.0, 5.0]"
-0.9657833576202393,0.37114015221595764,-0.07017575204372406,6.982885837554932,0.5036286115646362,-0.3516111373901367,0.8342676758766174,-0.4949341416358948,0.24296696484088898,0.4192955791950226,0.10502226650714874,"[5.0, 5.0, 5.0, 5.0, 5.0, 5.0, 5.0, 5.0, 5.0, 5.0, 5.0, 5.0, 5.0, 5.0, 5.0, 5.0, 5.0, 5.0, 5.0, 5.0, 5.0, 5.0, 5.0, 5.0, 5.0, 5.0, 5.0, 5.0, 5.0, 5.0, 5.0, 5.0, 5.0, 5.0, 5.0, 5.0, 5.0, 5.0, 5.0, 5.0, 5.0, 5.0, 5.0, 5.0, 5.0, 5.0, 5.0, 5.0, 5.0, 5.0, 5.0, 5.0, 5.0, 5.0, 5.0, 5.0, 5.0, 5.0, 5.0, 5.0]"
-0.9167578816413879,0.32270342111587524,0.04407510161399841,5.972105979919434,1.3589403629302979,-2.5630760192871094,0.846158504486084,-0.4368863105773926,0.3051912486553192,0.4347669780254364,0.13933491706848145,"[5.0, 5.0, 5.0, 5.0, 5.0, 5.0, 5.0, 5.0, 5.0, 5.0, 5.0, 5.0, 5.0, 5.0, 5.0, 5.0, 5.0, 5.0, 5.0, 5.0, 5.0, 5.0, 5.0, 5.0, 5.0, 5.0, 5.0, 5.0, 5.0, 5.0, 5.0, 5.0, 5.0, 5.0, 5.0, 5.0, 5.0, 5.0, 5.0, 5.0, 5.0, 5.0, 5.0, 5.0, 5.0, 5.0, 5.0, 5.0, 5.0, 5.0, 5.0, 5.0, 5.0, 5.0, 5.0, 5.0, 5.0, 5.0, 5.0, 5.0]"
-0.8717492818832397,0.23790621757507324,0.20050972700119019,5.1707611083984375,1.5073370933532715,-3.699693202972412,0.8671700358390808,-0.3527275621891022,0.3515610694885254,0.4470926523208618,0.16789856553077698,"[4.432339668273926, 4.404255390167236, 4.381983280181885, 4.365386009216309, 4.3543500900268555, 4.348784923553467, 4.348656177520752, 4.35398530960083, 4.36478328704834, 4.381134986877441, 4.403141498565674, 4.430973052978516, 4.464804172515869, 4.5048828125, 4.551498889923096, 4.60499906539917, 4.6657915115356445, 4.734364032745361, 4.811268329620361, 4.897167205810547, 4.992819309234619, 5.0, 5.0, 5.0, 5.0, 5.0, 5.0, 5.0, 5.0, 5.0, 5.0, 5.0, 5.0, 5.0, 5.0, 5.0, 5.0, 5.0, 5.0, 5.0, 5.0, 5.0, 5.0, 5.0, 5.0, 5.0, 5.0, 5.0, 5.0, 5.0, 5.0, 5.0, 5.0, 5.0, 5.0, 5.0, 5.0, 5.0, 5.0, 5.0]"
-0.8153658509254456,0.13932445645332336,0.31672918796539307,3.9442296028137207,0.43048131465911865,-3.657416343688965,0.8915591239929199,-0.2661721110343933,0.36642956733703613,0.45957404375076294,0.1809905767440796,"[3.7685458660125732, 3.748290777206421, 3.732638359069824, 3.7214863300323486, 3.7147634029388428, 3.7124173641204834, 3.7144434452056885, 3.720855712890625, 3.7317044734954834, 3.74702787399292, 3.7669529914855957, 3.791590929031372, 3.8211140632629395, 3.855705976486206, 3.895617961883545, 3.941129207611084, 3.9925527572631836, 4.050281047821045, 4.1147565841674805, 4.186492919921875, 4.266085624694824, 4.354225158691406, 4.451717376708984, 4.5594987869262695, 4.678666114807129, 4.810513973236084, 4.956546306610107, 5.0, 5.0, 5.0, 5.0, 5.0, 5.0, 5.0, 5.0, 5.0, 5.0, 5.0, 5.0, 5.0, 5.0, 5.0, 5.0, 5.0, 5.0, 5.0, 5.0, 5.0, 5.0, 5.0, 5.0, 5.0, 5.0, 5.0, 5.0, 5.0, 5.0, 5.0, 5.0, 5.0]"
-0.7369228601455688,0.039056167006492615,0.3891865015029907,2.6951138973236084,-1.1855506896972656,-3.292564868927002,0.9200505018234253,-0.18924619257450104,0.34305816888809204,0.47464609146118164,0.17335158586502075,"[3.5628721714019775, 3.5457990169525146, 3.532968759536743, 3.524272918701172, 3.5196621417999268, 3.519104242324829, 3.522623300552368, 3.53021240234375, 3.541923761367798, 3.5578341484069824, 3.5780417919158936, 3.6026740074157715, 3.6318907737731934, 3.6658880710601807, 3.7048871517181396, 3.7491562366485596, 3.799014091491699, 3.854823112487793, 3.9170074462890625, 3.986053228378296, 4.062524318695068, 4.147087574005127, 4.240492343902588, 4.343630790710449, 4.4575395584106445, 4.58342170715332, 4.722723960876465, 4.877133369445801, 5.0, 5.0, 5.0, 5.0, 5.0, 5.0, 5.0, 5.0, 5.0, 5.0, 5.0, 5.0, 5.0, 5.0, 5.0, 5.0, 5.0, 5.0, 5.0, 5.0, 5.0, 5.0, 5.0, 5.0, 5.0, 5.0, 5.0, 5.0, 5.0, 5.0, 5.0, 5.0]"
-0.6379134654998779,-0.0587669312953949,0.45985162258148193,1.6502103805541992,-1.7197301387786865,-2.673718214035034,0.9464799165725708,-0.12577581405639648,0.2972411811351776,0.48993879556655884,0.15252400934696198,"[3.5665671825408936, 3.5512948036193848, 3.5402321815490723, 3.533287525177002, 3.530413866043091, 3.5316219329833984, 3.536888599395752, 3.5462496280670166, 3.559786319732666, 3.5775558948516846, 3.599684953689575, 3.6263062953948975, 3.657606601715088, 3.6937801837921143, 3.7350621223449707, 3.781761646270752, 3.8342061042785645, 3.892770528793335, 3.9579272270202637, 4.030178070068359, 4.110129356384277, 4.198484420776367, 4.296054363250732, 4.403778553009033, 4.522764682769775, 4.65431547164917, 4.799962520599365, 4.961521625518799, 5.0, 5.0, 5.0, 5.0, 5.0, 5.0, 5.0, 5.0, 5.0, 5.0, 5.0, 5.0, 5.0, 5.0, 5.0, 5.0, 5.0, 5.0, 5.0, 5.0, 5.0, 5.0, 5.0, 5.0, 5.0, 5.0, 5.0, 5.0, 5.0, 5.0, 5.0, 5.0]"
-0.5322475433349609,-0.15255457162857056,0.5119737982749939,0.7210733294487,-1.5244290828704834,-1.823957920074463,0.9659133553504944,-0.07818291336297989,0.24676886200904846,0.5028784275054932,0.12805518507957458,"[3.6658027172088623, 3.651334524154663, 3.6411941051483154, 3.6353108882904053, 3.6336581707000732, 3.6362154483795166, 3.642982006072998, 3.6540446281433105, 3.669429302215576, 3.6892447471618652, 3.713630437850952, 3.742734670639038, 3.7767457962036133, 3.815889835357666, 3.860443115234375, 3.9107248783111572, 3.9670963287353516, 4.029974460601807, 4.0998687744140625, 4.177341938018799, 4.263059139251709, 4.357785224914551, 4.462418556213379, 4.578003406524658, 4.70576286315918, 4.847135543823242, 5.0, 5.0, 5.0, 5.0, 5.0, 5.0, 5.0, 5.0, 5.0, 5.0, 5.0, 5.0, 5.0, 5.0, 5.0, 5.0, 5.0, 5.0, 5.0, 5.0, 5.0, 5.0, 5.0, 5.0, 5.0, 5.0, 5.0, 5.0, 5.0, 5.0, 5.0, 5.0, 5.0, 5.0]"
-0.43261775374412537,-0.24310354888439178,0.5157417058944702,-0.11752098798751831,-0.8883551359176636,-0.7753568887710571,0.9776187539100647,-0.04880216717720032,0.20463624596595764,0.5127366185188293,0.10719312727451324,"[3.804518222808838, 3.7896523475646973, 3.7793164253234863, 3.773449420928955, 3.7720084190368652, 3.774998903274536, 3.782405376434326, 3.7943155765533447, 3.8107728958129883, 3.831897735595703, 3.8578243255615234, 3.8887181282043457, 3.9247889518737793, 3.9662702083587646, 4.013463973999023, 4.066714763641357, 4.126413345336914, 4.193005561828613, 4.267042636871338, 4.349122524261475, 4.439980983734131, 4.540427207946777, 4.651443958282471, 4.774155616760254, 4.9098944664001465, 5.0, 5.0, 5.0, 5.0, 5.0, 5.0, 5.0, 5.0, 5.0, 5.0, 5.0, 5.0, 5.0, 5.0, 5.0, 5.0, 5.0, 5.0, 5.0, 5.0, 5.0, 5.0, 5.0, 5.0, 5.0, 5.0, 5.0, 5.0, 5.0, 5.0, 5.0, 5.0, 5.0, 5.0, 5.0]"
-0.3474753499031067,-0.33080053329467773,0.4757758677005768,-0.9008840918540955,-0.005019813776016235,0.3773002624511719,0.9830085039138794,-0.03918274864554405,0.17931851744651794,0.5199685096740723,0.09477639198303223,"[3.9459784030914307, 3.9289767742156982, 3.916750431060791, 3.909208297729492, 3.906294584274292, 3.908015251159668, 3.914370536804199, 3.925408124923706, 3.941175699234009, 3.961796522140503, 3.9873976707458496, 4.0181355476379395, 4.054239749908447, 4.095950126647949, 4.143540859222412, 4.197377681732178, 4.257850646972656, 4.325433731079102, 4.400649547576904, 4.484152793884277, 4.576642990112305, 4.67899227142334, 4.792173862457275, 4.917336940765381, 5.0, 5.0, 5.0, 5.0, 5.0, 5.0, 5.0, 5.0, 5.0, 5.0, 5.0, 5.0, 5.0, 5.0, 5.0, 5.0, 5.0, 5.0, 5.0, 5.0, 5.0, 5.0, 5.0, 5.0, 5.0, 5.0, 5.0, 5.0, 5.0, 5.0, 5.0, 5.0, 5.0, 5.0, 5.0, 5.0]"
-0.2796695828437805,-0.4146996736526489,0.4038051962852478,-1.4967999458312988,0.8923549056053162,1.5169832706451416,0.9835430383682251,-0.04942737892270088,0.17377105355262756,0.5252162218093872,0.0926775336265564,"[4.054792404174805, 4.0339531898498535, 4.018109321594238, 4.007145881652832, 4.001007556915283, 3.9996349811553955, 4.003030300140381, 4.01121711730957, 4.0242462158203125, 4.042189121246338, 4.065189361572266, 4.0933661460876465, 4.126936912536621, 4.166107654571533, 4.211162090301514, 4.262420654296875, 4.320258140563965, 4.3851094245910645, 4.457495212554932, 4.538006782531738, 4.627330303192139, 4.726262092590332, 4.835743427276611, 4.956851482391357, 5.0, 5.0, 5.0, 5.0, 5.0, 5.0, 5.0, 5.0, 5.0, 5.0, 5.0, 5.0, 5.0, 5.0, 5.0, 5.0, 5.0, 5.0, 5.0, 5.0, 5.0, 5.0, 5.0, 5.0, 5.0, 5.0, 5.0, 5.0, 5.0, 5.0, 5.0, 5.0, 5.0, 5.0, 5.0, 5.0]"
-0.22670748829841614,-0.4925404191017151,0.30861717462539673,-1.9000391960144043,1.4731245040893555,2.466569423675537,0.9799754619598389,-0.07685596495866776,0.18367740511894226,0.5286903381347656,0.09878940880298615,"[4.1225433349609375, 4.097131252288818, 4.076891899108887, 4.061701774597168, 4.0514445304870605, 4.046065330505371, 4.045530319213867, 4.049825191497803, 4.058992385864258, 4.073092460632324, 4.09219217300415, 4.1164398193359375, 4.145985126495361, 4.181034088134766, 4.221807479858398, 4.268619537353516, 4.321796894073486, 4.381720066070557, 4.448863983154297, 4.523758411407471, 4.607033729553223, 4.699389934539795, 4.801692485809326, 4.914890766143799, 5.0, 5.0, 5.0, 5.0, 5.0, 5.0, 5.0, 5.0, 5.0, 5.0, 5.0, 5.0, 5.0, 5.0, 5.0, 5.0, 5.0, 5.0, 5.0, 5.0, 5.0, 5.0, 5.0, 5.0, 5.0, 5.0, 5.0, 5.0, 5.0, 5.0, 5.0, 5.0, 5.0, 5.0, 5.0, 5.0]"
-0.18351417779922485,-0.5632498860359192,0.2046009749174118,-2.186767339706421,1.6645129919052124,3.1250360012054443,0.9725584387779236,-0.11664112657308578,0.2012987583875656,0.5304043292999268,0.10900120437145233,"[4.173242568969727, 4.143341541290283, 4.118795871734619, 4.0994367599487305, 4.085143566131592, 4.075802326202393, 4.071373462677002, 4.071826934814453, 4.0771636962890625, 4.087406635284424, 4.102634429931641, 4.122946262359619, 4.148461818695068, 4.179372787475586, 4.215862274169922, 4.258204460144043, 4.30667781829834, 4.361653804779053, 4.423544406890869, 4.4928083419799805, 4.5700249671936035, 4.655831336975098, 4.750978946685791, 4.856339454650879, 4.972944736480713, 5.0, 5.0, 5.0, 5.0, 5.0, 5.0, 5.0, 5.0, 5.0, 5.0, 5.0, 5.0, 5.0, 5.0, 5.0, 5.0, 5.0, 5.0, 5.0, 5.0, 5.0, 5.0, 5.0, 5.0, 5.0, 5.0, 5.0, 5.0, 5.0, 5.0, 5.0, 5.0, 5.0, 5.0, 5.0]"
-0.14665080606937408,-0.6277072429656982,0.11378562450408936,-2.4525249004364014,1.6192896366119385,3.545694351196289,0.9615349173545837,-0.16424913704395294,0.22015677392482758,0.5304458737373352,0.11971883475780487,"[4.240187644958496, 4.205833435058594, 4.1770339012146, 4.153607368469238, 4.135403156280518, 4.122293472290039, 4.1142072677612305, 4.111082553863525, 4.112886428833008, 4.119653701782227, 4.131422996520996, 4.14825439453125, 4.170280456542969, 4.197619438171387, 4.230476379394531, 4.269073963165283, 4.3136773109436035, 4.364593982696533, 4.422220706939697, 4.486977577209473, 4.559382915496826, 4.640021324157715, 4.7295918464660645, 4.828886985778809, 4.938826560974121, 5.0, 5.0, 5.0, 5.0, 5.0, 5.0, 5.0, 5.0, 5.0, 5.0, 5.0, 5.0, 5.0, 5.0, 5.0, 5.0, 5.0, 5.0, 5.0, 5.0, 5.0, 5.0, 5.0, 5.0, 5.0, 5.0, 5.0, 5.0, 5.0, 5.0, 5.0, 5.0, 5.0, 5.0, 5.0]"
-0.1148349866271019,-0.6870879530906677,0.049204833805561066,-2.750732898712158,1.4942238330841064,3.7812957763671875,0.9473779797554016,-0.21598786115646362,0.23626385629177094,0.5289685726165771,0.12861770391464233,"[4.35159158706665, 4.31181526184082, 4.277929306030273, 4.249721527099609, 4.226986885070801, 4.209569931030273, 4.197360515594482, 4.190290451049805, 4.188298225402832, 4.19136905670166, 4.199544429779053, 4.212861061096191, 4.231400012969971, 4.255300998687744, 4.284705638885498, 4.319833755493164, 4.360907077789307, 4.408230304718018, 4.4621405601501465, 4.523046016693115, 4.591409683227539, 4.6677937507629395, 4.752820014953613, 4.847238540649414, 4.951903820037842, 5.0, 5.0, 5.0, 5.0, 5.0, 5.0, 5.0, 5.0, 5.0, 5.0, 5.0, 5.0, 5.0, 5.0, 5.0, 5.0, 5.0, 5.0, 5.0, 5.0, 5.0, 5.0, 5.0, 5.0, 5.0, 5.0, 5.0, 5.0, 5.0, 5.0, 5.0, 5.0, 5.0, 5.0, 5.0]"
-0.0874459519982338,-0.7421996593475342,0.005662083625793457,-3.0361948013305664,1.358547568321228,3.877673625946045,0.9306821823120117,-0.2691897451877594,0.24771705269813538,0.5261836647987366,0.13453815877437592,"[4.524328231811523, 4.476936340332031, 4.43596076965332, 4.4011311531066895, 4.372176647186279, 4.348907947540283, 4.331183910369873, 4.318869113922119, 4.311882972717285, 4.310200214385986, 4.31378173828125, 4.322675704956055, 4.336921691894531, 4.3566203117370605, 4.381906986236572, 4.41294527053833, 4.449960231781006, 4.493201732635498, 4.54298210144043, 4.599672794342041, 4.663704872131348, 4.735579967498779, 4.815883159637451, 4.905298233032227, 5.0, 5.0, 5.0, 5.0, 5.0, 5.0, 5.0, 5.0, 5.0, 5.0, 5.0, 5.0, 5.0, 5.0, 5.0, 5.0, 5.0, 5.0, 5.0, 5.0, 5.0, 5.0, 5.0, 5.0, 5.0, 5.0, 5.0, 5.0, 5.0, 5.0, 5.0, 5.0, 5.0, 5.0, 5.0, 5.0]"
-0.06338520348072052,-0.7929418683052063,-0.03393419086933136,-3.199108839035034,1.2254048585891724,3.865938186645508,0.9122112393379211,-0.32130399346351624,0.2542255222797394,0.5221781134605408,0.13726098835468292,"[4.757959842681885, 4.699893474578857, 4.649011135101318, 4.6049628257751465, 4.567416191101074, 4.536093711853027, 4.5107951164245605, 4.491335391998291, 4.4775896072387695, 4.469459533691406, 4.466890811920166, 4.469871520996094, 4.478423595428467, 4.492594242095947, 4.512482643127441, 4.5382304191589355, 4.570001602172852, 4.608031272888184, 4.65258264541626, 4.703977584838867, 4.762611389160156, 4.828924179077148, 4.903453350067139, 4.986812114715576, 5.0, 5.0, 5.0, 5.0, 5.0, 5.0, 5.0, 5.0, 5.0, 5.0, 5.0, 5.0, 5.0, 5.0, 5.0, 5.0, 5.0, 5.0, 5.0, 5.0, 5.0, 5.0, 5.0, 5.0, 5.0, 5.0, 5.0, 5.0, 5.0, 5.0, 5.0, 5.0, 5.0, 5.0, 5.0, 5.0]"
-0.04031547158956528,-0.8390972018241882,-0.07333111763000488,-3.0764963626861572,1.1360362768173218,3.7211694717407227,0.892680287361145,-0.369570255279541,0.25794529914855957,0.5169176459312439,0.13800698518753052,"[5.0, 4.941715240478516, 4.878710746765137, 4.823400020599365, 4.7753729820251465, 4.734255790710449, 4.699747562408447, 4.671614646911621, 4.649656295776367, 4.633718490600586, 4.623693943023682, 4.619516372680664, 4.621155261993408, 4.628622531890869, 4.641966342926025, 4.661279201507568, 4.686695098876953, 4.718389987945557, 4.756587028503418, 4.801563262939453, 4.853645324707031, 4.91323184967041, 4.980783462524414, 5.0, 5.0, 5.0, 5.0, 5.0, 5.0, 5.0, 5.0, 5.0, 5.0, 5.0, 5.0, 5.0, 5.0, 5.0, 5.0, 5.0, 5.0, 5.0, 5.0, 5.0, 5.0, 5.0, 5.0, 5.0, 5.0, 5.0, 5.0, 5.0, 5.0, 5.0, 5.0, 5.0, 5.0, 5.0, 5.0, 5.0]"
-0.01476992666721344,-0.8817341327667236,-0.10161812603473663,-2.586676836013794,1.0764079093933105,3.384263515472412,0.8735870122909546,-0.4098881185054779,0.26236170530319214,0.5101725459098816,0.13870905339717865,"[5.0, 5.0, 5.0, 4.986317157745361, 4.928415775299072, 4.878061771392822, 4.834884166717529, 4.798558235168457, 4.7688164710998535, 4.745458126068115, 4.728315830230713, 4.717273235321045, 4.712251663208008, 4.71321964263916, 4.720183372497559, 4.733185768127441, 4.752321720123291, 4.777720928192139, 4.809564590454102, 4.848074913024902, 4.893533706665039, 4.946279525756836, 5.0, 5.0, 5.0, 5.0, 5.0, 5.0, 5.0, 5.0, 5.0, 5.0, 5.0, 5.0, 5.0, 5.0, 5.0, 5.0, 5.0, 5.0, 5.0, 5.0, 5.0, 5.0, 5.0, 5.0, 5.0, 5.0, 5.0, 5.0, 5.0, 5.0, 5.0, 5.0, 5.0, 5.0, 5.0, 5.0, 5.0, 5.0]"
0.018051251769065857,-0.9225179553031921,-0.09502933919429779,-1.9789881706237793,1.1015326976776123,2.814300775527954,0.857143759727478,-0.43835872411727905,0.2704482078552246,0.5017329454421997,0.1409454643726349,"[5.0, 5.0, 5.0, 5.0, 4.975633144378662, 4.9184770584106445, 4.868832588195801, 4.826328754425049, 4.790649890899658, 4.761536121368408, 4.738787651062012, 4.7222394943237305, 4.711787223815918, 4.707346439361572, 4.708896160125732, 4.716442584991455, 4.730038642883301, 4.749782085418701, 4.7758002281188965, 4.80828332901001, 4.84745979309082, 4.893619060516357, 4.94710111618042, 5.0, 5.0, 5.0, 5.0, 5.0, 5.0, 5.0, 5.0, 5.0, 5.0, 5.0, 5.0, 5.0, 5.0, 5.0, 5.0, 5.0, 5.0, 5.0, 5.0, 5.0, 5.0, 5.0, 5.0, 5.0, 5.0, 5.0, 5.0, 5.0, 5.0, 5.0, 5.0, 5.0, 5.0, 5.0, 5.0, 5.0]"
0.060086727142333984,-0.9630851745605469,-0.05081169307231903,-1.5669820308685303,0.9398467540740967,2.140885829925537,0.8464147448539734,-0.4534571170806885,0.2792041301727295,0.4917503595352173,0.1429852843284607,"[5.0, 5.0, 5.0, 5.0, 4.972657680511475, 4.910215854644775, 4.855508804321289, 4.80812931060791, 4.767714977264404, 4.733974456787109, 4.706669330596924, 4.685603618621826, 4.670632839202881, 4.661651611328125, 4.658599853515625, 4.661457061767578, 4.670246124267578, 4.6850199699401855, 4.705885410308838, 4.732985973358154, 4.7665114402771, 4.806701183319092, 4.853850841522217, 4.908308982849121, 4.970496654510498, 5.0, 5.0, 5.0, 5.0, 5.0, 5.0, 5.0, 5.0, 5.0, 5.0, 5.0, 5.0, 5.0, 5.0, 5.0, 5.0, 5.0, 5.0, 5.0, 5.0, 5.0, 5.0, 5.0, 5.0, 5.0, 5.0, 5.0, 5.0, 5.0, 5.0, 5.0, 5.0, 5.0, 5.0, 5.0]"
0.11116378009319305,-1.0046939849853516,0.0017069727182388306,-1.4227228164672852,0.6681124567985535,1.605194091796875,0.8423661589622498,-0.4576309323310852,0.2845859229564667,0.48053106665611267,0.14265123009681702,"[5.0, 5.0, 5.0, 5.0, 5.0, 4.932743072509766, 4.872316360473633, 4.819491386413574, 4.773865699768066, 4.735102653503418, 4.702919960021973, 4.677082538604736, 4.657417297363281, 4.643784523010254, 4.636089324951172, 4.634281158447266, 4.63834810256958, 4.648318290710449, 4.664258003234863, 4.686277866363525, 4.714528560638428, 4.749212741851807, 4.7905778884887695, 4.83892822265625, 4.894621849060059, 4.958095073699951, 5.0, 5.0, 5.0, 5.0, 5.0, 5.0, 5.0, 5.0, 5.0, 5.0, 5.0, 5.0, 5.0, 5.0, 5.0, 5.0, 5.0, 5.0, 5.0, 5.0, 5.0, 5.0, 5.0, 5.0, 5.0, 5.0, 5.0, 5.0, 5.0, 5.0, 5.0, 5.0, 5.0, 5.0]"
0.16990697383880615,-1.0470985174179077,0.04820695519447327,-1.4037960767745972,0.4798524081707001,1.2381062507629395,0.8438095450401306,-0.45395416021347046,0.2861938178539276,0.46813878417015076,0.13982746005058289,"[5.0, 5.0, 5.0, 5.0, 5.0, 5.0, 4.9393744468688965, 4.879363536834717, 4.826952934265137, 4.781741619110107, 4.743398189544678, 4.711643695831299, 4.686249732971191, 4.667036533355713, 4.653876781463623, 4.646676063537598, 4.645384311676025, 4.649993419647217, 4.660538196563721, 4.6770853996276855, 4.69975471496582, 4.728700637817383, 4.7641282081604, 4.8062944412231445, 4.8555073738098145, 4.912138938903809, 4.976627826690674, 5.0, 5.0, 5.0, 5.0, 5.0, 5.0, 5.0, 5.0, 5.0, 5.0, 5.0, 5.0, 5.0, 5.0, 5.0, 5.0, 5.0, 5.0, 5.0, 5.0, 5.0, 5.0, 5.0, 5.0, 5.0, 5.0, 5.0, 5.0, 5.0, 5.0, 5.0, 5.0, 5.0]"
0.23428049683570862,-1.0891692638397217,0.08114954084157944,-1.421830654144287,0.3665323853492737,0.9898971319198608,0.8491899967193604,-0.44436487555503845,0.2853275239467621,0.45450863242149353,0.1353089064359665,"[5.0, 5.0, 5.0, 5.0, 5.0, 5.0, 5.0, 4.980543613433838, 4.9193339347839355, 4.865850925445557, 4.8196797370910645, 4.780475616455078, 4.747951984405518, 4.721877098083496, 4.70206356048584, 4.688374996185303, 4.680721282958984, 4.6790452003479, 4.6833343505859375, 4.693623065948486, 4.709975242614746, 4.732510566711426, 4.761388301849365, 4.7968010902404785, 4.839016914367676, 4.8883466720581055, 4.945157051086426, 5.0, 5.0, 5.0, 5.0, 5.0, 5.0, 5.0, 5.0, 5.0, 5.0, 5.0, 5.0, 5.0, 5.0, 5.0, 5.0, 5.0, 5.0, 5.0, 5.0, 5.0, 5.0, 5.0, 5.0, 5.0, 5.0, 5.0, 5.0, 5.0, 5.0, 5.0, 5.0, 5.0]"
0.3025329113006592,-1.1299306154251099,0.10140269249677658,-1.4556431770324707,0.3221262991428375,0.8351837396621704,0.8571442365646362,-0.430006206035614,0.2835383117198944,0.4395911991596222,0.1299753189086914,"[5.0, 5.0, 5.0, 5.0, 5.0, 5.0, 5.0, 5.0, 5.0, 4.974785804748535, 4.91895866394043, 4.870629787445068, 4.829432010650635, 4.79506254196167, 4.767276287078857, 4.7458672523498535, 4.73069429397583, 4.721645355224609, 4.718661785125732, 4.72172212600708, 4.730847358703613, 4.746099948883057, 4.767584800720215, 4.7954559326171875, 4.8299078941345215, 4.871192455291748, 4.91961669921875, 4.975541114807129, 5.0, 5.0, 5.0, 5.0, 5.0, 5.0, 5.0, 5.0, 5.0, 5.0, 5.0, 5.0, 5.0, 5.0, 5.0, 5.0, 5.0, 5.0, 5.0, 5.0, 5.0, 5.0, 5.0, 5.0, 5.0, 5.0, 5.0, 5.0, 5.0, 5.0, 5.0, 5.0]"
0.3729301989078522,-1.168776512145996,0.11145799607038498,-1.5111312866210938,0.30821308493614197,0.7612022161483765,0.8665898442268372,-0.4117991328239441,0.28184911608695984,0.4233842194080353,0.12437299638986588,"[5.0, 5.0, 5.0, 5.0, 5.0, 5.0, 5.0, 5.0, 5.0, 5.0, 5.0, 4.9749040603637695, 4.9233927726745605, 4.879221439361572, 4.842062473297119, 4.811642646789551, 4.787745475769043, 4.770200252532959, 4.758885383605957, 4.753718376159668, 4.754670143127441, 4.761743545532227, 4.774983882904053, 4.794492244720459, 4.820397853851318, 4.852889537811279, 4.89219856262207, 4.938612937927246, 4.992490291595459, 5.0, 5.0, 5.0, 5.0, 5.0, 5.0, 5.0, 5.0, 5.0, 5.0, 5.0, 5.0, 5.0, 5.0, 5.0, 5.0, 5.0, 5.0, 5.0, 5.0, 5.0, 5.0, 5.0, 5.0, 5.0, 5.0, 5.0, 5.0, 5.0, 5.0, 5.0]"
0.4435635805130005,-1.2056632041931152,0.11093553900718689,-1.5965640544891357,0.28829702734947205,0.7747743129730225,0.8767275214195251,-0.3905923664569855,0.28068092465400696,0.40596696734428406,0.11871987581253052,"[5.0, 5.0, 5.0, 5.0, 5.0, 5.0, 5.0, 5.0, 5.0, 5.0, 5.0, 5.0, 5.0, 4.975888252258301, 4.92788553237915, 4.88711404800415, 4.853269577026367, 4.826103687286377, 4.805426597595215, 4.791088581085205, 4.782991409301758, 4.7810797691345215, 4.785336017608643, 4.795795440673828, 4.812528133392334, 4.835650444030762, 4.8653244972229, 4.901766300201416, 4.945245265960693, 4.996088027954102, 5.0, 5.0, 5.0, 5.0, 5.0, 5.0, 5.0, 5.0, 5.0, 5.0, 5.0, 5.0, 5.0, 5.0, 5.0, 5.0, 5.0, 5.0, 5.0, 5.0, 5.0, 5.0, 5.0, 5.0, 5.0, 5.0, 5.0, 5.0, 5.0, 5.0]"
0.5124800205230713,-1.240856647491455,0.10039405524730682,-1.6896812915802002,0.2487458884716034,0.8686389923095703,0.8868410587310791,-0.36735591292381287,0.2802814245223999,0.38742783665657043,0.1131233423948288,"[5.0, 5.0, 5.0, 5.0, 5.0, 5.0, 5.0, 5.0, 5.0, 5.0, 5.0, 5.0, 5.0, 5.0, 5.0, 4.976309299468994, 4.931337833404541, 4.89350700378418, 4.862536430358887, 4.838204383850098, 4.820337295532227, 4.808810234069824, 4.803537845611572, 4.804489612579346, 4.811668872833252, 4.825122356414795, 4.844947338104248, 4.8712897300720215, 4.904324531555176, 4.944306373596191, 4.991527080535889, 5.0, 5.0, 5.0, 5.0, 5.0, 5.0, 5.0, 5.0, 5.0, 5.0, 5.0, 5.0, 5.0, 5.0, 5.0, 5.0, 5.0, 5.0, 5.0, 5.0, 5.0, 5.0, 5.0, 5.0, 5.0, 5.0, 5.0, 5.0, 5.0]"
0.577542245388031,-1.2749766111373901,0.08003263175487518,-1.7904036045074463,0.2061511129140854,1.0460091829299927,0.8963142037391663,-0.3428664207458496,0.28117284178733826,0.36787545680999756,0.10778524726629257,"[5.0, 5.0, 5.0, 5.0, 5.0, 5.0, 5.0, 5.0, 5.0, 5.0, 5.0, 5.0, 5.0, 5.0, 5.0, 5.0, 5.0, 4.9724812507629395, 4.930413722991943, 4.8953986167907715, 4.867185592651367, 4.845569610595703, 4.8303985595703125, 4.821563720703125, 4.81899881362915, 4.82269811630249, 4.832672119140625, 4.849003791809082, 4.871795654296875, 4.901224613189697, 4.937495231628418, 4.980871677398682, 5.0, 5.0, 5.0, 5.0, 5.0, 5.0, 5.0, 5.0, 5.0, 5.0, 5.0, 5.0, 5.0, 5.0, 5.0, 5.0, 5.0, 5.0, 5.0, 5.0, 5.0, 5.0, 5.0, 5.0, 5.0, 5.0, 5.0, 5.0]"
0.6369175910949707,-1.3086237907409668,0.05541820824146271,-1.8638925552368164,0.15352746844291687,1.2731645107269287,0.9048134088516235,-0.3173147737979889,0.28393372893333435,0.3474360406398773,0.10288339108228683,"[5.0, 5.0, 5.0, 5.0, 5.0, 5.0, 5.0, 5.0, 5.0, 5.0, 5.0, 5.0, 5.0, 5.0, 5.0, 5.0, 5.0, 5.0, 5.0, 4.960526466369629, 4.921684265136719, 4.889803409576416, 4.864645481109619, 4.846029758453369, 4.833828449249268, 4.827955722808838, 4.828367233276367, 4.835073947906494, 4.848106384277344, 4.8675689697265625, 4.8936028480529785, 4.926385879516602, 4.966163635253906, 5.0, 5.0, 5.0, 5.0, 5.0, 5.0, 5.0, 5.0, 5.0, 5.0, 5.0, 5.0, 5.0, 5.0, 5.0, 5.0, 5.0, 5.0, 5.0, 5.0, 5.0, 5.0, 5.0, 5.0, 5.0, 5.0, 5.0]"
0.6893441081047058,-1.3424195051193237,0.030837342143058777,-1.9024150371551514,0.08922852575778961,1.5250482559204102,0.9122858643531799,-0.2901500463485718,0.28903546929359436,0.32627618312835693,0.0985102653503418,"[5.0, 5.0, 5.0, 5.0, 5.0, 5.0, 5.0, 5.0, 5.0, 5.0, 5.0, 5.0, 5.0, 5.0, 5.0, 5.0, 5.0, 5.0, 5.0, 5.0, 4.982010364532471, 4.940028667449951, 4.905140399932861, 4.877079486846924, 4.855660915374756, 4.84072208404541, 4.832150459289551, 4.82990026473999, 4.8339362144470215, 4.844313144683838, 4.861077785491943, 4.884366035461426, 4.914336681365967, 4.951207160949707, 4.9952592849731445, 5.0, 5.0, 5.0, 5.0, 5.0, 5.0, 5.0, 5.0, 5.0, 5.0, 5.0, 5.0, 5.0, 5.0, 5.0, 5.0, 5.0, 5.0, 5.0, 5.0, 5.0, 5.0, 5.0, 5.0, 5.0]"
0.7336398363113403,-1.377234935760498,0.007316462695598602,-1.93174409866333,0.024820029735565186,1.8031060695648193,0.9186623692512512,-0.26053887605667114,0.2969386577606201,0.30461838841438293,0.09472575038671494,"[5.0, 5.0, 5.0, 5.0, 5.0, 5.0, 5.0, 5.0, 5.0, 5.0, 5.0, 5.0, 5.0, 5.0, 5.0, 5.0, 5.0, 5.0, 5.0, 5.0, 5.0, 4.993885040283203, 4.9497528076171875, 4.912806987762451, 4.8827691078186035, 4.859435081481934, 4.842624664306641, 4.832231044769287, 4.828160762786865, 4.830399036407471, 4.838972091674805, 4.853911399841309, 4.875349998474121, 4.903428554534912, 4.938342571258545, 4.980370044708252, 5.0, 5.0, 5.0, 5.0, 5.0, 5.0, 5.0, 5.0, 5.0, 5.0, 5.0, 5.0, 5.0, 5.0, 5.0, 5.0, 5.0, 5.0, 5.0, 5.0, 5.0, 5.0, 5.0, 5.0]"
0.7681065201759338,-1.414233922958374,-0.016625680029392242,-1.982962965965271,-0.04084429144859314,2.1251509189605713,0.9236924052238464,-0.22783413529396057,0.3080213665962219,0.2827005684375763,0.09152829647064209,"[5.0, 5.0, 5.0, 5.0, 5.0, 5.0, 5.0, 5.0, 5.0, 5.0, 5.0, 5.0, 5.0, 5.0, 5.0, 5.0, 5.0, 5.0, 5.0, 5.0, 5.0, 5.0, 4.997285842895508, 4.952049255371094, 4.914065361022949, 4.883025169372559, 4.858720302581787, 4.840977668762207, 4.829657554626465, 4.8246870040893555, 4.82602071762085, 4.833686351776123, 4.8477301597595215, 4.868251800537109, 4.895392894744873, 4.929358005523682, 4.97039270401001, 5.0, 5.0, 5.0, 5.0, 5.0, 5.0, 5.0, 5.0, 5.0, 5.0, 5.0, 5.0, 5.0, 5.0, 5.0, 5.0, 5.0, 5.0, 5.0, 5.0, 5.0, 5.0, 5.0]"
0.7900184392929077,-1.4549137353897095,-0.04299172759056091,-2.0801432132720947,-0.12569904327392578,2.522646427154541,0.9270608425140381,-0.19108085334300995,0.3225504755973816,0.2609027326107025,0.08890649676322937,"[5.0, 5.0, 5.0, 5.0, 5.0, 5.0, 5.0, 5.0, 5.0, 5.0, 5.0, 5.0, 5.0, 5.0, 5.0, 5.0, 5.0, 5.0, 5.0, 5.0, 5.0, 5.0, 5.0, 4.99848747253418, 4.953092098236084, 4.914948463439941, 4.883788108825684, 4.859367370605469, 4.841524600982666, 4.8301239013671875, 4.825084686279297, 4.8263773918151855, 4.83400821685791, 4.848015785217285, 4.868528842926025, 4.895673751831055, 4.929649353027344, 4.970711708068848, 5.0, 5.0, 5.0, 5.0, 5.0, 5.0, 5.0, 5.0, 5.0, 5.0, 5.0, 5.0, 5.0, 5.0, 5.0, 5.0, 5.0, 5.0, 5.0, 5.0, 5.0, 5.0]"
0.7949426770210266,-1.5011777877807617,-0.0748259574174881,-2.246391534805298,-0.22505897283554077,3.051079511642456,0.9280516505241394,-0.15021027624607086,0.34080663323402405,0.23966184258460999,0.0868799090385437,"[5.0, 5.0, 5.0, 5.0, 5.0, 5.0, 5.0, 5.0, 5.0, 5.0, 5.0, 5.0, 5.0, 5.0, 5.0, 5.0, 5.0, 5.0, 5.0, 5.0, 5.0, 5.0, 5.0, 5.0, 5.0, 4.958415985107422, 4.920902252197266, 4.890373706817627, 4.866598129272461, 4.849421977996826, 4.8386945724487305, 4.8343634605407715, 4.836381912231445, 4.844778060913086, 4.8596110343933105, 4.880974769592285, 4.909019470214844, 4.943975448608398, 4.9860734939575195, 5.0, 5.0, 5.0, 5.0, 5.0, 5.0, 5.0, 5.0, 5.0, 5.0, 5.0, 5.0, 5.0, 5.0, 5.0, 5.0, 5.0, 5.0, 5.0, 5.0, 5.0]"
0.7762097120285034,-1.5549784898757935,-0.11546789109706879,-2.463070869445801,-0.33256131410598755,3.7647550106048584,0.925643265247345,-0.10551569610834122,0.36337652802467346,0.2195911407470703,0.08564944565296173,"[5.0, 5.0, 5.0, 5.0, 5.0, 5.0, 5.0, 5.0, 5.0, 5.0, 5.0, 5.0, 5.0, 5.0, 5.0, 5.0, 5.0, 5.0, 5.0, 5.0, 5.0, 5.0, 5.0, 5.0, 5.0, 5.0, 4.969588279724121, 4.933676719665527, 4.904755115509033, 4.882599353790283, 4.8670430183410645, 4.857975482940674, 4.855348587036133, 4.859114170074463, 4.8693318367004395, 4.88604211807251, 4.909389972686768, 4.939540863037109, 4.976709842681885, 5.0, 5.0, 5.0, 5.0, 5.0, 5.0, 5.0, 5.0, 5.0, 5.0, 5.0, 5.0, 5.0, 5.0, 5.0, 5.0, 5.0, 5.0, 5.0, 5.0, 5.0]"
0.7255027890205383,-1.6160988807678223,-0.16609197854995728,-2.785994529724121,-0.46744924783706665,4.674161911010742,0.9188944697380066,-0.05811823904514313,0.3901872932910919,0.20146706700325012,0.08537773042917252,"[5.0, 5.0, 5.0, 5.0, 5.0, 5.0, 5.0, 5.0, 5.0, 5.0, 5.0, 5.0, 5.0, 5.0, 5.0, 5.0, 5.0, 5.0, 5.0, 5.0, 5.0, 5.0, 5.0, 5.0, 5.0, 5.0, 5.0, 4.9937424659729, 4.960338115692139, 4.933911323547363, 4.914281845092773, 4.901278495788574, 4.894833087921143, 4.8948845863342285, 4.901435375213623, 4.914531707763672, 4.934288501739502, 4.960811614990234, 4.994328498840332, 5.0, 5.0, 5.0, 5.0, 5.0, 5.0, 5.0, 5.0, 5.0, 5.0, 5.0, 5.0, 5.0, 5.0, 5.0, 5.0, 5.0, 5.0, 5.0, 5.0, 5.0]"
0.6342427730560303,-1.6804108619689941,-0.2301606833934784,-3.2407889366149902,-0.6273414492607117,5.752023220062256,0.9072539806365967,-0.01001967303454876,0.4204522669315338,0.18628202378749847,0.08632414042949677,"[5.0, 5.0, 5.0, 5.0, 5.0, 5.0, 5.0, 5.0, 5.0, 5.0, 5.0, 5.0, 5.0, 5.0, 5.0, 5.0, 5.0, 5.0, 5.0, 5.0, 5.0, 5.0, 5.0, 5.0, 5.0, 5.0, 5.0, 5.0, 5.0, 5.0, 4.985705375671387, 4.969042778015137, 4.959084987640381, 4.955792427062988, 4.959115505218506, 4.969094753265381, 4.985799312591553, 5.0, 5.0, 5.0, 5.0, 5.0, 5.0, 5.0, 5.0, 5.0, 5.0, 5.0, 5.0, 5.0, 5.0, 5.0, 5.0, 5.0, 5.0, 5.0, 5.0, 5.0, 5.0, 5.0]"
0.4945879876613617,-1.7384315729141235,-0.3073330521583557,-3.8164408206939697,-0.8283636569976807,6.962096691131592,0.8913583159446716,0.03417263552546501,0.45199835300445557,0.17508108913898468,0.08871659636497498,"[5.0, 5.0, 5.0, 5.0, 5.0, 5.0, 5.0, 5.0, 5.0, 5.0, 5.0, 5.0, 5.0, 5.0, 5.0, 5.0, 5.0, 5.0, 5.0, 5.0, 5.0, 5.0, 5.0, 5.0, 5.0, 5.0, 5.0, 5.0, 5.0, 5.0, 5.0, 5.0, 5.0, 5.0, 5.0, 5.0, 5.0, 5.0, 5.0, 5.0, 5.0, 5.0, 5.0, 5.0, 5.0, 5.0, 5.0, 5.0, 5.0, 5.0, 5.0, 5.0, 5.0, 5.0, 5.0, 5.0, 5.0, 5.0, 5.0, 5.0]"
0.30297377705574036,-1.775719165802002,-0.37972915172576904,-4.397644996643066,-0.9948266744613647,8.238558769226074,0.8740197420120239,0.06666706502437592,0.481284499168396,0.16878482699394226,0.09267324209213257,"[5.0, 5.0, 5.0, 5.0, 5.0, 5.0, 5.0, 5.0, 5.0, 5.0, 5.0, 5.0, 5.0, 5.0, 5.0, 5.0, 5.0, 5.0, 5.0, 5.0, 5.0, 5.0, 5.0, 5.0, 5.0, 5.0, 5.0, 5.0, 5.0, 5.0, 5.0, 5.0, 5.0, 5.0, 5.0, 5.0, 5.0, 5.0, 5.0, 5.0, 5.0, 5.0, 5.0, 5.0, 5.0, 5.0, 5.0, 5.0, 5.0, 5.0, 5.0, 5.0, 5.0, 5.0, 5.0, 5.0, 5.0, 5.0, 5.0, 5.0]"
0.06472693383693695,-1.7749266624450684,-0.4235842823982239,-4.8696794509887695,-1.0470482110977173,9.451532363891602,0.8601819276809692,0.07817612588405609,0.5039496421813965,0.16778065264225006,0.09789319336414337,"[5.0, 5.0, 5.0, 5.0, 5.0, 5.0, 5.0, 5.0, 5.0, 5.0, 5.0, 5.0, 5.0, 5.0, 5.0, 5.0, 5.0, 5.0, 5.0, 5.0, 5.0, 5.0, 5.0, 5.0, 5.0, 5.0, 5.0, 5.0, 5.0, 5.0, 5.0, 5.0, 5.0, 5.0, 5.0, 5.0, 5.0, 5.0, 5.0, 5.0, 5.0, 5.0, 5.0, 5.0, 5.0, 5.0, 5.0, 5.0, 5.0, 5.0, 5.0, 5.0, 5.0, 5.0, 5.0, 5.0, 5.0, 5.0, 5.0, 5.0]"
-0.20523568987846375,-1.7195005416870117,-0.43702298402786255,-5.207891464233398,-1.0374501943588257,10.493856430053711,0.8543022871017456,0.060900650918483734,0.5161867737770081,0.17187228798866272,0.1035858541727066,"[5.0, 5.0, 5.0, 5.0, 5.0, 5.0, 5.0, 5.0, 5.0, 5.0, 5.0, 5.0, 5.0, 5.0, 5.0, 5.0, 5.0, 5.0, 5.0, 5.0, 5.0, 5.0, 5.0, 5.0, 5.0, 5.0, 5.0, 5.0, 5.0, 5.0, 5.0, 5.0, 5.0, 5.0, 5.0, 5.0, 5.0, 5.0, 5.0, 5.0, 5.0, 5.0, 5.0, 5.0, 5.0, 5.0, 5.0, 5.0, 5.0, 5.0, 5.0, 5.0, 5.0, 5.0, 5.0, 5.0, 5.0, 5.0, 5.0, 5.0]"
-0.4821670651435852,-1.5991343259811401,-0.4182053506374359,-5.371284008026123,-0.9245377779006958,11.261554718017578,0.8562227487564087,0.011839861050248146,0.5164619088172913,0.18015211820602417,0.10865490883588791,"[5.0, 5.0, 5.0, 5.0, 5.0, 5.0, 5.0, 5.0, 5.0, 5.0, 5.0, 5.0, 5.0, 5.0, 5.0, 5.0, 5.0, 5.0, 5.0, 5.0, 5.0, 5.0, 5.0, 5.0, 5.0, 5.0, 5.0, 5.0, 5.0, 5.0, 5.0, 5.0, 5.0, 5.0, 5.0, 5.0, 5.0, 5.0, 5.0, 5.0, 5.0, 5.0, 5.0, 5.0, 5.0, 5.0, 5.0, 5.0, 5.0, 5.0, 5.0, 5.0, 5.0, 5.0, 5.0, 5.0, 5.0, 5.0, 5.0, 5.0]"
-0.735645055770874,-1.414488434791565,-0.36986619234085083,-5.376361846923828,-0.6500060558319092,11.665266036987305,0.8602627515792847,-0.06724990904331207,0.5053874850273132,0.19167578220367432,0.1122632548213005,"[5.0, 5.0, 5.0, 5.0, 5.0, 5.0, 5.0, 5.0, 5.0, 5.0, 5.0, 5.0, 5.0, 5.0, 5.0, 5.0, 5.0, 5.0, 5.0, 5.0, 5.0, 5.0, 5.0, 5.0, 5.0, 5.0, 5.0, 5.0, 5.0, 5.0, 5.0, 5.0, 5.0, 5.0, 5.0, 5.0, 5.0, 5.0, 5.0, 5.0, 5.0, 5.0, 5.0, 5.0, 5.0, 5.0, 5.0, 5.0, 5.0, 5.0, 5.0, 5.0, 5.0, 5.0, 5.0, 5.0, 5.0, 5.0, 5.0, 5.0]"
-0.9355499148368835,-1.1805475950241089,-0.30262139439582825,-5.17177677154541,-0.23197287321090698,11.524499893188477,0.8582687377929688,-0.16714932024478912,0.4852086305618286,0.20529048144817352,0.11391748487949371,"[5.0, 5.0, 5.0, 5.0, 5.0, 5.0, 5.0, 5.0, 5.0, 5.0, 5.0, 5.0, 5.0, 5.0, 5.0, 5.0, 5.0, 5.0, 5.0, 5.0, 5.0, 5.0, 5.0, 5.0, 5.0, 5.0, 5.0, 5.0, 5.0, 5.0, 5.0, 5.0, 5.0, 5.0, 5.0, 5.0, 5.0, 5.0, 5.0, 5.0, 5.0, 5.0, 5.0, 5.0, 5.0, 5.0, 5.0, 5.0, 5.0, 5.0, 5.0, 5.0, 5.0, 5.0, 5.0, 5.0, 5.0, 5.0, 5.0, 5.0]"
-1.0625600814819336,-0.928086519241333,-0.24405518174171448,-4.463252544403076,-0.02575114369392395,10.599778175354004,0.8465644717216492,-0.27168557047843933,0.4577198624610901,0.22024670243263245,0.11338680237531662,"[5.0, 5.0, 5.0, 5.0, 5.0, 5.0, 5.0, 5.0, 5.0, 5.0, 5.0, 5.0, 5.0, 5.0, 5.0, 5.0, 5.0, 5.0, 5.0, 5.0, 5.0, 5.0, 5.0, 5.0, 5.0, 5.0, 5.0, 5.0, 4.975264072418213, 4.940387725830078, 4.912537574768066, 4.891504764556885, 4.877137184143066, 4.869329452514648, 4.868027210235596, 4.873218059539795, 4.884942531585693, 4.903282642364502, 4.928371906280518, 4.960398197174072, 4.999601364135742, 5.0, 5.0, 5.0, 5.0, 5.0, 5.0, 5.0, 5.0, 5.0, 5.0, 5.0, 5.0, 5.0, 5.0, 5.0, 5.0, 5.0, 5.0, 5.0]"
-1.1154985427856445,-0.6960487961769104,-0.1915864646434784,-3.1317873001098633,-0.10090763866901398,8.970479965209961,0.8286865949630737,-0.36216992139816284,0.4267362058162689,0.23575882613658905,0.11124497652053833,"[5.0, 5.0, 5.0, 5.0, 5.0, 5.0, 5.0, 5.0, 5.0, 5.0, 5.0, 5.0, 5.0, 5.0, 5.0, 5.0, 5.0, 5.0, 5.0, 5.0, 5.0, 5.0, 5.0, 5.0, 5.0, 4.971741199493408, 4.928592681884766, 4.892664432525635, 4.863697528839111, 4.841465950012207, 4.825811862945557, 4.816624641418457, 4.813838005065918, 4.8174262046813965, 4.827425003051758, 4.843894958496094, 4.866962909698486, 4.896798133850098, 4.933614730834961, 4.977695941925049, 5.0, 5.0, 5.0, 5.0, 5.0, 5.0, 5.0, 5.0, 5.0, 5.0, 5.0, 5.0, 5.0, 5.0, 5.0, 5.0, 5.0, 5.0, 5.0, 5.0]"
-1.1081995964050293,-0.5170954465866089,-0.14006248116493225,-1.194678783416748,-0.26283401250839233,6.715822696685791,0.8126500248908997,-0.42360132932662964,0.4001929461956024,0.2511310577392578,0.10966600477695465,"[5.0, 5.0, 5.0, 5.0, 5.0, 5.0, 5.0, 5.0, 5.0, 5.0, 5.0, 5.0, 5.0, 5.0, 5.0, 5.0, 5.0, 5.0, 5.0, 5.0, 5.0, 5.0, 5.0, 5.0, 4.987044334411621, 4.955291748046875, 4.9304914474487305, 4.912461757659912, 4.901066303253174, 4.8962273597717285, 4.897909164428711, 4.906124591827393, 4.920934200286865, 4.94243860244751, 4.970798492431641, 5.0, 5.0, 5.0, 5.0, 5.0, 5.0, 5.0, 5.0, 5.0, 5.0, 5.0, 5.0, 5.0, 5.0, 5.0, 5.0, 5.0, 5.0, 5.0, 5.0, 5.0, 5.0, 5.0, 3.3787643909454346, 3.356945276260376]"
-1.0548012256622314,-0.4085240960121155,-0.07398948073387146,1.3215219974517822,0.8588119745254517,4.292454719543457,0.8004524111747742,-0.4459608495235443,0.40048444271087646,0.26488733291625977,0.1157735288143158,"[5.0, 5.0, 5.0, 5.0, 5.0, 5.0, 5.0, 5.0, 5.0, 5.0, 5.0, 5.0, 5.0, 5.0, 5.0, 5.0, 4.9994354248046875, 4.941264629364014, 4.890872001647949, 4.84785795211792, 4.8119001388549805, 4.7827277183532715, 4.760128498077393, 4.743939399719238, 4.73404598236084, 4.730374336242676, 4.732903957366943, 4.741652488708496, 4.756676197052002, 4.7780842781066895, 4.806033134460449, 4.840724945068359, 4.882418155670166, 4.931428909301758, 4.988136291503906, 5.0, 5.0, 5.0, 5.0, 5.0, 5.0, 5.0, 5.0, 5.0, 5.0, 5.0, 5.0, 5.0, 5.0, 5.0, 5.0, 5.0, 5.0, 5.0, 5.0, 3.3930306434631348, 3.371598482131958, 3.353224515914917, 3.337800979614258, 3.580397844314575]"
-0.9912531971931458,-0.3624102473258972,0.05273688957095146,3.10414719581604,-1.6465553045272827,1.6517413854599,0.8148273825645447,-0.4299986958503723,0.3887810707092285,0.2785671651363373,0.11754967272281647,"[5.0, 5.0, 5.0, 5.0, 5.0, 5.0, 5.0, 5.0, 5.0, 5.0, 5.0, 5.0, 5.0, 5.0, 5.0, 4.97267484664917, 4.943780899047852, 4.92172384262085, 4.906345844268799, 4.89753532409668, 4.8952317237854, 4.899416446685791, 4.910118579864502, 4.927417278289795, 4.951437950134277, 4.982352256774902, 5.0, 5.0, 5.0, 5.0, 5.0, 5.0, 5.0, 5.0, 5.0, 5.0, 5.0, 5.0, 5.0, 5.0, 5.0, 5.0, 5.0, 5.0, 5.0, 5.0, 5.0, 5.0, 5.0, 5.0, 5.0, 5.0, 5.0, 5.0, 3.401162624359131, 3.380880355834961, 3.3636465072631836, 3.3493857383728027, 3.3380489349365234, 5.0]"
-0.9036773443222046,-0.35368022322654724,0.28557753562927246,2.910977602005005,-1.0748729705810547,0.3502756953239441,0.8430689573287964,-0.3946579098701477,0.3653402328491211,0.291727751493454,0.11449483782052994,"[5.0, 5.0, 5.0, 5.0, 5.0, 5.0, 5.0, 5.0, 5.0, 5.0, 5.0, 5.0, 4.99884033203125, 4.9810872077941895, 4.970044136047363, 4.965635776519775, 4.967828273773193, 4.976637363433838, 4.99212646484375, 5.0, 5.0, 5.0, 5.0, 5.0, 5.0, 5.0, 5.0, 5.0, 5.0, 5.0, 5.0, 5.0, 5.0, 5.0, 5.0, 5.0, 5.0, 5.0, 5.0, 5.0, 5.0, 5.0, 5.0, 5.0, 5.0, 5.0, 5.0, 5.0, 5.0, 5.0, 5.0, 5.0, 5.0, 5.0, 3.422689914703369, 3.4032106399536133, 3.386812686920166, 3.373422861099243, 3.3629953861236572, 3.711782455444336]"
-0.8129926919937134,-0.3684534430503845,0.4252944588661194,3.1718826293945312,-0.6355391144752502,-0.6135687232017517,0.8740959763526917,-0.3461054861545563,0.34082385897636414,0.3037512004375458,0.11011917144060135,"[5.0, 5.0, 5.0, 4.992569923400879, 4.939819812774658, 4.894569396972656, 4.856466770172119, 4.825235843658447, 4.800642967224121, 4.782511234283447, 4.770719528198242, 4.765172958374023, 4.765841484069824, 4.772728443145752, 4.785878658294678, 4.805391311645508, 4.831398963928223, 4.864089488983154, 4.903707027435303, 4.950545787811279, 5.0, 5.0, 5.0, 5.0, 5.0, 5.0, 5.0, 5.0, 5.0, 5.0, 5.0, 5.0, 5.0, 5.0, 5.0, 5.0, 5.0, 5.0, 5.0, 5.0, 5.0, 5.0, 5.0, 5.0, 5.0, 5.0, 5.0, 5.0, 5.0, 5.0, 5.0, 5.0, 5.0, 5.0, 5.0, 5.0, 3.43159556388855, 3.4169442653656006, 3.405339002609253, 3.3967156410217285]"
-0.7242932915687561,-0.39726918935775757,0.5135163068771362,3.2356998920440674,0.5057706832885742,-1.0189837217330933,0.8998504281044006,-0.28944411873817444,0.3263205587863922,0.3142147958278656,0.10847301036119461,"[4.512115955352783, 4.4637041091918945, 4.421841144561768, 4.386235237121582, 4.356624126434326, 4.332807540893555, 4.314617156982422, 4.301928520202637, 4.29465913772583, 4.292757034301758, 4.2962117195129395, 4.305048942565918, 4.3193254470825195, 4.339132308959961, 4.364611625671387, 4.395942687988281, 4.4333343505859375, 4.47706413269043, 4.527451038360596, 4.584876537322998, 4.649788856506348, 4.7227067947387695, 4.804243564605713, 4.895112991333008, 4.9961395263671875, 5.0, 5.0, 5.0, 5.0, 5.0, 5.0, 5.0, 5.0, 5.0, 5.0, 5.0, 5.0, 5.0, 5.0, 5.0, 5.0, 5.0, 5.0, 5.0, 5.0, 5.0, 5.0, 5.0, 5.0, 5.0, 5.0, 5.0, 5.0, 5.0, 5.0, 5.0, 5.0, 5.0, 3.4579477310180664, 3.447164297103882]"
-0.6415765881538391,-0.4373875558376312,0.5712999105453491,2.4030535221099854,1.0818135738372803,-1.054013967514038,0.9196591973304749,-0.23261480033397675,0.31640389561653137,0.32341334223747253,0.10787151753902435,"[3.9945311546325684, 3.958829164505005, 3.928462505340576, 3.9032089710235596, 3.882904291152954, 3.8674235343933105, 3.856661081314087, 3.850546360015869, 3.849046230316162, 3.852144479751587, 3.8598673343658447, 3.8722572326660156, 3.889394521713257, 3.9113972187042236, 3.9384074211120605, 3.970604419708252, 4.008206844329834, 4.051480293273926, 4.100735187530518, 4.156334400177002, 4.218698501586914, 4.288325786590576, 4.365785121917725, 4.451742172241211, 4.546966075897217, 4.652363300323486, 4.768975257873535, 4.898039817810059, 5.0, 5.0, 5.0, 5.0, 5.0, 5.0, 5.0, 5.0, 5.0, 5.0, 5.0, 5.0, 5.0, 5.0, 5.0, 5.0, 5.0, 5.0, 5.0, 5.0, 5.0, 5.0, 5.0, 5.0, 5.0, 5.0, 5.0, 5.0, 5.0, 5.0, 5.0, 3.494098424911499]"
-0.5539870858192444,-0.4905203878879547,0.6080309748649597,1.4213566780090332,0.061127662658691406,-0.9610544443130493,0.9402816891670227,-0.17938722670078278,0.2892831563949585,0.3321979343891144,0.10039198398590088,"[3.7785027027130127, 3.7477405071258545, 3.7218408584594727, 3.7006113529205322, 3.683924913406372, 3.671679973602295, 3.663787841796875, 3.6602120399475098, 3.660924196243286, 3.66593074798584, 3.6752524375915527, 3.6889607906341553, 3.7071399688720703, 3.7299017906188965, 3.7574002742767334, 3.789807081222534, 3.827347993850708, 3.8702828884124756, 3.9189114570617676, 3.973590612411499, 4.034733295440674, 4.102817535400391, 4.178396701812744, 4.262119293212891, 4.354724884033203, 4.457086086273193, 4.5702223777771, 4.695308685302734, 4.8337554931640625, 4.987210750579834, 5.0, 5.0, 5.0, 5.0, 5.0, 5.0, 5.0, 5.0, 5.0, 5.0, 5.0, 5.0, 5.0, 5.0, 5.0, 5.0, 5.0, 5.0, 5.0, 5.0, 5.0, 5.0, 5.0, 5.0, 5.0, 5.0, 5.0, 5.0, 5.0, 5.0]"
-0.45663347840309143,-0.5552686452865601,0.6108935475349426,0.4920080900192261,-0.7034578919410706,-0.5033314824104309,0.9604341387748718,-0.13407686352729797,0.2440980076789856,0.3401499092578888,0.08562013506889343,"[3.783348560333252, 3.7547051906585693, 3.7308578491210938, 3.711650848388672, 3.6969430446624756, 3.6866612434387207, 3.6807262897491455, 3.6791136264801025, 3.6818060874938965, 3.6888270378112793, 3.7002124786376953, 3.716031074523926, 3.7363932132720947, 3.7614247798919678, 3.7912917137145996, 3.8261897563934326, 3.8663601875305176, 3.912076473236084, 3.963672399520874, 4.021529197692871, 4.086087703704834, 4.157865047454834, 4.237454891204834, 4.325549125671387, 4.42294979095459, 4.5305962562561035, 4.649577617645264, 4.781177997589111, 4.9269185066223145, 5.0, 5.0, 5.0, 5.0, 5.0, 5.0, 5.0, 5.0, 5.0, 5.0, 5.0, 5.0, 5.0, 5.0, 5.0, 5.0, 5.0, 5.0, 5.0, 5.0, 5.0, 5.0, 5.0, 5.0, 5.0, 5.0, 5.0, 5.0, 5.0, 5.0, 5.0]"
-0.3634853959083557,-0.6278494596481323,0.5738723278045654,-0.39474838972091675,-0.6740233302116394,0.2979534864425659,0.9754965305328369,-0.10053636878728867,0.19568678736686707,0.34645259380340576,0.0691329836845398,"[3.907242774963379, 3.8790814876556396, 3.85587739944458, 3.8374717235565186, 3.8237459659576416, 3.814620018005371, 3.81003475189209, 3.8099565505981445, 3.814380168914795, 3.8233485221862793, 3.8369007110595703, 3.8551344871520996, 3.878171443939209, 3.9061501026153564, 3.9392623901367188, 3.977733850479126, 4.021829128265381, 4.071866512298584, 4.128207206726074, 4.191287040710449, 4.261595726013184, 4.339715957641602, 4.426309585571289, 4.522158145904541, 4.628164768218994, 4.745386123657227, 4.875057697296143, 5.0, 5.0, 5.0, 5.0, 5.0, 5.0, 5.0, 5.0, 5.0, 5.0, 5.0, 5.0, 5.0, 5.0, 5.0, 5.0, 5.0, 5.0, 5.0, 5.0, 5.0, 5.0, 5.0, 5.0, 5.0, 5.0, 5.0, 5.0, 5.0, 5.0, 5.0, 5.0, 5.0]"
-0.28944075107574463,-0.7044164538383484,0.479046106338501,-1.2640010118484497,-0.10342523455619812,1.3372386693954468,0.9838507175445557,-0.08193186670541763,0.1591203361749649,0.3511729836463928,0.05660005658864975,"[4.0839409828186035, 4.054291248321533, 4.029898166656494, 4.010600566864014, 3.9962542057037354, 3.9867873191833496, 3.9821219444274902, 3.982240676879883, 3.9871373176574707, 3.9968459606170654, 4.011427402496338, 4.030977725982666, 4.0556254386901855, 4.0855326652526855, 4.1209001541137695, 4.161980628967285, 4.209051132202148, 4.262467861175537, 4.322621822357178, 4.389981269836426, 4.465089321136475, 4.5485758781433105, 4.641166687011719, 4.7437214851379395, 4.857220649719238, 4.982833385467529, 5.0, 5.0, 5.0, 5.0, 5.0, 5.0, 5.0, 5.0, 5.0, 5.0, 5.0, 5.0, 5.0, 5.0, 5.0, 5.0, 5.0, 5.0, 5.0, 5.0, 5.0, 5.0, 5.0, 5.0, 5.0, 5.0, 5.0, 5.0, 5.0, 5.0, 5.0, 5.0, 5.0, 5.0]"
-0.240816131234169,-0.779358983039856,0.3392083942890167,-2.0858771800994873,0.6328754425048828,2.4702823162078857,0.9865566492080688,-0.08012640476226807,0.14240813255310059,0.3548873960971832,0.05105939134955406,"[4.279153347015381, 4.245397090911865, 4.217286109924316, 4.194645881652832, 4.177316188812256, 4.1651763916015625, 4.158161640167236, 4.156215667724609, 4.159329414367676, 4.167526721954346, 4.180850505828857, 4.19940185546875, 4.223291397094727, 4.252684116363525, 4.287782669067383, 4.328830718994141, 4.3761210441589355, 4.429998874664307, 4.490869998931885, 4.559210300445557, 4.6355695724487305, 4.720592021942139, 4.815020561218262, 4.919731140136719, 5.0, 5.0, 5.0, 5.0, 5.0, 5.0, 5.0, 5.0, 5.0, 5.0, 5.0, 5.0, 5.0, 5.0, 5.0, 5.0, 5.0, 5.0, 5.0, 5.0, 5.0, 5.0, 5.0, 5.0, 5.0, 5.0, 5.0, 5.0, 5.0, 5.0, 5.0, 5.0, 5.0, 5.0, 3.5672998428344727, 3.5574867725372314]"
-0.21781094372272491,-0.845967710018158,0.16622048616409302,-2.9347212314605713,2.1124911308288574,3.8373067378997803,0.9823716878890991,-0.09960252046585083,0.15817590057849884,0.3580630123615265,0.05735919997096062,"[4.3871378898620605, 4.345485687255859, 4.309879302978516, 4.280089378356934, 4.255897045135498, 4.237152576446533, 4.223719596862793, 4.215508937835693, 4.212473392486572, 4.214591026306152, 4.2218732833862305, 4.23436975479126, 4.252165794372559, 4.2753729820251465, 4.304152488708496, 4.338699817657471, 4.379255771636963, 4.426113605499268, 4.479611396789551, 4.540151119232178, 4.608209133148193, 4.684332370758057, 4.769159317016602, 4.863432884216309, 4.968017101287842, 5.0, 5.0, 5.0, 5.0, 5.0, 5.0, 5.0, 5.0, 5.0, 5.0, 5.0, 5.0, 5.0, 5.0, 5.0, 5.0, 5.0, 5.0, 5.0, 5.0, 5.0, 5.0, 5.0, 5.0, 5.0, 5.0, 5.0, 5.0, 5.0, 5.0, 3.545893430709839, 3.534301996231079, 3.52581524848938, 3.5203967094421387, 3.551755428314209]"
-0.2110038548707962,-0.8910460472106934,-0.01005629450082779,-3.5729410648345947,1.090531826019287,4.095229148864746,0.9766243100166321,-0.12775059044361115,0.1728561669588089,0.36013397574424744,0.06320294737815857,"[4.656064987182617, 4.602787971496582, 4.5564069747924805, 4.516573905944824, 4.483004570007324, 4.4554643630981445, 4.433762073516846, 4.417754173278809, 4.407322883605957, 4.402404308319092, 4.402963161468506, 4.4090046882629395, 4.4205708503723145, 4.437738418579102, 4.4606194496154785, 4.489376068115234, 4.524204254150391, 4.565354347229004, 4.6131157875061035, 4.66785192489624, 4.72997522354126, 4.799973487854004, 4.878420352935791, 4.9659857749938965, 5.0, 5.0, 5.0, 5.0, 5.0, 5.0, 5.0, 5.0, 5.0, 5.0, 5.0, 5.0, 5.0, 5.0, 5.0, 5.0, 5.0, 5.0, 5.0, 5.0, 5.0, 5.0, 5.0, 5.0, 5.0, 5.0, 5.0, 3.5479607582092285, 3.532827138900757, 3.52081036567688, 3.511857271194458, 3.7852230072021484, 5.0, 5.0, 5.0, 5.0]"
-0.20470181107521057,-0.9221661686897278,-0.1554907262325287,-3.9781248569488525,1.8947278261184692,4.772548198699951,0.9659576416015625,-0.16564954817295074,0.19869714975357056,0.3611806631088257,0.07322582602500916,"[4.936384201049805, 4.866278171539307, 4.804248332977295, 4.749804973602295, 4.7025346755981445, 4.662082672119141, 4.628155708312988, 4.600503444671631, 4.578945636749268, 4.5633225440979, 4.55353307723999, 4.549509048461914, 4.551222801208496, 4.558685779571533, 4.571948528289795, 4.591102600097656, 4.616279125213623, 4.647655963897705, 4.685451030731201, 4.72993803024292, 4.781440734863281, 4.840363502502441, 4.907154560089111, 4.982359886169434, 5.0, 5.0, 5.0, 5.0, 5.0, 5.0, 5.0, 5.0, 5.0, 5.0, 5.0, 5.0, 5.0, 5.0, 5.0, 5.0, 5.0, 5.0, 5.0, 5.0, 5.0, 5.0, 3.580904722213745, 3.560553789138794, 3.543377161026001, 3.5293235778808594, 3.518333673477173, 5.0, 5.0, 5.0, 5.0, 5.0, 5.0, 5.0, 5.0, 5.0]"
-0.20677988231182098,-0.9370671510696411,-0.2437620609998703,-3.847957134246826,1.5418474674224854,4.972466468811035,0.951294481754303,-0.2103167623281479,0.22538916766643524,0.3611159324645996,0.08354146778583527,"[5.0, 5.0, 5.0, 4.969610214233398, 4.907602787017822, 4.853346347808838, 4.806421279907227, 4.766477584838867, 4.733218669891357, 4.706410884857178, 4.6858625411987305, 4.67142915725708, 4.66301155090332, 4.660552024841309, 4.664035320281982, 4.673487663269043, 4.688966274261475, 4.7105817794799805, 4.738486289978027, 4.772876739501953, 4.8140034675598145, 4.862170219421387, 4.917729377746582, 4.981125831604004, 5.0, 5.0, 5.0, 5.0, 5.0, 5.0, 5.0, 5.0, 5.0, 5.0, 5.0, 5.0, 5.0, 5.0, 5.0, 5.0, 5.0, 5.0, 3.6080751419067383, 3.5867772102355957, 3.5686826705932617, 3.553697347640991, 5.0, 5.0, 5.0, 5.0, 5.0, 5.0, 5.0, 5.0, 5.0, 5.0, 5.0, 5.0, 5.0, 5.0]"
-0.20073984563350677,-0.9409920573234558,-0.3354044258594513,-3.5153355598449707,2.093416690826416,5.005640983581543,0.9309059977531433,-0.256233811378479,0.2602936029434204,0.3597909212112427,0.09699501097202301,"[5.0, 5.0, 5.0, 5.0, 4.9479522705078125, 4.882040977478027, 4.824042320251465, 4.773499488830566, 4.7300310134887695, 4.69331169128418, 4.663079261779785, 4.6391143798828125, 4.621253967285156, 4.609372615814209, 4.603385925292969, 4.60325813293457, 4.608987331390381, 4.620608329772949, 4.638200283050537, 4.661893844604492, 4.691847801208496, 4.728272438049316, 4.771442413330078, 4.821657657623291, 4.879322052001953, 4.9448699951171875, 5.0, 5.0, 5.0, 5.0, 5.0, 5.0, 5.0, 5.0, 5.0, 5.0, 5.0, 3.6747853755950928, 3.6496620178222656, 3.6278164386749268, 3.6091740131378174, 3.644742488861084, 5.0, 5.0, 5.0, 5.0, 5.0, 5.0, 5.0, 5.0, 5.0, 5.0, 5.0, 5.0, 5.0, 5.0, 5.0, 5.0, 5.0, 5.0]"
-0.19898925721645355,-0.9397517442703247,-0.2640346884727478,-4.136645793914795,2.3569960594177246,5.4744744300842285,0.9040193557739258,-0.3107417821884155,0.2935697138309479,0.3570176959037781,0.10964091867208481,"[5.0, 5.0, 5.0, 5.0, 4.924743175506592, 4.846287250518799, 4.7763800621032715, 4.714449405670166, 4.660006046295166, 4.6126227378845215, 4.571954250335693, 4.5376996994018555, 4.509617328643799, 4.4875168800354, 4.471226692199707, 4.4606547355651855, 4.455717086791992, 4.45639181137085, 4.462674617767334, 4.47460412979126, 4.492272853851318, 4.515800476074219, 4.545338153839111, 4.581103324890137, 4.623348236083984, 4.672388076782227, 4.728587627410889, 4.7923760414123535, 4.864276885986328, 4.944873332977295, 5.0, 5.0, 5.0, 3.7231225967407227, 3.6990818977355957, 3.6782898902893066, 3.660665512084961, 5.0, 5.0, 5.0, 5.0, 5.0, 5.0, 5.0, 5.0, 5.0, 5.0, 5.0, 5.0, 5.0, 5.0, 5.0, 5.0, 5.0, 5.0, 5.0, 5.0, 5.0, 5.0, 5.0]"
-0.20540794730186462,-0.9357523322105408,-0.32288163900375366,-3.0475871562957764,0.0045735836029052734,4.656938076019287,0.8848388195037842,-0.357015997171402,0.29932308197021484,0.3543400466442108,0.11115891486406326,"[5.0, 5.0, 5.0, 5.0, 5.0, 5.0, 4.996457099914551, 4.9257330894470215, 4.863246917724609, 4.808506488800049, 4.761076927185059, 4.72061014175415, 4.686798572540283, 4.659411907196045, 4.638240337371826, 4.623147964477539, 4.614025592803955, 4.610807418823242, 4.613480567932129, 4.6220502853393555, 4.636582374572754, 4.6571855545043945, 4.683993339538574, 4.717188835144043, 4.757033348083496, 4.803796768188477, 4.857843399047852, 4.919588565826416, 4.989522457122803, 3.7532739639282227, 3.7298481464385986, 3.7096710205078125, 3.692664623260498, 5.0, 5.0, 5.0, 5.0, 5.0, 5.0, 5.0, 5.0, 5.0, 5.0, 5.0, 5.0, 5.0, 5.0, 5.0, 5.0, 5.0, 5.0, 5.0, 5.0, 5.0, 5.0, 5.0, 5.0, 5.0, 5.0, 5.0]"
-0.20364318788051605,-0.9444742798805237,-0.2973138093948364,-1.416961431503296,-1.3689937591552734,3.772724151611328,0.8772901296615601,-0.38471078872680664,0.2869740426540375,0.35158637166023254,0.10532668232917786,"[5.0, 5.0, 5.0, 5.0, 5.0, 5.0, 5.0, 5.0, 5.0, 5.0, 5.0, 5.0, 5.0, 5.0, 5.0, 5.0, 5.0, 5.0, 5.0, 5.0, 5.0, 5.0, 5.0, 5.0, 5.0, 5.0, 3.7432239055633545, 3.7207655906677246, 3.7015275955200195, 3.6854488849639893, 3.9618725776672363, 5.0, 5.0, 5.0, 5.0, 5.0, 5.0, 5.0, 5.0, 5.0, 5.0, 5.0, 5.0, 5.0, 5.0, 5.0, 5.0, 5.0, 5.0, 5.0, 5.0, 5.0, 5.0, 5.0, 5.0, 5.0, 5.0, 5.0, 5.0, 5.0]"
-0.198265939950943,-0.9661223888397217,-0.3049160838127136,-0.3278575837612152,-1.4353092908859253,3.472611427307129,0.8731783628463745,-0.40068021416664124,0.27750569581985474,0.3479372262954712,0.10050217807292938,"[5.0, 5.0, 5.0, 5.0, 5.0, 5.0, 5.0, 5.0, 5.0, 5.0, 5.0, 5.0, 5.0, 5.0, 5.0, 5.0, 5.0, 5.0, 5.0, 5.0, 5.0, 5.0, 5.0, 5.0, 3.716024875640869, 3.6954870223999023, 3.6781413555145264, 3.6638972759246826, 5.0, 5.0, 5.0, 5.0, 5.0, 5.0, 5.0, 5.0, 5.0, 5.0, 5.0, 5.0, 5.0, 5.0, 5.0, 5.0, 5.0, 5.0, 5.0, 5.0, 5.0, 5.0, 5.0, 5.0, 5.0, 5.0, 5.0, 5.0, 5.0, 5.0, 5.0, 5.0]"
-0.19321435689926147,-0.9907050132751465,-0.2433832883834839,-0.41357704997062683,-0.7707955241203308,3.4233851432800293,0.8683328032493591,-0.4121200442314148,0.2759521007537842,0.34340915083885193,0.09859299659729004,"[5.0, 5.0, 5.0, 5.0, 5.0, 5.0, 5.0, 5.0, 5.0, 5.0, 5.0, 5.0, 5.0, 5.0, 5.0, 5.0, 5.0, 5.0, 5.0, 5.0, 5.0, 5.0, 3.6999731063842773, 3.6807806491851807, 3.6647422313690186, 3.6517860889434814, 5.0, 5.0, 5.0, 5.0, 5.0, 5.0, 5.0, 5.0, 5.0, 5.0, 5.0, 5.0, 5.0, 5.0, 5.0, 5.0, 5.0, 5.0, 5.0, 5.0, 5.0, 5.0, 5.0, 5.0, 5.0, 5.0, 5.0, 5.0, 5.0, 5.0, 5.0, 5.0, 5.0, 5.0]"
-0.1952747255563736,-1.0179755687713623,-0.1800830364227295,-0.7108080387115479,-0.4182813763618469,3.507504463195801,0.8627784848213196,-0.4230729937553406,0.2767971456050873,0.3381628692150116,0.097408726811409,"[5.0, 5.0, 5.0, 5.0, 5.0, 5.0, 5.0, 5.0, 5.0, 5.0, 5.0, 5.0, 5.0, 5.0, 5.0, 5.0, 5.0, 5.0, 5.0, 5.0, 3.686701774597168, 3.6691043376922607, 3.6546382904052734, 3.643226146697998, 5.0, 5.0, 5.0, 5.0, 5.0, 5.0, 5.0, 5.0, 5.0, 5.0, 5.0, 5.0, 5.0, 5.0, 5.0, 5.0, 5.0, 5.0, 5.0, 5.0, 5.0, 5.0, 5.0, 5.0, 5.0, 5.0, 5.0, 5.0, 5.0, 5.0, 5.0, 5.0, 5.0, 5.0, 5.0, 5.0]"
-0.20518186688423157,-1.0450184345245361,-0.15422846376895905,-1.0716043710708618,-0.41614586114883423,3.500852584838867,0.8585688471794128,-0.43283990025520325,0.2747786343097687,0.3326265811920166,0.09505797922611237,"[5.0, 5.0, 5.0, 5.0, 5.0, 5.0, 5.0, 5.0, 5.0, 5.0, 5.0, 5.0, 5.0, 5.0, 5.0, 5.0, 5.0, 5.0, 3.6715352535247803, 3.655796527862549, 3.643157958984375, 3.633549451828003, 5.0, 5.0, 5.0, 5.0, 5.0, 5.0, 5.0, 5.0, 5.0, 5.0, 5.0, 5.0, 5.0, 5.0, 5.0, 5.0, 5.0, 5.0, 5.0, 5.0, 5.0, 5.0, 5.0, 5.0, 5.0, 5.0, 5.0, 5.0, 5.0, 5.0, 5.0, 5.0, 5.0, 5.0, 5.0, 5.0, 5.0, 5.0]"
-0.21747982501983643,-1.069888949394226,-0.16974684596061707,-1.4179694652557373,-0.03802621364593506,3.4008545875549316,0.8553267121315002,-0.43912139534950256,0.2749229073524475,0.32681724429130554,0.09345084428787231,"[5.0, 5.0, 5.0, 5.0, 5.0, 5.0, 5.0, 5.0, 5.0, 5.0, 5.0, 5.0, 5.0, 5.0, 5.0, 5.0, 3.65748929977417, 3.643679141998291, 3.6329236030578613, 3.6251893043518066, 5.0, 5.0, 5.0, 5.0, 5.0, 5.0, 5.0, 5.0, 5.0, 5.0, 5.0, 5.0, 5.0, 5.0, 5.0, 5.0, 5.0, 5.0, 5.0, 5.0, 5.0, 5.0, 5.0, 5.0, 5.0, 5.0, 5.0, 5.0, 5.0, 5.0, 5.0, 5.0, 5.0, 5.0, 5.0, 5.0, 5.0, 5.0, 5.0, 5.0]"
-0.23185981810092926,-1.091860294342041,-0.1729467213153839,-1.7205878496170044,0.3108786344528198,3.3223459720611572,0.8528508543968201,-0.44155365228652954,0.2786927819252014,0.3208777904510498,0.09311584383249283,"[5.0, 5.0, 5.0, 5.0, 5.0, 5.0, 5.0, 5.0, 5.0, 5.0, 5.0, 5.0, 5.0, 3.659564971923828, 3.6446728706359863, 3.6328561305999756, 3.6240477561950684, 5.0, 5.0, 5.0, 5.0, 5.0, 5.0, 5.0, 5.0, 5.0, 5.0, 5.0, 5.0, 5.0, 5.0, 5.0, 5.0, 5.0, 5.0, 5.0, 5.0, 5.0, 5.0, 5.0, 5.0, 5.0, 5.0, 5.0, 5.0, 5.0, 5.0, 5.0, 5.0, 5.0, 5.0, 5.0, 5.0, 5.0, 5.0, 5.0, 5.0, 5.0, 5.0, 5.0]"
-0.24454133212566376,-1.1108465194702148,-0.1185586154460907,-1.9181307554244995,0.5998897552490234,3.069959878921509,0.8528851866722107,-0.4384516179561615,0.28344449400901794,0.3148658275604248,0.09306396543979645,"[5.0, 5.0, 5.0, 5.0, 5.0, 5.0, 5.0, 5.0, 5.0, 5.0, 5.0, 3.6461453437805176, 3.6330103874206543, 3.6229333877563477, 3.615856170654297, 5.0, 5.0, 5.0, 5.0, 5.0, 5.0, 5.0, 5.0, 5.0, 5.0, 5.0, 5.0, 5.0, 5.0, 5.0, 5.0, 5.0, 5.0, 5.0, 5.0, 5.0, 5.0, 5.0, 5.0, 5.0, 5.0, 5.0, 5.0, 5.0, 5.0, 5.0, 5.0, 5.0, 5.0, 5.0, 5.0, 5.0, 5.0, 5.0, 5.0, 5.0, 5.0, 5.0, 5.0, 5.0]"
-0.2566043436527252,-1.1230531930923462,-0.15572351217269897,-2.6154158115386963,0.7677994966506958,3.045808792114258,0.8545780777931213,-0.432405024766922,0.2876037061214447,0.30914008617401123,0.09283236414194107,"[5.0, 5.0, 5.0, 5.0, 5.0, 5.0, 5.0, 5.0, 5.0, 3.629422664642334, 3.6182711124420166, 3.6101419925689697, 3.604984760284424, 5.0, 5.0, 5.0, 5.0, 5.0, 5.0, 5.0, 5.0, 5.0, 5.0, 5.0, 5.0, 5.0, 5.0, 5.0, 5.0, 5.0, 5.0, 5.0, 5.0, 5.0, 5.0, 5.0, 5.0, 5.0, 5.0, 5.0, 5.0, 5.0, 5.0, 5.0, 5.0, 5.0, 5.0, 5.0, 5.0, 5.0, 5.0, 5.0, 5.0, 5.0, 5.0, 5.0, 5.0, 5.0, 5.0, 5.0]"
-0.2674188017845154,-1.1246646642684937,-0.2705225944519043,-2.9110212326049805,1.3422105312347412,3.331707000732422,0.8520270586013794,-0.4277039170265198,0.30184903740882874,0.3035387098789215,0.09610599279403687,"[5.0, 5.0, 5.0, 5.0, 5.0, 5.0, 3.622119188308716, 3.610654592514038, 3.6022214889526367, 3.5967540740966797, 3.5942447185516357, 5.0, 5.0, 5.0, 5.0, 5.0, 5.0, 5.0, 5.0, 5.0, 5.0, 5.0, 5.0, 5.0, 5.0, 5.0, 5.0, 5.0, 5.0, 5.0, 5.0, 5.0, 5.0, 5.0, 5.0, 5.0, 5.0, 5.0, 5.0, 5.0, 5.0, 5.0, 5.0, 5.0, 5.0, 5.0, 5.0, 5.0, 5.0, 5.0, 5.0, 5.0, 5.0, 5.0, 5.0, 5.0, 5.0, 5.0, 5.0, 5.0]"
-0.279550701379776,-1.114650011062622,-0.2379676103591919,-3.1701958179473877,1.3258779048919678,3.405759572982788,0.8480197191238403,-0.4251536726951599,0.3163866698741913,0.2982918322086334,0.09948648512363434,"[5.0, 5.0, 5.0, 5.0, 3.59806227684021, 3.589658737182617, 3.5842466354370117, 3.5817885398864746, 5.0, 5.0, 5.0, 5.0, 5.0, 5.0, 5.0, 5.0, 5.0, 5.0, 5.0, 5.0, 5.0, 5.0, 5.0, 5.0, 5.0, 5.0, 5.0, 5.0, 5.0, 5.0, 5.0, 5.0, 5.0, 5.0, 5.0, 5.0, 5.0, 5.0, 5.0, 5.0, 5.0, 5.0, 5.0, 5.0, 5.0, 5.0, 5.0, 5.0, 5.0, 5.0, 5.0, 5.0, 5.0, 5.0, 5.0, 5.0, 5.0, 5.0, 5.0, 5.0]"
-0.2947311997413635,-1.0969178676605225,-0.2066560834646225,-3.6153759956359863,1.6634116172790527,3.9660372734069824,0.839962899684906,-0.4310629367828369,0.3296067714691162,0.293246328830719,0.10237734764814377,"[5.0, 3.578819751739502, 3.5714635848999023, 3.5670812129974365, 3.5656402111053467, 5.0, 5.0, 5.0, 5.0, 5.0, 5.0, 5.0, 5.0, 5.0, 5.0, 5.0, 5.0, 5.0, 5.0, 5.0, 5.0, 5.0, 5.0, 5.0, 5.0, 5.0, 5.0, 5.0, 5.0, 5.0, 5.0, 5.0, 5.0, 5.0, 5.0, 5.0, 5.0, 5.0, 5.0, 5.0, 5.0, 5.0, 5.0, 5.0, 5.0, 5.0, 5.0, 5.0, 5.0, 5.0, 5.0, 5.0, 5.0, 5.0, 5.0, 5.0, 5.0, 5.0, 5.0, 5.0]"
-0.3034069538116455,-1.0655291080474854,-0.1929839700460434,-3.691068649291992,1.4231109619140625,3.5970380306243896,0.8338199853897095,-0.436266154050827,0.33824479579925537,0.288623183965683,0.10374030470848083,"[3.5485453605651855, 3.5476112365722656, 5.0, 5.0, 5.0, 5.0, 5.0, 5.0, 5.0, 5.0, 5.0, 5.0, 5.0, 5.0, 5.0, 5.0, 5.0, 5.0, 5.0, 5.0, 5.0, 5.0, 5.0, 5.0, 5.0, 5.0, 5.0, 5.0, 5.0, 5.0, 5.0, 5.0, 5.0, 5.0, 5.0, 5.0, 5.0, 5.0, 5.0, 5.0, 5.0, 5.0, 5.0, 5.0, 5.0, 5.0, 5.0, 5.0, 5.0, 5.0, 5.0, 5.0, 5.0, 5.0, 5.0, 5.0, 5.0, 5.0, 5.0, 5.0]"
-0.30350327491760254,-1.0241024494171143,-0.16496863961219788,-4.946293830871582,2.3645694255828857,4.109490394592285,0.8231698870658875,-0.44971764087677,0.3466101884841919,0.2841050624847412,0.10498200356960297,"[5.0, 5.0, 5.0, 5.0, 5.0, 5.0, 5.0, 5.0, 5.0, 5.0, 5.0, 5.0, 5.0, 5.0, 5.0, 5.0, 5.0, 5.0, 5.0, 5.0, 5.0, 5.0, 5.0, 5.0, 5.0, 5.0, 5.0, 5.0, 5.0, 5.0, 5.0, 5.0, 5.0, 5.0, 5.0, 5.0, 5.0, 5.0, 5.0, 5.0, 5.0, 5.0, 5.0, 5.0, 5.0, 5.0, 5.0, 5.0, 5.0, 5.0, 5.0, 5.0, 5.0, 5.0, 5.0, 5.0, 5.0, 5.0, 5.0, 5.0]"
-0.29217201471328735,-0.9761784076690674,-0.13688786327838898,-4.2822747230529785,2.439167022705078,3.7434263229370117,0.8110120296478271,-0.46260523796081543,0.35811877250671387,0.27936434745788574,0.10715280473232269,"[5.0, 5.0, 5.0, 5.0, 5.0, 5.0, 5.0, 5.0, 5.0, 5.0, 5.0, 5.0, 5.0, 5.0, 5.0, 5.0, 5.0, 5.0, 5.0, 5.0, 5.0, 5.0, 5.0, 5.0, 5.0, 5.0, 5.0, 5.0, 5.0, 5.0, 4.955128192901611, 4.911585807800293, 4.875233173370361, 4.845819473266602, 4.823108673095703, 4.806946754455566, 4.797217845916748, 4.79384708404541, 4.796818733215332, 4.806143283843994, 4.821897506713867, 4.844181537628174, 4.873171329498291, 4.9090776443481445, 4.952164173126221, 5.0, 5.0, 5.0, 5.0, 5.0, 5.0, 5.0, 5.0, 5.0, 5.0, 5.0, 5.0, 5.0, 5.0, 5.0]"
-0.26036345958709717,-0.9300161004066467,-0.05047924816608429,-3.3859612941741943,2.1218483448028564,2.9992213249206543,0.8041009306907654,-0.46615082025527954,0.36894211173057556,0.2743452191352844,0.10890057682991028,"[5.0, 5.0, 5.0, 5.0, 5.0, 5.0, 5.0, 5.0, 5.0, 5.0, 5.0, 5.0, 5.0, 5.0, 5.0, 5.0, 5.0, 5.0, 5.0, 5.0, 5.0, 4.944249153137207, 4.824807643890381, 4.717060565948486, 4.6199116706848145, 4.532437801361084, 4.453834533691406, 4.383427619934082, 4.3206048011779785, 4.264880180358887, 4.215810775756836, 4.173038482666016, 4.136229038238525, 4.105134963989258, 4.079526901245117, 4.059233665466309, 4.044124126434326, 4.034099102020264, 4.029073238372803, 4.0290327072143555, 4.033964157104492, 4.043910026550293, 4.058924674987793, 4.079127788543701, 4.104635238647461, 4.135632038116455, 4.1723432540893555, 4.215016841888428, 4.263969898223877, 4.319572448730469, 4.38226318359375, 4.452539443969727, 4.530989646911621, 4.618299961090088, 4.715266704559326, 4.822822093963623, 4.942054271697998, 5.0, 5.0, 5.0]"
-0.22013099491596222,-0.8910531401634216,-0.06010088324546814,-1.531554937362671,-1.4357703924179077,2.1108551025390625,0.8162693381309509,-0.45747971534729004,0.3527175784111023,0.27016809582710266,0.1018386110663414,"[5.0, 5.0, 5.0, 5.0, 5.0, 5.0, 5.0, 5.0, 5.0, 5.0, 5.0, 5.0, 5.0, 5.0, 5.0, 5.0, 5.0, 5.0, 5.0, 5.0, 5.0, 5.0, 4.922286510467529, 4.805668830871582, 4.700472831726074, 4.605654239654541, 4.520301342010498, 4.443669319152832, 4.375078201293945, 4.313951015472412, 4.259823322296143, 4.2122626304626465, 4.1709136962890625, 4.135478496551514, 4.105700969696045, 4.081379413604736, 4.062346458435059, 4.048471927642822, 4.039664268493652, 4.035861492156982, 4.037044048309326, 4.043210983276367, 4.054409503936768, 4.070716381072998, 4.0922369956970215, 4.119113445281982, 4.151541233062744, 4.189741611480713, 4.233994007110596, 4.284618854522705, 4.342005729675293, 4.406599044799805, 4.478926181793213, 4.559600353240967, 4.649328708648682, 4.748942852020264, 4.859408855438232, 4.981858730316162, 5.0, 5.0]"
-0.1670447736978531,-0.8599309325218201,-0.03253376856446266,-0.4915376901626587,-2.4688615798950195,2.1578152179718018,0.8353551030158997,-0.4462060332298279,0.3210524320602417,0.2659558355808258,0.09015901386737823,"[5.0, 5.0, 5.0, 5.0, 5.0, 5.0, 5.0, 5.0, 5.0, 5.0, 5.0, 5.0, 5.0, 5.0, 5.0, 5.0, 5.0, 5.0, 5.0, 5.0, 5.0, 5.0, 5.0, 5.0, 5.0, 5.0, 5.0, 4.9882731437683105, 4.906635761260986, 4.8339457511901855, 4.769581317901611, 4.713007926940918, 4.663780689239502, 4.621521949768066, 4.58591890335083, 4.556712627410889, 4.533684253692627, 4.5166754722595215, 4.505572319030762, 4.500288486480713, 4.500787258148193, 4.507083415985107, 4.519209861755371, 4.537254810333252, 4.561344146728516, 4.591649055480957, 4.628388404846191, 4.671835422515869, 4.722311019897461, 4.780207633972168, 4.845983028411865, 4.92018461227417, 5.0, 5.0, 5.0, 5.0, 5.0, 5.0, 5.0, 5.0]"
-0.10856864601373672,-0.8317463397979736,0.025585032999515533,0.10355550050735474,-1.1419928073883057,2.2213611602783203,0.8479465246200562,-0.4348793029785156,0.3030828833580017,0.26058489084243774,0.08287734538316727,"[5.0, 5.0, 5.0, 5.0, 5.0, 5.0, 5.0, 5.0, 5.0, 5.0, 5.0, 5.0, 5.0, 5.0, 5.0, 5.0, 5.0, 5.0, 5.0, 5.0, 5.0, 5.0, 5.0, 5.0, 5.0, 5.0, 5.0, 5.0, 5.0, 5.0, 5.0, 5.0, 5.0, 5.0, 4.989449977874756, 4.962710857391357, 4.942811965942383, 4.929617404937744, 4.923019886016846, 4.922987937927246, 4.929503917694092, 4.942625522613525, 4.9624481201171875, 4.989109516143799, 5.0, 5.0, 5.0, 5.0, 5.0, 5.0, 5.0, 5.0, 5.0, 5.0, 5.0, 5.0, 5.0, 5.0, 5.0, 5.0]"
-0.043862003833055496,-0.803909420967102,0.12798398733139038,0.793076753616333,0.48363804817199707,1.5578891038894653,0.8563220500946045,-0.4136565029621124,0.3091815710067749,0.254251629114151,0.08266035467386246,"[5.0, 5.0, 5.0, 5.0, 5.0, 5.0, 5.0, 5.0, 5.0, 5.0, 5.0, 5.0, 5.0, 5.0, 5.0, 5.0, 5.0, 5.0, 5.0, 5.0, 5.0, 5.0, 5.0, 5.0, 5.0, 5.0, 5.0, 5.0, 5.0, 5.0, 5.0, 5.0, 5.0, 4.999671459197998, 4.979496479034424, 4.966090202331543, 4.959348678588867, 4.9592180252075195, 4.965708255767822, 4.978865623474121, 4.998778343200684, 5.0, 5.0, 5.0, 5.0, 5.0, 5.0, 5.0, 5.0, 5.0, 5.0, 5.0, 5.0, 5.0, 5.0, 5.0, 5.0, 5.0, 5.0, 5.0]"
0.03279593586921692,-0.7724392414093018,0.3077647089958191,1.3222359418869019,1.0762401819229126,0.21056267619132996,0.8701716065406799,-0.3723531663417816,0.3227178752422333,0.24719518423080444,0.08428425341844559,"[5.0, 5.0, 5.0, 5.0, 5.0, 5.0, 5.0, 5.0, 5.0, 5.0, 5.0, 5.0, 5.0, 5.0, 5.0, 5.0, 5.0, 5.0, 5.0, 5.0, 5.0, 5.0, 5.0, 5.0, 5.0, 5.0, 4.985924243927002, 4.932915687561035, 4.887432098388672, 4.849128723144531, 4.817718029022217, 4.79298210144043, 4.774720191955566, 4.762823581695557, 4.757191181182861, 4.757791042327881, 4.764625072479248, 4.777742385864258, 4.79723596572876, 4.823246479034424, 4.855958938598633, 4.895620346069336, 4.9425249099731445, 4.997032165527344, 5.0, 5.0, 5.0, 5.0, 5.0, 5.0, 5.0, 5.0, 5.0, 5.0, 5.0, 5.0, 5.0, 5.0, 5.0, 5.0]"
0.12624220550060272,-0.7363429069519043,0.47996583580970764,1.914934754371643,0.8243722915649414,-1.0486598014831543,0.8928242325782776,-0.30962270498275757,0.32709431648254395,0.23956090211868286,0.08292068541049957,"[5.0, 5.0, 5.0, 5.0, 5.0, 5.0, 5.0, 5.0, 5.0, 5.0, 5.0, 5.0, 5.0, 5.0, 5.0, 5.0, 5.0, 5.0, 5.0, 5.0, 5.0, 5.0, 4.9369330406188965, 4.870066165924072, 4.811234951019287, 4.75998067855835, 4.715886116027832, 4.678625583648682, 4.647939205169678, 4.623581409454346, 4.605400085449219, 4.593252182006836, 4.587064266204834, 4.586790084838867, 4.592426300048828, 4.604010581970215, 4.621623992919922, 4.6453938484191895, 4.675483226776123, 4.7121124267578125, 4.755551338195801, 4.8061299324035645, 4.864227294921875, 4.930316925048828, 5.0, 5.0, 5.0, 5.0, 5.0, 5.0, 5.0, 5.0, 5.0, 5.0, 5.0, 5.0, 5.0, 5.0, 5.0, 5.0]"
0.23674218356609344,-0.6981661915779114,0.5421050786972046,2.199484348297119,-0.5763916969299316,-1.5536307096481323,0.9223016500473022,-0.23599575459957123,0.3060350716114044,0.2314656376838684,0.0744069516658783,"[5.0, 5.0, 5.0, 5.0, 5.0, 5.0, 5.0, 5.0, 5.0, 5.0, 5.0, 5.0, 5.0, 5.0, 5.0, 5.0, 5.0, 5.0, 5.0, 5.0, 5.0, 5.0, 4.965035438537598, 4.909383773803711, 4.861302852630615, 4.8204216957092285, 4.786436557769775, 4.759101867675781, 4.738213539123535, 4.7236199378967285, 4.715231895446777, 4.712976932525635, 4.716856956481934, 4.726872444152832, 4.7431135177612305, 4.765689849853516, 4.794767379760742, 4.8305463790893555, 4.873297214508057, 4.92333984375, 4.981062412261963, 5.0, 5.0, 5.0, 5.0, 5.0, 5.0, 5.0, 5.0, 5.0, 5.0, 5.0, 5.0, 5.0, 5.0, 5.0, 5.0, 5.0, 5.0, 5.0]"
0.35292938351631165,-0.6620177626609802,0.6210893392562866,2.0504932403564453,-0.088958740234375,-1.4107747077941895,0.9477707743644714,-0.1619473397731781,0.2747635841369629,0.2224196493625641,0.063559390604496,"[5.0, 5.0, 5.0, 5.0, 5.0, 5.0, 5.0, 5.0, 5.0, 5.0, 5.0, 5.0, 5.0, 5.0, 5.0, 5.0, 5.0, 5.0, 5.0, 5.0, 5.0, 5.0, 4.976863861083984, 4.932541847229004, 4.895401954650879, 4.865157604217529, 4.841606616973877, 4.824560165405273, 4.813917636871338, 4.809574604034424, 4.811527729034424, 4.819788932800293, 4.834402561187744, 4.855472087860107, 4.883164882659912, 4.917665481567383, 4.959229946136475, 5.0, 5.0, 5.0, 5.0, 5.0, 5.0, 5.0, 5.0, 5.0, 5.0, 5.0, 5.0, 5.0, 5.0, 5.0, 5.0, 5.0, 5.0, 5.0, 5.0, 5.0, 5.0, 5.0]"
0.45843350887298584,-0.6322522163391113,0.6643946766853333,1.8253819942474365,0.23757246136665344,-1.022451639175415,0.9664824604988098,-0.09225981682538986,0.23956355452537537,0.2123236209154129,0.05239082872867584,"[5.0, 5.0, 5.0, 5.0, 5.0, 5.0, 5.0, 5.0, 5.0, 5.0, 5.0, 5.0, 5.0, 5.0, 5.0, 5.0, 5.0, 5.0, 5.0, 5.0, 4.951167583465576, 4.904820919036865, 4.865663528442383, 4.833395481109619, 4.807794094085693, 4.788663387298584, 4.775886058807373, 4.769349098205566, 4.769025802612305, 4.774904727935791, 4.7870192527771, 4.8054728507995605, 4.830380916595459, 4.861934185028076, 4.900356769561768, 4.945931911468506, 4.9990105628967285, 5.0, 5.0, 5.0, 5.0, 5.0, 5.0, 5.0, 5.0, 5.0, 5.0, 5.0, 5.0, 5.0, 5.0, 5.0, 5.0, 5.0, 5.0, 5.0, 5.0, 5.0, 5.0, 5.0]"
0.5561802387237549,-0.6190916299819946,0.6328075528144836,1.3671215772628784,-0.28918659687042236,-0.26335424184799194,0.9807981252670288,-0.031752973794937134,0.19239799678325653,0.20089001953601837,0.039386898279190063,"[5.0, 5.0, 5.0, 5.0, 5.0, 5.0, 5.0, 5.0, 5.0, 5.0, 5.0, 5.0, 5.0, 5.0, 5.0, 5.0, 5.0, 5.0, 5.0, 4.95475435256958, 4.91231107711792, 4.8769354820251465, 4.848363399505615, 4.8263983726501465, 4.810856342315674, 4.801657199859619, 4.798716068267822, 4.802023410797119, 4.811594486236572, 4.827503681182861, 4.8498663902282715, 4.878828525543213, 4.914606094360352, 4.9574737548828125, 5.0, 5.0, 5.0, 5.0, 5.0, 5.0, 5.0, 5.0, 5.0, 5.0, 5.0, 5.0, 5.0, 5.0, 5.0, 5.0, 5.0, 5.0, 5.0, 5.0, 5.0, 5.0, 5.0, 5.0, 5.0, 5.0]"
0.6460737586021423,-0.6293372511863708,0.5632268190383911,0.8903700113296509,-0.4500850439071655,0.6944897770881653,0.9902423024177551,0.018205780535936356,0.13812358677387238,0.18797667324543,0.02621542662382126,"[5.0, 5.0, 5.0, 5.0, 5.0, 5.0, 5.0, 5.0, 5.0, 5.0, 5.0, 5.0, 5.0, 5.0, 5.0, 5.0, 5.0, 5.0, 5.0, 4.986998081207275, 4.955276012420654, 4.930390357971191, 4.912164211273193, 4.900485038757324, 4.895249366760254, 4.896430492401123, 4.904048442840576, 4.918136119842529, 4.938797950744629, 4.966197967529297, 5.0, 5.0, 5.0, 5.0, 5.0, 5.0, 5.0, 5.0, 5.0, 5.0, 5.0, 5.0, 5.0, 5.0, 5.0, 5.0, 5.0, 5.0, 5.0, 5.0, 5.0, 5.0, 5.0, 5.0, 5.0, 5.0, 5.0, 5.0, 5.0, 5.0]"
0.7206869721412659,-0.665675163269043,0.45957812666893005,0.44539016485214233,-0.08921205997467041,1.704710841178894,0.994070827960968,0.06047248840332031,0.09030341356992722,0.1741330623626709,0.015789411962032318,"[5.0, 5.0, 5.0, 5.0, 5.0, 5.0, 5.0, 5.0, 5.0, 5.0, 5.0, 5.0, 5.0, 5.0, 5.0, 5.0, 5.0, 5.0, 4.991523265838623, 4.964591026306152, 4.944433212280273, 4.930882930755615, 4.923860549926758, 4.9232988357543945, 4.92921781539917, 4.941632270812988, 4.960656642913818, 4.98641300201416, 5.0, 5.0, 5.0, 5.0, 5.0, 5.0, 5.0, 5.0, 5.0, 5.0, 5.0, 5.0, 5.0, 5.0, 5.0, 5.0, 5.0, 5.0, 5.0, 5.0, 5.0, 5.0, 5.0, 5.0, 5.0, 5.0, 5.0, 5.0, 5.0, 5.0, 5.0, 5.0]"
0.7767626643180847,-0.7276273965835571,0.33026301860809326,-0.018017828464508057,0.26942703127861023,2.6651501655578613,0.9932007789611816,0.10139427334070206,0.05708744749426842,0.16005943715572357,0.0091523677110672,"[5.0, 5.0, 5.0, 5.0, 5.0, 5.0, 5.0, 5.0, 5.0, 5.0, 5.0, 5.0, 5.0, 5.0, 5.0, 4.967233657836914, 4.931957721710205, 4.9035515785217285, 4.881856441497803, 4.8666815757751465, 4.8579206466674805, 4.855534553527832, 4.859488487243652, 4.86980676651001, 4.886577129364014, 4.909899711608887, 4.939966678619385, 4.976982116699219, 5.0, 5.0, 5.0, 5.0, 5.0, 5.0, 5.0, 5.0, 5.0, 5.0, 5.0, 5.0, 5.0, 5.0, 5.0, 5.0, 5.0, 5.0, 5.0, 5.0, 5.0, 5.0, 5.0, 5.0, 5.0, 5.0, 5.0, 5.0, 5.0, 5.0, 5.0, 5.0]"
0.8139346837997437,-0.8132571578025818,0.17545010149478912,-0.4957265257835388,0.3447035551071167,3.5710251331329346,0.9878358244895935,0.14992386102676392,0.04110580310225487,0.1461799293756485,0.0060139670968055725,"[5.0, 5.0, 5.0, 5.0, 5.0, 5.0, 5.0, 5.0, 5.0, 5.0, 5.0, 4.991239547729492, 4.940070152282715, 4.896310806274414, 4.859635353088379, 4.82977294921875, 4.806502342224121, 4.789658069610596, 4.779138088226318, 4.774846076965332, 4.776764392852783, 4.784894943237305, 4.799314975738525, 4.820108413696289, 4.8474202156066895, 4.881466388702393, 4.92248010635376, 4.9707770347595215, 5.0, 5.0, 5.0, 5.0, 5.0, 5.0, 5.0, 5.0, 5.0, 5.0, 5.0, 5.0, 5.0, 5.0, 5.0, 5.0, 5.0, 5.0, 5.0, 5.0, 5.0, 5.0, 5.0, 5.0, 5.0, 5.0, 5.0, 5.0, 5.0, 5.0, 5.0, 5.0]"
0.8288536071777344,-0.9194281697273254,-0.0007409453392028809,-1.0124516487121582,0.14531028270721436,4.4722771644592285,0.9754515290260315,0.21542702615261078,0.04550379514694214,0.1331215798854828,0.006063863635063171,"[5.0, 5.0, 5.0, 5.0, 5.0, 5.0, 5.0, 5.0, 5.0, 5.0, 4.952776908874512, 4.906952857971191, 4.868309497833252, 4.83655309677124, 4.811482906341553, 4.792883396148682, 4.780643939971924, 4.774659633636475, 4.774914264678955, 4.781388759613037, 4.794123649597168, 4.813231468200684, 4.838842391967773, 4.871121406555176, 4.910327911376953, 4.956748008728027, 5.0, 5.0, 5.0, 5.0, 5.0, 5.0, 5.0, 5.0, 5.0, 5.0, 5.0, 5.0, 5.0, 5.0, 5.0, 5.0, 5.0, 5.0, 5.0, 5.0, 5.0, 5.0, 5.0, 5.0, 5.0, 5.0, 5.0, 5.0, 5.0, 5.0, 5.0, 5.0, 5.0, 5.0]"
0.8136624693870544,-1.0420875549316406,-0.18711930513381958,-1.6297413110733032,-0.030912160873413086,5.480992317199707,0.9494063854217529,0.303909033536911,0.0790606364607811,0.12230934947729111,0.009700298309326172,"[5.0, 5.0, 5.0, 5.0, 5.0, 5.0, 5.0, 5.0, 5.0, 5.0, 5.0, 4.9660797119140625, 4.938390731811523, 4.917489051818848, 4.9032158851623535, 4.895467758178711, 4.894195556640625, 4.899383544921875, 4.9110798835754395, 4.929356098175049, 4.954351902008057, 4.986243724822998, 5.0, 5.0, 5.0, 5.0, 5.0, 5.0, 5.0, 5.0, 5.0, 5.0, 5.0, 5.0, 5.0, 5.0, 5.0, 5.0, 5.0, 5.0, 5.0, 5.0, 5.0, 5.0, 5.0, 5.0, 5.0, 5.0, 5.0, 5.0, 5.0, 5.0, 5.0, 5.0, 5.0, 5.0, 5.0, 5.0, 5.0, 5.0]"
0.7533479928970337,-1.1748629808425903,-0.3862183690071106,-2.398944616317749,-0.34076714515686035,6.748015403747559,0.9011240005493164,0.40716856718063354,0.14890322089195251,0.11571630835533142,0.017424939200282097,"[5.0, 5.0, 5.0, 5.0, 5.0, 5.0, 5.0, 5.0, 5.0, 5.0, 5.0, 5.0, 5.0, 5.0, 5.0, 5.0, 5.0, 5.0, 5.0, 5.0, 5.0, 5.0, 5.0, 5.0, 5.0, 5.0, 5.0, 5.0, 5.0, 5.0, 5.0, 5.0, 5.0, 5.0, 5.0, 5.0, 5.0, 5.0, 5.0, 5.0, 5.0, 5.0, 5.0, 5.0, 5.0, 5.0, 5.0, 5.0, 5.0, 5.0, 5.0, 5.0, 5.0, 5.0, 5.0, 5.0, 5.0, 5.0, 5.0, 5.0]"
0.625767707824707,-1.3004930019378662,-0.6012715101242065,-3.3709092140197754,-1.1986349821090698,8.210402488708496,0.830329954624176,0.5001404285430908,0.24575380980968475,0.11506765335798264,0.029173243790864944,"[5.0, 5.0, 5.0, 5.0, 5.0, 5.0, 5.0, 5.0, 5.0, 5.0, 5.0, 5.0, 5.0, 5.0, 5.0, 5.0, 5.0, 5.0, 5.0, 5.0, 5.0, 5.0, 5.0, 5.0, 5.0, 5.0, 5.0, 5.0, 5.0, 5.0, 5.0, 5.0, 5.0, 5.0, 5.0, 5.0, 5.0, 5.0, 5.0, 5.0, 5.0, 5.0, 5.0, 5.0, 5.0, 5.0, 5.0, 5.0, 5.0, 5.0, 5.0, 5.0, 5.0, 5.0, 5.0, 5.0, 5.0, 5.0, 5.0, 5.0]"
0.4177364110946655,-1.393519401550293,-0.7537198066711426,-4.432472229003906,-1.9799777269363403,9.805546760559082,0.7629522085189819,0.5465114116668701,0.34527328610420227,0.12130129337310791,0.04462692514061928,"[5.0, 5.0, 5.0, 5.0, 5.0, 5.0, 5.0, 5.0, 5.0, 5.0, 5.0, 5.0, 5.0, 5.0, 5.0, 5.0, 5.0, 5.0, 5.0, 5.0, 5.0, 5.0, 5.0, 5.0, 5.0, 5.0, 5.0, 5.0, 5.0, 5.0, 5.0, 5.0, 5.0, 5.0, 5.0, 5.0, 5.0, 5.0, 5.0, 5.0, 5.0, 5.0, 5.0, 5.0, 5.0, 5.0, 5.0, 5.0, 5.0, 5.0, 5.0, 5.0, 5.0, 5.0, 5.0, 5.0, 5.0, 5.0, 5.0, 5.0]"
0.14037109911441803,-1.4250006675720215,-0.7838253378868103,-5.523366928100586,-2.0171470642089844,11.427627563476562,0.7340326309204102,0.5282902717590332,0.42672228813171387,0.13339723646640778,0.06294243037700653,"[5.0, 5.0, 5.0, 5.0, 5.0, 5.0, 5.0, 5.0, 5.0, 5.0, 5.0, 5.0, 5.0, 5.0, 5.0, 5.0, 5.0, 5.0, 5.0, 5.0, 5.0, 5.0, 5.0, 5.0, 5.0, 5.0, 5.0, 5.0, 5.0, 5.0, 5.0, 5.0, 5.0, 5.0, 5.0, 5.0, 5.0, 5.0, 5.0, 5.0, 5.0, 5.0, 5.0, 5.0, 5.0, 5.0, 5.0, 5.0, 5.0, 5.0, 5.0, 5.0, 5.0, 5.0, 5.0, 5.0, 5.0, 5.0, 5.0, 5.0]"
-0.18177787959575653,-1.365893840789795,-0.7377459406852722,-6.575745582580566,-1.7093262672424316,12.981639862060547,0.7517994046211243,0.44611939787864685,0.4855547249317169,0.14868073165416718,0.08258140832185745,"[5.0, 5.0, 5.0, 5.0, 5.0, 5.0, 5.0, 5.0, 5.0, 5.0, 5.0, 5.0, 5.0, 5.0, 5.0, 5.0, 5.0, 5.0, 5.0, 5.0, 5.0, 5.0, 5.0, 5.0, 5.0, 5.0, 5.0, 5.0, 5.0, 5.0, 5.0, 5.0, 5.0, 5.0, 5.0, 5.0, 5.0, 5.0, 5.0, 5.0, 5.0, 5.0, 5.0, 5.0, 5.0, 5.0, 5.0, 5.0, 5.0, 5.0, 5.0, 5.0, 5.0, 5.0, 5.0, 5.0, 5.0, 5.0, 5.0, 5.0]"
-0.5076748728752136,-1.198158621788025,-0.6337138414382935,-7.236051082611084,-1.3536614179611206,14.243489265441895,0.7974405288696289,0.3058057725429535,0.5201548337936401,0.1651013344526291,0.1005522608757019,"[5.0, 5.0, 5.0, 5.0, 5.0, 5.0, 5.0, 5.0, 5.0, 5.0, 5.0, 5.0, 5.0, 5.0, 5.0, 5.0, 5.0, 5.0, 5.0, 5.0, 5.0, 5.0, 5.0, 5.0, 5.0, 5.0, 5.0, 5.0, 5.0, 5.0, 5.0, 5.0, 5.0, 5.0, 5.0, 5.0, 5.0, 5.0, 5.0, 5.0, 5.0, 5.0, 5.0, 5.0, 5.0, 5.0, 5.0, 5.0, 5.0, 5.0, 5.0, 5.0, 5.0, 5.0, 5.0, 5.0, 5.0, 5.0, 5.0, 5.0]"
-0.7836365103721619,-0.9320088028907776,-0.4688529968261719,-6.991756439208984,-1.0060453414916992,15.008060455322266,0.8425757884979248,0.117673359811306,0.5255566835403442,0.18225723505020142,0.1125902533531189,"[5.0, 5.0, 5.0, 5.0, 5.0, 5.0, 5.0, 5.0, 5.0, 5.0, 5.0, 5.0, 5.0, 5.0, 5.0, 5.0, 5.0, 5.0, 5.0, 5.0, 5.0, 5.0, 5.0, 5.0, 5.0, 5.0, 5.0, 5.0, 5.0, 5.0, 5.0, 5.0, 5.0, 5.0, 5.0, 5.0, 5.0, 5.0, 5.0, 5.0, 5.0, 5.0, 5.0, 5.0, 5.0, 5.0, 5.0, 5.0, 5.0, 5.0, 5.0, 5.0, 5.0, 5.0, 5.0, 5.0, 5.0, 5.0, 5.0, 5.0]"
-0.9592182636260986,-0.6066018342971802,-0.28512686491012573,-5.599699020385742,-0.8614094257354736,14.537353515625,0.8611577153205872,-0.09162752330303192,0.5000032186508179,0.20057091116905212,0.11580132693052292,"[5.0, 5.0, 5.0, 5.0, 5.0, 5.0, 5.0, 5.0, 5.0, 5.0, 5.0, 5.0, 5.0, 5.0, 5.0, 5.0, 5.0, 5.0, 5.0, 5.0, 5.0, 5.0, 5.0, 5.0, 5.0, 5.0, 5.0, 5.0, 5.0, 5.0, 5.0, 5.0, 5.0, 5.0, 5.0, 5.0, 5.0, 5.0, 5.0, 5.0, 5.0, 5.0, 5.0, 5.0, 5.0, 5.0, 5.0, 5.0, 5.0, 5.0, 5.0, 5.0, 5.0, 5.0, 5.0, 5.0, 5.0, 5.0, 5.0, 5.0]"
-1.0181022882461548,-0.28095465898513794,-0.14560076594352722,-3.438549518585205,-0.9104206562042236,12.676287651062012,0.8436667323112488,-0.28580614924430847,0.4544592797756195,0.2195073664188385,0.11199068278074265,"[5.0, 5.0, 5.0, 5.0, 5.0, 5.0, 5.0, 5.0, 5.0, 5.0, 5.0, 5.0, 5.0, 5.0, 5.0, 5.0, 5.0, 5.0, 5.0, 5.0, 5.0, 5.0, 5.0, 5.0, 5.0, 5.0, 5.0, 5.0, 5.0, 5.0, 5.0, 5.0, 5.0, 5.0, 5.0, 5.0, 5.0, 5.0, 5.0, 5.0, 5.0, 5.0, 5.0, 5.0, 5.0, 5.0, 5.0, 5.0, 5.0, 5.0, 5.0, 5.0, 5.0, 5.0, 5.0, 5.0, 5.0, 5.0, 5.0, 5.0]"
-0.9886950850486755,-0.006439231336116791,-0.09629632532596588,-0.7439316511154175,-1.1666827201843262,9.968257904052734,0.8007385730743408,-0.43708688020706177,0.4095911979675293,0.23818902671337128,0.10694275796413422,"[5.0, 5.0, 5.0, 5.0, 5.0, 5.0, 5.0, 5.0, 5.0, 5.0, 5.0, 5.0, 5.0, 5.0, 5.0, 5.0, 5.0, 5.0, 5.0, 5.0, 5.0, 5.0, 5.0, 5.0, 5.0, 5.0, 5.0, 5.0, 5.0, 5.0, 5.0, 5.0, 5.0, 5.0, 5.0, 5.0, 5.0, 5.0, 5.0, 5.0, 5.0, 5.0, 5.0, 5.0, 5.0, 5.0, 5.0, 5.0, 5.0, 5.0, 5.0, 5.0, 5.0, 5.0, 5.0, 5.0, 5.0, 5.0, 5.0, 5.0]"
-0.9183021783828735,0.18871140480041504,-0.10040445625782013,2.011091470718384,-1.3425006866455078,6.541221618652344,0.7555083632469177,-0.5296095013618469,0.3856339156627655,0.2558656334877014,0.10694271326065063,"[5.0, 5.0, 5.0, 5.0, 5.0, 5.0, 5.0, 5.0, 5.0, 5.0, 5.0, 5.0, 5.0, 5.0, 5.0, 5.0, 5.0, 5.0, 5.0, 5.0, 5.0, 5.0, 5.0, 5.0, 5.0, 5.0, 5.0, 5.0, 5.0, 5.0, 5.0, 5.0, 5.0, 5.0, 5.0, 5.0, 5.0, 5.0, 5.0, 5.0, 5.0, 5.0, 5.0, 5.0, 5.0, 5.0, 5.0, 5.0, 5.0, 5.0, 5.0, 5.0, 5.0, 5.0, 5.0, 5.0, 5.0, 5.0, 5.0, 5.0]"
-0.8468165993690491,0.30125606060028076,-0.07252613455057144,3.9782040119171143,-1.177303433418274,3.115938663482666,0.7293565273284912,-0.5641472339630127,0.3870014548301697,0.2722528576850891,0.11426642537117004,"[5.0, 5.0, 5.0, 5.0, 5.0, 5.0, 5.0, 5.0, 5.0, 5.0, 5.0, 5.0, 5.0, 5.0, 5.0, 5.0, 5.0, 5.0, 5.0, 5.0, 5.0, 5.0, 5.0, 5.0, 5.0, 5.0, 5.0, 5.0, 5.0, 5.0, 5.0, 5.0, 5.0, 5.0, 5.0, 5.0, 5.0, 5.0, 5.0, 5.0, 5.0, 5.0, 5.0, 5.0, 5.0, 5.0, 5.0, 5.0, 5.0, 5.0, 5.0, 5.0, 5.0, 5.0, 5.0, 5.0, 5.0, 5.0, 5.0, 5.0]"
-0.7904541492462158,0.35179296135902405,0.06836473941802979,4.826192855834961,-0.2522276043891907,0.15843582153320312,0.7293827533721924,-0.5511897206306458,0.40519675612449646,0.28679218888282776,0.12710998952388763,"[5.0, 5.0, 5.0, 5.0, 5.0, 5.0, 5.0, 5.0, 5.0, 5.0, 5.0, 5.0, 5.0, 5.0, 5.0, 5.0, 5.0, 5.0, 5.0, 5.0, 5.0, 5.0, 5.0, 5.0, 5.0, 5.0, 5.0, 5.0, 5.0, 5.0, 5.0, 5.0, 5.0, 5.0, 5.0, 5.0, 5.0, 5.0, 5.0, 5.0, 5.0, 5.0, 5.0, 5.0, 5.0, 5.0, 5.0, 5.0, 5.0, 5.0, 5.0, 5.0, 5.0, 5.0, 5.0, 5.0, 5.0, 5.0, 5.0, 5.0]"
-0.7557344436645508,0.3627972900867462,0.2844575047492981,4.942990779876709,0.3178766071796417,-2.139354944229126,0.7531302571296692,-0.5035532116889954,0.42334720492362976,0.2996620833873749,0.14002883434295654,"[5.0, 5.0, 5.0, 5.0, 5.0, 5.0, 5.0, 5.0, 5.0, 5.0, 5.0, 5.0, 5.0, 5.0, 5.0, 5.0, 5.0, 5.0, 5.0, 5.0, 5.0, 5.0, 5.0, 5.0, 5.0, 5.0, 5.0, 5.0, 5.0, 5.0, 5.0, 5.0, 5.0, 5.0, 5.0, 5.0, 5.0, 5.0, 5.0, 5.0, 5.0, 5.0, 5.0, 5.0, 5.0, 5.0, 5.0, 5.0, 5.0, 5.0, 5.0, 5.0, 5.0, 5.0, 5.0, 5.0, 5.0, 5.0, 5.0, 5.0]"
-0.7343336939811707,0.34654921293258667,0.47729843854904175,4.729518890380859,0.7336177229881287,-3.4255919456481934,0.7891703844070435,-0.4348108172416687,0.4337556064128876,0.31139206886291504,0.1499045044183731,"[5.0, 5.0, 5.0, 5.0, 5.0, 5.0, 5.0, 5.0, 5.0, 5.0, 5.0, 5.0, 5.0, 5.0, 5.0, 5.0, 5.0, 5.0, 5.0, 5.0, 5.0, 5.0, 5.0, 5.0, 5.0, 5.0, 5.0, 5.0, 5.0, 5.0, 5.0, 5.0, 5.0, 5.0, 5.0, 5.0, 5.0, 5.0, 5.0, 5.0, 5.0, 5.0, 5.0, 5.0, 5.0, 5.0, 5.0, 5.0, 5.0, 5.0, 5.0, 5.0, 5.0, 5.0, 5.0, 5.0, 5.0, 5.0, 5.0, 5.0]"
-0.7178682088851929,0.3135756254196167,0.6503206491470337,4.263321876525879,1.2410739660263062,-3.94765567779541,0.8261144757270813,-0.3564920723438263,0.4363972842693329,0.3222609758377075,0.1563030481338501,"[5.0, 5.0, 5.0, 5.0, 5.0, 5.0, 5.0, 5.0, 5.0, 5.0, 5.0, 5.0, 5.0, 5.0, 5.0, 5.0, 5.0, 5.0, 5.0, 5.0, 5.0, 5.0, 5.0, 5.0, 5.0, 5.0, 5.0, 5.0, 5.0, 5.0, 5.0, 5.0, 5.0, 5.0, 5.0, 5.0, 5.0, 5.0, 5.0, 5.0, 5.0, 5.0, 5.0, 5.0, 5.0, 5.0, 5.0, 5.0, 5.0, 5.0, 5.0, 5.0, 5.0, 5.0, 5.0, 5.0, 5.0, 5.0, 5.0, 5.0]"
-0.703658938407898,0.27103379368782043,0.8185317516326904,3.7679004669189453,1.8339518308639526,-4.156893730163574,0.8580619096755981,-0.27441805601119995,0.4340725541114807,0.33219754695892334,0.160064235329628,"[5.0, 5.0, 5.0, 5.0, 5.0, 5.0, 5.0, 5.0, 5.0, 5.0, 5.0, 5.0, 5.0, 5.0, 5.0, 5.0, 5.0, 5.0, 5.0, 5.0, 5.0, 5.0, 5.0, 5.0, 5.0, 5.0, 5.0, 5.0, 5.0, 5.0, 5.0, 5.0, 5.0, 5.0, 5.0, 5.0, 5.0, 5.0, 5.0, 5.0, 5.0, 5.0, 5.0, 5.0, 5.0, 5.0, 5.0, 5.0, 5.0, 5.0, 5.0, 5.0, 5.0, 5.0, 5.0, 5.0, 5.0, 5.0, 5.0, 5.0]"
-0.689795732498169,0.22301051020622253,0.9753262996673584,3.3436169624328613,2.3179092407226562,-4.1199822425842285,0.8829771280288696,-0.19222086668014526,0.42824891209602356,0.3411972224712372,0.1616954356431961,"[4.185713768005371, 4.14882755279541, 4.117644309997559, 4.091960906982422, 4.071602821350098, 4.05642032623291, 4.0463175773620605, 4.041229724884033, 4.041107654571533, 4.045976638793945, 4.055860996246338, 4.070821762084961, 4.090951919555664, 4.116396427154541, 4.147317409515381, 4.183956146240234, 4.226546764373779, 4.275414943695068, 4.330924987792969, 4.3935089111328125, 4.463667392730713, 4.541975975036621, 4.629128932952881, 4.725902557373047, 4.833232879638672, 4.952207565307617, 5.0, 5.0, 5.0, 5.0, 5.0, 5.0, 5.0, 5.0, 5.0, 5.0, 5.0, 5.0, 5.0, 5.0, 5.0, 5.0, 5.0, 5.0, 5.0, 5.0, 5.0, 5.0, 5.0, 5.0, 5.0, 5.0, 5.0, 5.0, 5.0, 5.0, 5.0, 5.0, 5.0, 5.0]"
-0.6399631500244141,0.1669459193944931,0.9810632467269897,2.7677488327026367,-0.09693372249603271,-3.9375600814819336,0.9142201542854309,-0.11389090120792389,0.38887685537338257,0.3529195487499237,0.14896796643733978,"[3.8380556106567383, 3.8029561042785645, 3.7729504108428955, 3.74786114692688, 3.7274928092956543, 3.7117526531219482, 3.7004952430725098, 3.6936841011047363, 3.691260576248169, 3.693215847015381, 3.6995460987091064, 3.7103099822998047, 3.7255687713623047, 3.7454192638397217, 3.769986391067505, 3.799441337585449, 3.8339877128601074, 3.8738462924957275, 3.9193115234375, 3.970712184906006, 4.028411388397217, 4.092894077301025, 4.164641380310059, 4.244274139404297, 4.332504749298096, 4.430119037628174, 4.538076400756836, 4.657482624053955, 4.789645671844482, 4.936097621917725, 5.0, 5.0, 5.0, 5.0, 5.0, 5.0, 5.0, 5.0, 5.0, 5.0, 5.0, 5.0, 5.0, 5.0, 5.0, 5.0, 5.0, 5.0, 5.0, 5.0, 5.0, 5.0, 5.0, 5.0, 5.0, 5.0, 5.0, 5.0, 5.0, 5.0]"
-0.5427183508872986,0.10835503786802292,0.9865119457244873,2.3534610271453857,-1.5209790468215942,-3.662412166595459,0.9474144577980042,-0.04137212038040161,0.3173152208328247,0.3657245635986328,0.12237460911273956,"[3.7966978549957275, 3.76309871673584, 3.7344679832458496, 3.7106287479400635, 3.6914145946502686, 3.6767170429229736, 3.666419267654419, 3.660482883453369, 3.658842086791992, 3.661520004272461, 3.6685054302215576, 3.679840326309204, 3.6956255435943604, 3.7159407138824463, 3.740910053253174, 3.7707149982452393, 3.805551052093506, 3.845649003982544, 3.8912930488586426, 3.9428160190582275, 4.000582695007324, 4.065075397491455, 4.136784076690674, 4.216306686401367, 4.304354190826416, 4.401708602905273, 4.509344100952148, 4.628331184387207, 4.759988307952881, 4.905832767486572, 5.0, 5.0, 5.0, 5.0, 5.0, 5.0, 5.0, 5.0, 5.0, 5.0, 5.0, 5.0, 5.0, 5.0, 5.0, 5.0, 5.0, 5.0, 5.0, 5.0, 5.0, 5.0, 5.0, 5.0, 5.0, 5.0, 5.0, 5.0, 5.0, 5.0]"
-0.4213189482688904,0.05011745169758797,0.9635928869247437,1.886717677116394,-2.1713085174560547,-3.177976608276367,0.9733369946479797,0.02268272079527378,0.22824382781982422,0.37625160813331604,0.08820562064647675,"[3.8980565071105957, 3.866302728652954, 3.839595079421997, 3.8177661895751953, 3.8006591796875, 3.788170337677002, 3.780224084854126, 3.7767763137817383, 3.777784824371338, 3.7832753658294678, 3.793273687362671, 3.807849884033203, 3.8270843029022217, 3.8511195182800293, 3.8800971508026123, 3.914212703704834, 3.9537038803100586, 3.998853921890259, 4.049964427947998, 4.107447147369385, 4.171707630157471, 4.243279933929443, 4.322762966156006, 4.410819053649902, 4.50826358795166, 4.616024494171143, 4.73520565032959, 4.867061138153076, 5.0, 5.0, 5.0, 5.0, 5.0, 5.0, 5.0, 5.0, 5.0, 5.0, 5.0, 5.0, 5.0, 5.0, 5.0, 5.0, 5.0, 5.0, 5.0, 5.0, 5.0, 5.0, 5.0, 5.0, 5.0, 5.0, 5.0, 5.0, 5.0, 5.0, 5.0, 5.0]"
-0.2956150770187378,-0.010862067341804504,0.8878772258758545,1.268799066543579,-2.1916568279266357,-2.3484878540039062,0.9878984689712524,0.07286079227924347,0.13690368831157684,0.38289177417755127,0.052917689085006714,"[4.075833797454834, 4.046456813812256, 4.022313594818115, 4.003244876861572, 3.9891231060028076, 3.979867935180664, 3.9754157066345215, 3.975722551345825, 3.980808973312378, 3.9907093048095703, 4.005467414855957, 4.0251970291137695, 4.050018310546875, 4.08010196685791, 4.115641117095947, 4.156907081604004, 4.204159259796143, 4.257766246795654, 4.3181071281433105, 4.385680675506592, 4.461010932922363, 4.5447235107421875, 4.637574195861816, 4.740402698516846, 4.854225158691406, 4.980175971984863, 5.0, 5.0, 5.0, 5.0, 5.0, 5.0, 5.0, 5.0, 5.0, 5.0, 5.0, 5.0, 5.0, 5.0, 5.0, 5.0, 5.0, 5.0, 5.0, 5.0, 5.0, 5.0, 5.0, 5.0, 5.0, 5.0, 5.0, 5.0, 5.0, 5.0, 5.0, 5.0, 5.0, 5.0]"
-0.1826944500207901,-0.07863770425319672,0.7725664377212524,0.4916628897190094,-1.4507068395614624,-1.1689300537109375,0.9926695823669434,0.10395722091197968,0.061601120978593826,0.3861938416957855,0.023835303261876106,"[4.265387535095215, 4.237969875335693, 4.216020584106445, 4.199397563934326, 4.187987804412842, 4.181719779968262, 4.180545806884766, 4.1844635009765625, 4.1934943199157715, 4.207706928253174, 4.2271857261657715, 4.252053260803223, 4.28249979019165, 4.318709850311279, 4.360951900482178, 4.409521579742432, 4.464782238006592, 4.527145862579346, 4.597105503082275, 4.675222396850586, 4.762166976928711, 4.858704090118408, 4.9657182693481445, 5.0, 5.0, 5.0, 5.0, 5.0, 5.0, 5.0, 5.0, 5.0, 5.0, 5.0, 5.0, 5.0, 5.0, 5.0, 5.0, 5.0, 5.0, 5.0, 5.0, 5.0, 5.0, 5.0, 5.0, 5.0, 5.0, 5.0, 5.0, 5.0, 5.0, 5.0, 5.0, 5.0, 5.0, 5.0, 5.0, 5.0]"
-0.09427160024642944,-0.15526598691940308,0.645846962928772,-0.1808604598045349,0.11711087822914124,0.45219653844833374,0.9937527179718018,0.10958505421876907,0.021008389070630074,0.3885142505168915,0.008163881488144398,"[4.339400291442871, 4.312577724456787, 4.291316986083984, 4.275481700897217, 4.264961242675781, 4.259677886962891, 4.259609222412109, 4.2647576332092285, 4.275142192840576, 4.290847301483154, 4.311958312988281, 4.338632583618164, 4.371041774749756, 4.409427165985107, 4.454028606414795, 4.5052032470703125, 4.563305854797363, 4.62878942489624, 4.702179908752441, 4.784064292907715, 4.875174045562744, 4.976319313049316, 5.0, 5.0, 5.0, 5.0, 5.0, 5.0, 5.0, 5.0, 5.0, 5.0, 5.0, 5.0, 5.0, 5.0, 5.0, 5.0, 5.0, 5.0, 5.0, 5.0, 5.0, 5.0, 5.0, 5.0, 5.0, 5.0, 5.0, 5.0, 5.0, 5.0, 5.0, 5.0, 5.0, 5.0, 5.0, 5.0, 5.0, 5.0]"
-0.02697274088859558,-0.2334606647491455,0.4875459372997284,-0.299864798784256,1.068914532661438,1.7549437284469604,0.9956772923469543,0.09219187498092651,0.011055740527808666,0.3908427357673645,0.004321331158280373,"[4.257521152496338, 4.232200622558594, 4.212268352508545, 4.19760274887085, 4.188100814819336, 4.183697700500488, 4.1843767166137695, 4.190123558044434, 4.200991630554199, 4.217043876647949, 4.238385200500488, 4.265172481536865, 4.2975664138793945, 4.335791110992432, 4.380119800567627, 4.430879592895508, 4.488435745239258, 4.553236961364746, 4.625764846801758, 4.706655979156494, 4.796570777893066, 4.896329879760742, 5.0, 5.0, 5.0, 5.0, 5.0, 5.0, 5.0, 5.0, 5.0, 5.0, 5.0, 5.0, 5.0, 5.0, 5.0, 5.0, 5.0, 5.0, 5.0, 5.0, 5.0, 5.0, 5.0, 5.0, 5.0, 5.0, 5.0, 5.0, 5.0, 5.0, 5.0, 5.0, 5.0, 5.0, 5.0, 5.0, 5.0, 5.0]"
0.030231744050979614,-0.3123911917209625,0.3247862160205841,-0.4537432789802551,1.4970988035202026,2.6889805793762207,0.998053252696991,0.0587124302983284,0.02091194875538349,0.3927057683467865,0.008214060217142105,"[4.099771499633789, 4.077475070953369, 4.060266494750977, 4.048025608062744, 4.040674209594727, 4.038177013397217, 4.04050350189209, 4.047674179077148, 4.05974006652832, 4.076767921447754, 4.098880767822266, 4.126221179962158, 4.158951759338379, 4.197328567504883, 4.241590976715088, 4.292072772979736, 4.349128723144531, 4.413208961486816, 4.484800815582275, 4.5644917488098145, 4.652959823608398, 4.751003742218018, 4.8595194816589355, 4.979597568511963, 5.0, 5.0, 5.0, 5.0, 5.0, 5.0, 5.0, 5.0, 5.0, 5.0, 5.0, 5.0, 5.0, 5.0, 5.0, 5.0, 5.0, 5.0, 5.0, 5.0, 5.0, 5.0, 5.0, 5.0, 5.0, 5.0, 5.0, 5.0, 5.0, 5.0, 5.0, 5.0, 5.0, 5.0, 5.0, 5.0]"
0.08203550428152084,-0.39453545212745667,0.1701451987028122,-0.7092610001564026,1.6017380952835083,3.3385989665985107,0.9989745616912842,0.01549602672457695,0.04248112067580223,0.39339280128479004,0.016726909205317497,"[3.9467313289642334, 3.928223133087158, 3.914492607116699, 3.905458450317383, 3.901062250137329, 3.9012815952301025, 3.9061172008514404, 3.9155848026275635, 3.9297635555267334, 3.9487359523773193, 3.9726240634918213, 4.001583099365234, 4.035799026489258, 4.0755133628845215, 4.121013164520264, 4.172603607177734, 4.2306623458862305, 4.295649528503418, 4.368052005767822, 4.448495864868164, 4.537633895874023, 4.636296272277832, 4.745411396026611, 4.866053104400635, 4.999501705169678, 5.0, 5.0, 5.0, 5.0, 5.0, 5.0, 5.0, 5.0, 5.0, 5.0, 5.0, 5.0, 5.0, 5.0, 5.0, 5.0, 5.0, 5.0, 5.0, 5.0, 5.0, 5.0, 5.0, 5.0, 5.0, 5.0, 5.0, 5.0, 5.0, 5.0, 5.0, 5.0, 5.0, 5.0, 5.0]"
0.12835648655891418,-0.480224609375,0.02798154205083847,-1.0735198259353638,1.4646960496902466,3.769500732421875,0.9970598816871643,-0.032620470970869064,0.06929850578308105,0.39229515194892883,0.027251053601503372,"[3.848881244659424, 3.834273099899292, 3.8242499828338623, 3.818748950958252, 3.8177242279052734, 3.8211865425109863, 3.8291563987731934, 3.8416788578033447, 3.858828067779541, 3.8807125091552734, 3.907492160797119, 3.9393115043640137, 3.976421356201172, 4.019038677215576, 4.067490577697754, 4.122121810913086, 4.1833271980285645, 4.251585960388184, 4.327443599700928, 4.411550521850586, 4.5046257972717285, 4.607545852661133, 4.721288204193115, 4.847041130065918, 4.986178398132324, 5.0, 5.0, 5.0, 5.0, 5.0, 5.0, 5.0, 5.0, 5.0, 5.0, 5.0, 5.0, 5.0, 5.0, 5.0, 5.0, 5.0, 5.0, 5.0, 5.0, 5.0, 5.0, 5.0, 5.0, 5.0, 5.0, 5.0, 5.0, 5.0, 5.0, 5.0, 5.0, 5.0, 5.0, 5.0]"
0.16713395714759827,-0.5679497122764587,-0.09888582676649094,-1.6403257846832275,1.3133341073989868,4.121612071990967,0.9916620850563049,-0.08320631831884384,0.09837638586759567,0.38929489254951477,0.038484200835227966,"[3.8351802825927734, 3.8238518238067627, 3.81706166267395, 3.8147687911987305, 3.81695556640625, 3.8236501216888428, 3.8348662853240967, 3.8506991863250732, 3.871238946914673, 3.8966176509857178, 3.9270143508911133, 3.962611675262451, 4.003663063049316, 4.050442218780518, 4.103307723999023, 4.162639617919922, 4.228880882263184, 4.302579879760742, 4.384338855743408, 4.474858283996582, 4.57496976852417, 4.68563985824585, 4.807976245880127, 4.943306922912598, 5.0, 5.0, 5.0, 5.0, 5.0, 5.0, 5.0, 5.0, 5.0, 5.0, 5.0, 5.0, 5.0, 5.0, 5.0, 5.0, 5.0, 5.0, 5.0, 5.0, 5.0, 5.0, 5.0, 5.0, 5.0, 5.0, 5.0, 5.0, 5.0, 5.0, 5.0, 5.0, 5.0, 5.0, 5.0, 5.0]"
0.19567438960075378,-0.6543479561805725,-0.20867522060871124,-2.4083094596862793,1.3049930334091187,4.508884906768799,0.9821248650550842,-0.1365107297897339,0.1295773983001709,0.3845495879650116,0.05025273561477661,"[3.9225566387176514, 3.9130074977874756, 3.9081130027770996, 3.9078800678253174, 3.9122769832611084, 3.921344041824341, 3.935142755508423, 3.9537558555603027, 3.9773106575012207, 4.005953311920166, 4.0398783683776855, 4.079310894012451, 4.124536037445068, 4.175876140594482, 4.233701705932617, 4.29847526550293, 4.370672225952148, 4.450908184051514, 4.539887428283691, 4.638375759124756, 4.747340202331543, 4.867849826812744, 5.0, 5.0, 5.0, 5.0, 5.0, 5.0, 5.0, 5.0, 5.0, 5.0, 5.0, 5.0, 5.0, 5.0, 5.0, 5.0, 5.0, 5.0, 5.0, 5.0, 5.0, 5.0, 5.0, 5.0, 5.0, 5.0, 5.0, 5.0, 5.0, 5.0, 5.0, 5.0, 5.0, 5.0, 5.0, 5.0, 5.0, 5.0]"
0.21178102493286133,-0.7347188591957092,-0.3005000352859497,-3.251283645629883,1.4165891408920288,4.941530704498291,0.9674418568611145,-0.19405294954776764,0.16246376931667328,0.3780430853366852,0.062245436012744904,"[4.126967430114746, 4.116556167602539, 4.111166954040527, 4.110760688781738, 4.115347862243652, 4.124934196472168, 4.139617443084717, 4.15946102142334, 4.1846184730529785, 4.215236663818359, 4.251553535461426, 4.2938008308410645, 4.3422746658325195, 4.397353649139404, 4.4594550132751465, 4.529038906097412, 4.606683254241943, 4.69305944442749, 4.788906574249268, 4.895140171051025, 5.0, 5.0, 5.0, 5.0, 5.0, 5.0, 5.0, 5.0, 5.0, 5.0, 5.0, 5.0, 5.0, 5.0, 5.0, 5.0, 5.0, 5.0, 5.0, 5.0, 5.0, 5.0, 5.0, 5.0, 5.0, 5.0, 5.0, 5.0, 5.0, 5.0, 5.0, 5.0, 5.0, 5.0, 5.0, 5.0, 5.0, 5.0, 5.0, 5.0]"
0.21487608551979065,-0.8052488565444946,-0.3627174496650696,-3.90093994140625,1.516221523284912,5.282610893249512,0.9469426274299622,-0.2556845247745514,0.19472931325435638,0.3699899911880493,0.07345423847436905,"[4.459991455078125, 4.444748878479004, 4.4351348876953125, 4.431089401245117, 4.432581901550293, 4.439634799957275, 4.452266216278076, 4.470592021942139, 4.494722366333008, 4.524833679199219, 4.561129093170166, 4.603851318359375, 4.653342247009277, 4.709959506988525, 4.774136066436768, 4.84639835357666, 4.927313804626465, 5.0, 5.0, 5.0, 5.0, 5.0, 5.0, 5.0, 5.0, 5.0, 5.0, 5.0, 5.0, 5.0, 5.0, 5.0, 5.0, 5.0, 5.0, 5.0, 5.0, 5.0, 5.0, 5.0, 5.0, 5.0, 5.0, 5.0, 5.0, 5.0, 5.0, 5.0, 5.0, 5.0, 5.0, 5.0, 5.0, 5.0, 5.0, 5.0, 5.0, 5.0, 5.0, 5.0]"
0.208810955286026,-0.8649141788482666,-0.39739543199539185,-4.020493984222412,1.5474424362182617,5.286023139953613,0.9215191602706909,-0.3166331648826599,0.22481197118759155,0.36062127351760864,0.08320200443267822,"[4.8897600173950195, 4.864528179168701, 4.84581995010376, 4.833513259887695, 4.827500343322754, 4.827746391296387, 4.834262371063232, 4.847099304199219, 4.866323947906494, 4.892073631286621, 4.924559593200684, 4.963995933532715, 5.0, 5.0, 5.0, 5.0, 5.0, 5.0, 5.0, 5.0, 5.0, 5.0, 5.0, 5.0, 5.0, 5.0, 5.0, 5.0, 5.0, 5.0, 5.0, 5.0, 5.0, 5.0, 5.0, 5.0, 5.0, 5.0, 5.0, 5.0, 5.0, 5.0, 5.0, 5.0, 5.0, 5.0, 5.0, 5.0, 5.0, 5.0, 5.0, 5.0, 5.0, 5.0, 5.0, 5.0, 5.0, 5.0, 5.0, 5.0]"
0.20201653242111206,-0.9171031713485718,-0.37979820370674133,-3.5532565116882324,1.5814683437347412,4.801135540008545,0.8944107294082642,-0.36820924282073975,0.25386181473731995,0.3500370979309082,0.09187096357345581,"[5.0, 5.0, 5.0, 5.0, 5.0, 5.0, 5.0, 5.0, 5.0, 5.0, 5.0, 5.0, 5.0, 5.0, 5.0, 5.0, 5.0, 5.0, 5.0, 5.0, 5.0, 5.0, 5.0, 5.0, 5.0, 5.0, 5.0, 5.0, 5.0, 5.0, 5.0, 5.0, 5.0, 5.0, 5.0, 5.0, 5.0, 5.0, 5.0, 5.0, 5.0, 5.0, 5.0, 5.0, 5.0, 5.0, 5.0, 5.0, 5.0, 5.0, 5.0, 5.0, 5.0, 5.0, 5.0, 5.0, 5.0, 5.0, 5.0, 5.0]"
0.20087745785713196,-0.9649844765663147,-0.3185056149959564,-2.9403738975524902,1.3942160606384277,3.950596332550049,0.8710567355155945,-0.4032593071460724,0.28042155504226685,0.3384215533733368,0.09886787831783295,"[5.0, 5.0, 5.0, 5.0, 5.0, 5.0, 5.0, 5.0, 5.0, 5.0, 5.0, 5.0, 5.0, 5.0, 5.0, 5.0, 5.0, 5.0, 5.0, 5.0, 5.0, 5.0, 5.0, 5.0, 5.0, 5.0, 5.0, 5.0, 5.0, 5.0, 5.0, 5.0, 5.0, 5.0, 5.0, 5.0, 5.0, 5.0, 5.0, 5.0, 5.0, 5.0, 5.0, 5.0, 5.0, 5.0, 5.0, 5.0, 5.0, 5.0, 5.0, 5.0, 5.0, 5.0, 5.0, 5.0, 5.0, 5.0, 5.0, 5.0]"
0.20989708602428436,-1.0124690532684326,-0.21746213734149933,-2.470146894454956,1.3222085237503052,3.1417784690856934,0.8544406294822693,-0.4209553599357605,0.3045027256011963,0.32582202553749084,0.10416043549776077,"[5.0, 5.0, 5.0, 5.0, 5.0, 5.0, 5.0, 5.0, 5.0, 5.0, 5.0, 5.0, 5.0, 5.0, 5.0, 5.0, 5.0, 5.0, 5.0, 5.0, 5.0, 5.0, 5.0, 5.0, 5.0, 5.0, 5.0, 5.0, 5.0, 5.0, 5.0, 5.0, 5.0, 5.0, 5.0, 5.0, 5.0, 5.0, 5.0, 5.0, 5.0, 5.0, 5.0, 5.0, 5.0, 5.0, 5.0, 5.0, 5.0, 5.0, 5.0, 5.0, 5.0, 5.0, 5.0, 5.0, 5.0, 5.0, 5.0, 5.0]"
0.2304496318101883,-1.06000554561615,-0.09402599930763245,-2.097517490386963,1.3350163698196411,2.3818840980529785,0.8456381559371948,-0.42210137844085693,0.3266809284687042,0.31216251850128174,0.10789773613214493,"[5.0, 5.0, 5.0, 5.0, 5.0, 5.0, 5.0, 5.0, 5.0, 5.0, 5.0, 5.0, 5.0, 5.0, 5.0, 5.0, 5.0, 5.0, 5.0, 5.0, 5.0, 5.0, 5.0, 5.0, 5.0, 5.0, 5.0, 5.0, 5.0, 5.0, 5.0, 5.0, 5.0, 5.0, 5.0, 5.0, 5.0, 5.0, 5.0, 5.0, 5.0, 5.0, 5.0, 5.0, 5.0, 5.0, 5.0, 5.0, 5.0, 5.0, 5.0, 5.0, 5.0, 5.0, 5.0, 5.0, 5.0, 5.0, 5.0, 5.0]"
0.26372408866882324,-1.1066890954971313,0.04038049280643463,-1.800599455833435,1.3704534769058228,1.6525259017944336,0.8450232148170471,-0.4069012999534607,0.34693053364753723,0.2974870204925537,0.11004234850406647,"[5.0, 5.0, 5.0, 5.0, 5.0, 5.0, 5.0, 5.0, 5.0, 5.0, 5.0, 5.0, 5.0, 5.0, 5.0, 5.0, 5.0, 5.0, 5.0, 5.0, 5.0, 5.0, 5.0, 5.0, 5.0, 5.0, 5.0, 5.0, 5.0, 5.0, 5.0, 5.0, 5.0, 5.0, 5.0, 5.0, 5.0, 5.0, 5.0, 5.0, 5.0, 5.0, 5.0, 5.0, 5.0, 5.0, 5.0, 5.0, 5.0, 5.0, 5.0, 5.0, 5.0, 5.0, 5.0, 5.0, 5.0, 5.0, 5.0, 5.0]"
0.31071266531944275,-1.151247501373291,0.17760783433914185,-1.5618005990982056,1.3739360570907593,0.9674370884895325,0.8522830009460449,-0.37516289949417114,0.3644993305206299,0.28200361132621765,0.11038457602262497,"[5.0, 5.0, 5.0, 5.0, 5.0, 5.0, 5.0, 5.0, 5.0, 5.0, 5.0, 5.0, 5.0, 5.0, 5.0, 5.0, 5.0, 5.0, 5.0, 5.0, 5.0, 5.0, 5.0, 5.0, 5.0, 5.0, 5.0, 5.0, 5.0, 5.0, 5.0, 5.0, 5.0, 5.0, 5.0, 5.0, 5.0, 5.0, 5.0, 5.0, 5.0, 5.0, 5.0, 5.0, 5.0, 5.0, 5.0, 5.0, 5.0, 5.0, 5.0, 5.0, 5.0, 5.0, 5.0, 5.0, 5.0, 5.0, 5.0, 5.0]"
0.3716013729572296,-1.1925415992736816,0.31652915477752686,-1.36412513256073,1.4089996814727783,0.37455764412879944,0.8659219741821289,-0.326424241065979,0.3789713680744171,0.26586148142814636,0.10887549817562103,"[5.0, 5.0, 5.0, 5.0, 5.0, 5.0, 5.0, 5.0, 5.0, 5.0, 5.0, 5.0, 5.0, 4.972760200500488, 4.94468355178833, 4.923436641693115, 4.908834457397461, 4.90080451965332, 4.899263858795166, 4.904217720031738, 4.9156975746154785, 4.933776378631592, 4.9586076736450195, 4.990344047546387, 5.0, 5.0, 5.0, 5.0, 5.0, 5.0, 5.0, 5.0, 5.0, 5.0, 5.0, 5.0, 5.0, 5.0, 5.0, 5.0, 5.0, 5.0, 5.0, 5.0, 5.0, 5.0, 5.0, 5.0, 5.0, 5.0, 5.0, 5.0, 5.0, 5.0, 5.0, 5.0, 5.0, 5.0, 5.0, 5.0]"
0.44425299763679504,-1.2305254936218262,0.42612141370773315,-1.3307369947433472,1.0921378135681152,-0.0037535130977630615,0.88466477394104,-0.26166605949401855,0.3858647346496582,0.24950602650642395,0.10435796529054642,"[5.0, 5.0, 5.0, 5.0, 5.0, 5.0, 5.0, 5.0, 5.0, 5.0, 4.998240947723389, 4.93541145324707, 4.880536079406738, 4.833179473876953, 4.79296875, 4.75960636138916, 4.732861042022705, 4.712523937225342, 4.698452949523926, 4.690558910369873, 4.688778400421143, 4.693099021911621, 4.703549385070801, 4.720200061798096, 4.743183612823486, 4.772654056549072, 4.808821201324463, 4.851961612701416, 4.9023966789245605, 4.960521221160889, 5.0, 5.0, 5.0, 5.0, 5.0, 5.0, 5.0, 5.0, 5.0, 5.0, 5.0, 5.0, 5.0, 5.0, 5.0, 5.0, 5.0, 5.0, 5.0, 5.0, 5.0, 5.0, 5.0, 5.0, 5.0, 5.0, 5.0, 5.0, 5.0, 5.0]"
0.5220304727554321,-1.2719284296035767,0.4279291033744812,-1.6745213270187378,-0.3333493173122406,0.26025262475013733,0.9087850451469421,-0.18804244697093964,0.3724803924560547,0.23378965258598328,0.09383482486009598,"[5.0, 5.0, 5.0, 5.0, 5.0, 5.0, 5.0, 5.0, 5.0, 5.0, 5.0, 5.0, 5.0, 5.0, 4.993166446685791, 4.94537878036499, 4.904931545257568, 4.871546745300293, 4.844961166381836, 4.8249921798706055, 4.81147575378418, 4.804337501525879, 4.803515911102295, 4.809007167816162, 4.8208417892456055, 4.8391194343566895, 4.8639631271362305, 4.895560264587402, 4.93412971496582, 4.979969501495361, 5.0, 5.0, 5.0, 5.0, 5.0, 5.0, 5.0, 5.0, 5.0, 5.0, 5.0, 5.0, 5.0, 5.0, 5.0, 5.0, 5.0, 5.0, 5.0, 5.0, 5.0, 5.0, 5.0, 5.0, 5.0, 5.0, 5.0, 5.0, 5.0, 5.0]"
0.5883157849311829,-1.3252713680267334,0.410434365272522,-2.182692050933838,-0.28168317675590515,1.1674864292144775,0.9288658499717712,-0.11201471835374832,0.35306134819984436,0.21835115551948547,0.08239816129207611,"[5.0, 5.0, 5.0, 5.0, 5.0, 5.0, 5.0, 5.0, 5.0, 5.0, 5.0, 5.0, 5.0, 5.0, 5.0, 5.0, 5.0, 5.0, 5.0, 5.0, 5.0, 5.0, 5.0, 5.0, 5.0, 5.0, 5.0, 5.0, 5.0, 5.0, 5.0, 5.0, 5.0, 5.0, 5.0, 5.0, 5.0, 5.0, 5.0, 5.0, 5.0, 5.0, 5.0, 5.0, 5.0, 5.0, 5.0, 5.0, 5.0, 5.0, 5.0, 5.0, 5.0, 5.0, 5.0, 5.0, 5.0, 5.0, 5.0, 5.0]"
0.6209974884986877,-1.3921291828155518,0.35197314620018005,-2.795609712600708,0.12228471040725708,2.3454315662384033,0.939362108707428,-0.0360778272151947,0.3410102128982544,0.20365208387374878,0.07387595623731613,"[5.0, 5.0, 5.0, 5.0, 5.0, 5.0, 5.0, 5.0, 5.0, 5.0, 5.0, 5.0, 5.0, 5.0, 5.0, 5.0, 5.0, 5.0, 5.0, 5.0, 5.0, 5.0, 5.0, 5.0, 5.0, 5.0, 5.0, 5.0, 5.0, 5.0, 5.0, 5.0, 5.0, 5.0, 5.0, 5.0, 5.0, 5.0, 5.0, 5.0, 5.0, 5.0, 5.0, 5.0, 5.0, 5.0, 5.0, 5.0, 5.0, 5.0, 5.0, 5.0, 5.0, 5.0, 5.0, 5.0, 5.0, 5.0, 5.0, 5.0]"
0.6113027334213257,-1.4700689315795898,0.23530809581279755,-3.317538261413574,0.2349981665611267,3.6996426582336426,0.9397556781768799,0.037254977971315384,0.3397963047027588,0.19084453582763672,0.06895129382610321,"[5.0, 5.0, 5.0, 5.0, 5.0, 5.0, 5.0, 5.0, 5.0, 5.0, 5.0, 5.0, 5.0, 5.0, 5.0, 5.0, 5.0, 5.0, 5.0, 5.0, 5.0, 5.0, 5.0, 5.0, 5.0, 5.0, 5.0, 5.0, 5.0, 5.0, 5.0, 5.0, 5.0, 5.0, 5.0, 5.0, 5.0, 5.0, 5.0, 5.0, 5.0, 5.0, 5.0, 5.0, 5.0, 5.0, 5.0, 5.0, 5.0, 5.0, 5.0, 5.0, 5.0, 5.0, 5.0, 5.0, 5.0, 5.0, 5.0, 5.0]"
0.5535538792610168,-1.5506027936935425,0.06010345742106438,-3.802276134490967,-0.01604539155960083,5.174075603485107,0.931140124797821,0.10418955236673355,0.3494456708431244,0.18100285530090332,0.06750690191984177,"[5.0, 5.0, 5.0, 5.0, 5.0, 5.0, 5.0, 5.0, 5.0, 5.0, 5.0, 5.0, 5.0, 5.0, 5.0, 5.0, 5.0, 5.0, 5.0, 5.0, 5.0, 5.0, 5.0, 5.0, 5.0, 5.0, 5.0, 5.0, 5.0, 5.0, 5.0, 5.0, 5.0, 5.0, 5.0, 5.0, 5.0, 5.0, 5.0, 5.0, 5.0, 5.0, 5.0, 5.0, 5.0, 5.0, 5.0, 5.0, 5.0, 5.0, 5.0, 5.0, 5.0, 5.0, 5.0, 5.0, 5.0, 5.0, 5.0, 5.0]"
0.440380334854126,-1.6193444728851318,-0.15981274843215942,-4.350377559661865,-0.5475702285766602,6.710485935211182,0.9159291982650757,0.15757736563682556,0.3690967857837677,0.17506583034992218,0.06952578574419022,"[5.0, 5.0, 5.0, 5.0, 5.0, 5.0, 5.0, 5.0, 5.0, 5.0, 5.0, 5.0, 5.0, 5.0, 5.0, 5.0, 5.0, 5.0, 5.0, 5.0, 5.0, 5.0, 5.0, 5.0, 5.0, 5.0, 5.0, 5.0, 5.0, 5.0, 5.0, 5.0, 5.0, 5.0, 5.0, 5.0, 5.0, 5.0, 5.0, 5.0, 5.0, 5.0, 5.0, 5.0, 5.0, 5.0, 5.0, 5.0, 5.0, 5.0, 5.0, 5.0, 5.0, 5.0, 5.0, 5.0, 5.0, 5.0, 5.0, 5.0]"
0.26599785685539246,-1.6562213897705078,-0.38004064559936523,-5.063625335693359,-1.0570639371871948,8.282448768615723,0.898741602897644,0.1858174204826355,0.3971460163593292,0.17363771796226501,0.07513979822397232,"[5.0, 5.0, 5.0, 5.0, 5.0, 5.0, 5.0, 5.0, 5.0, 5.0, 5.0, 5.0, 5.0, 5.0, 5.0, 5.0, 5.0, 5.0, 5.0, 5.0, 5.0, 5.0, 5.0, 5.0, 5.0, 5.0, 5.0, 5.0, 5.0, 5.0, 5.0, 5.0, 5.0, 5.0, 5.0, 5.0, 5.0, 5.0, 5.0, 5.0, 5.0, 5.0, 5.0, 5.0, 5.0, 5.0, 5.0, 5.0, 5.0, 5.0, 5.0, 5.0, 5.0, 5.0, 5.0, 5.0, 5.0, 5.0, 5.0, 5.0]"
0.03773963451385498,-1.6405144929885864,-0.5198333859443665,-5.84891939163208,-1.096943736076355,9.821154594421387,0.8853400349617004,0.1772252917289734,0.4298303723335266,0.1766829490661621,0.08411048352718353,"[5.0, 5.0, 5.0, 5.0, 5.0, 5.0, 5.0, 5.0, 5.0, 5.0, 5.0, 5.0, 5.0, 5.0, 5.0, 5.0, 5.0, 5.0, 5.0, 5.0, 5.0, 5.0, 5.0, 5.0, 5.0, 5.0, 5.0, 5.0, 5.0, 5.0, 5.0, 5.0, 5.0, 5.0, 5.0, 5.0, 5.0, 5.0, 5.0, 5.0, 5.0, 5.0, 5.0, 5.0, 5.0, 5.0, 5.0, 5.0, 5.0, 5.0, 5.0, 5.0, 5.0, 3.5017340183258057, 3.483527183532715, 3.4683427810668945, 3.4561009407043457, 5.0, 5.0, 5.0]"
-0.22113630175590515,-1.5604815483093262,-0.5533626079559326,-5.911133289337158,-1.982434630393982,10.496199607849121,0.8848717212677002,0.13536091148853302,0.4457237422466278,0.1837448626756668,0.09149088710546494,"[5.0, 5.0, 5.0, 5.0, 5.0, 5.0, 5.0, 5.0, 5.0, 5.0, 5.0, 5.0, 5.0, 5.0, 5.0, 5.0, 5.0, 5.0, 5.0, 5.0, 5.0, 5.0, 5.0, 5.0, 5.0, 5.0, 5.0, 5.0, 5.0, 5.0, 5.0, 5.0, 5.0, 5.0, 5.0, 5.0, 5.0, 5.0, 5.0, 5.0, 5.0, 5.0, 5.0, 5.0, 5.0, 3.5526959896087646, 3.5354931354522705, 3.52128529548645, 3.5100257396698, 5.0, 5.0, 5.0, 5.0, 5.0, 5.0, 5.0, 5.0, 5.0, 5.0, 5.0]"
-0.4732431173324585,-1.4194438457489014,-0.49260491132736206,-6.24622106552124,-1.611675500869751,11.28985595703125,0.892446756362915,0.059476081281900406,0.4472048282623291,0.19388318061828613,0.09693977236747742,"[5.0, 5.0, 5.0, 5.0, 5.0, 5.0, 5.0, 5.0, 5.0, 5.0, 5.0, 5.0, 5.0, 5.0, 5.0, 5.0, 5.0, 5.0, 5.0, 5.0, 5.0, 5.0, 5.0, 5.0, 5.0, 5.0, 5.0, 5.0, 5.0, 5.0, 5.0, 5.0, 5.0, 5.0, 5.0, 5.0, 5.0, 3.576988935470581, 3.563471555709839, 3.552888870239258, 3.545210361480713, 5.0, 5.0, 5.0, 5.0, 5.0, 5.0, 5.0, 5.0, 5.0, 5.0, 5.0, 5.0, 5.0, 5.0, 5.0, 5.0, 5.0, 5.0, 5.0]"
-0.6978791952133179,-1.2148122787475586,-0.42411547899246216,-6.616287708282471,-0.8238116502761841,12.10842514038086,0.8960941433906555,-0.05348794162273407,0.440619558095932,0.2058541625738144,0.10104095935821533,"[5.0, 5.0, 5.0, 5.0, 5.0, 5.0, 5.0, 5.0, 5.0, 5.0, 5.0, 5.0, 5.0, 5.0, 5.0, 5.0, 5.0, 5.0, 5.0, 5.0, 5.0, 5.0, 5.0, 5.0, 5.0, 5.0, 5.0, 5.0, 3.5904178619384766, 3.57985520362854, 3.572211265563965, 3.5674564838409424, 3.9174749851226807, 5.0, 5.0, 5.0, 5.0, 5.0, 5.0, 5.0, 5.0, 5.0, 5.0, 5.0, 5.0, 5.0, 5.0, 5.0, 5.0, 5.0, 5.0, 5.0, 5.0, 5.0, 5.0, 5.0, 5.0, 5.0, 5.0, 5.0]"
-0.8549414873123169,-0.9814740419387817,-0.2858846187591553,-4.9463300704956055,-0.408231258392334,11.28897476196289,0.8893869519233704,-0.17597942054271698,0.4219168424606323,0.21887148916721344,0.10185584425926208,"[5.0, 5.0, 5.0, 5.0, 5.0, 5.0, 5.0, 5.0, 5.0, 5.0, 5.0, 5.0, 5.0, 5.0, 5.0, 5.0, 5.0, 5.0, 5.0, 5.0, 3.5787851810455322, 3.5721747875213623, 3.5684566497802734, 3.5676186084747314, 5.0, 5.0, 5.0, 5.0, 5.0, 5.0, 5.0, 5.0, 5.0, 5.0, 5.0, 5.0, 5.0, 5.0, 5.0, 4.991097927093506, 4.986782550811768, 4.989166259765625, 4.998269557952881, 5.0, 5.0, 5.0, 5.0, 5.0, 5.0, 5.0, 5.0, 5.0, 5.0, 5.0, 5.0, 5.0, 5.0, 5.0, 5.0, 5.0]"
-0.9425147771835327,-0.750129222869873,-0.23828785121440887,-3.6475772857666016,-1.2284506559371948,9.921324729919434,0.8759234547615051,-0.2888689339160919,0.3863998353481293,0.23277127742767334,0.0975172370672226,"[5.0, 5.0, 5.0, 5.0, 5.0, 5.0, 5.0, 5.0, 5.0, 5.0, 5.0, 5.0, 3.5618317127227783, 3.5548956394195557, 3.5508828163146973, 3.549753189086914, 3.725318193435669, 5.0, 5.0, 5.0, 5.0, 5.0, 5.0, 5.0, 5.0, 5.0, 5.0, 5.0, 5.0, 5.0, 5.0, 5.0, 5.0, 5.0, 5.0, 4.999117374420166, 4.977531909942627, 4.96275520324707, 4.95469331741333, 4.953265190124512, 4.958477973937988, 4.970357418060303, 4.989002704620361, 5.0, 5.0, 5.0, 5.0, 5.0, 5.0, 5.0, 5.0, 5.0, 5.0, 5.0, 5.0, 5.0, 5.0, 5.0, 5.0, 5.0]"
-0.957425057888031,-0.5410269498825073,-0.1871303766965866,-2.798677682876587,0.31610918045043945,8.968114852905273,0.8464928269386292,-0.38998061418533325,0.36243245005607605,0.2461330145597458,0.09571462124586105,"[5.0, 5.0, 5.0, 5.0, 5.0, 3.5563764572143555, 3.5489301681518555, 3.544408082962036, 3.542795181274414, 3.5440754890441895, 5.0, 5.0, 5.0, 5.0, 5.0, 5.0, 5.0, 5.0, 5.0, 5.0, 5.0, 5.0, 5.0, 5.0, 5.0, 5.0, 5.0, 5.0, 5.0, 4.949824810028076, 4.903888702392578, 4.865206718444824, 4.833488941192627, 4.808512210845947, 4.790067195892334, 4.778042793273926, 4.772342205047607, 4.77293586730957, 4.779813766479492, 4.793037414550781, 4.812688827514648, 4.838925838470459, 4.8719258308410645, 4.911945819854736, 4.959273338317871, 5.0, 5.0, 5.0, 5.0, 5.0, 5.0, 5.0, 5.0, 5.0, 5.0, 5.0, 5.0, 5.0, 5.0, 5.0]"
-0.9260052442550659,-0.36975011229515076,-0.15776854753494263,-1.2933460474014282,0.553564190864563,7.20100736618042,0.8102742433547974,-0.4687177240848541,0.3517841696739197,0.2587195038795471,0.09722854197025299,"[3.5542688369750977, 3.54835844039917, 3.5453789234161377, 3.5452942848205566, 5.0, 5.0, 5.0, 5.0, 5.0, 5.0, 5.0, 5.0, 5.0, 5.0, 5.0, 5.0, 5.0, 5.0, 5.0, 5.0, 5.0, 5.0, 4.980807304382324, 4.907769680023193, 4.843170642852783, 4.786480903625488, 4.737274646759033, 4.695137977600098, 4.659768104553223, 4.630904674530029, 4.608336448669434, 4.591921329498291, 4.581514835357666, 4.577066898345947, 4.57853889465332, 4.585938453674316, 4.5993146896362305, 4.618777751922607, 4.644446849822998, 4.676508903503418, 4.715208053588867, 4.760814189910889, 4.813690662384033, 4.874244213104248, 4.942964553833008, 5.0, 5.0, 5.0, 5.0, 5.0, 5.0, 5.0, 5.0, 5.0, 5.0, 5.0, 5.0, 5.0, 5.0, 5.0]"
-0.8613129258155823,-0.25747108459472656,-0.11053098738193512,0.3104933500289917,0.10036718845367432,4.1959686279296875,0.7888879179954529,-0.5066364407539368,0.3478051424026489,0.27049943804740906,0.1003464087843895,"[3.5542986392974854, 5.0, 5.0, 5.0, 5.0, 5.0, 5.0, 5.0, 5.0, 5.0, 5.0, 5.0, 5.0, 5.0, 5.0, 5.0, 5.0, 5.0, 4.9976301193237305, 4.91897439956665, 4.849095821380615, 4.787387847900391, 4.733346939086914, 4.68658447265625, 4.646708965301514, 4.613454341888428, 4.586550712585449, 4.565812110900879, 4.551112651824951, 4.542329788208008, 4.539403438568115, 4.542332172393799, 4.551100254058838, 4.565802574157715, 4.58652925491333, 4.613432884216309, 4.646695613861084, 4.686556339263916, 4.733330249786377, 4.787353038787842, 4.849054336547852, 4.918946266174316, 4.997588634490967, 5.0, 5.0, 5.0, 5.0, 5.0, 5.0, 5.0, 5.0, 5.0, 5.0, 5.0, 5.0, 5.0, 5.0, 5.0, 5.0, 5.0]"
-0.7828025221824646,-0.207687109708786,-0.07412790507078171,1.6313972473144531,-0.7418954372406006,1.9984307289123535,0.7880284190177917,-0.5097670555114746,0.3451695442199707,0.2813745141029358,0.10348226130008698,"[5.0, 5.0, 5.0, 5.0, 5.0, 5.0, 5.0, 5.0, 5.0, 5.0, 5.0, 5.0, 5.0, 5.0, 5.0, 5.0, 5.0, 4.992598056793213, 4.93112850189209, 4.877534866333008, 4.831399440765381, 4.792373180389404, 4.760166168212891, 4.734526634216309, 4.715287208557129, 4.702320098876953, 4.695509910583496, 4.694809913635254, 4.700232028961182, 4.711814880371094, 4.72961950302124, 4.753782272338867, 4.784489631652832, 4.821950435638428, 4.86644172668457, 4.918302059173584, 4.977952003479004, 5.0, 5.0, 5.0, 5.0, 5.0, 5.0, 5.0, 5.0, 5.0, 5.0, 5.0, 5.0, 5.0, 5.0, 5.0, 5.0, 5.0, 5.0, 5.0, 5.0, 5.0, 5.0, 5.0]"
-0.6932392716407776,-0.20032942295074463,0.06099043786525726,3.2334134578704834,-0.8422033786773682,-0.21496379375457764,0.8062824606895447,-0.4790390133857727,0.3470212519168854,0.29090210795402527,0.10763853788375854,"[3.597325086593628, 5.0, 5.0, 5.0, 5.0, 5.0, 5.0, 5.0, 5.0, 5.0, 5.0, 5.0, 5.0, 5.0, 5.0, 5.0, 4.977217197418213, 4.936488628387451, 4.902859210968018, 4.876069068908691, 4.855960369110107, 4.842344284057617, 4.835147857666016, 4.834311485290527, 4.839846134185791, 4.851765155792236, 4.87017297744751, 4.895193099975586, 4.927014350891113, 4.965853214263916, 5.0, 5.0, 5.0, 5.0, 5.0, 5.0, 5.0, 5.0, 5.0, 5.0, 5.0, 5.0, 5.0, 5.0, 5.0, 5.0, 5.0, 5.0, 5.0, 5.0, 5.0, 5.0, 5.0, 5.0, 5.0, 5.0, 5.0, 5.0, 5.0, 5.0]"
-0.5993455052375793,-0.21108296513557434,0.21110567450523376,2.168405532836914,0.09241940081119537,-0.33153021335601807,0.8268296718597412,-0.44263455271720886,0.3470173478126526,0.29889941215515137,0.11059624701738358,"[3.6232523918151855, 5.0, 5.0, 5.0, 5.0, 5.0, 5.0, 5.0, 5.0, 5.0, 5.0, 4.96937370300293, 4.914463043212891, 4.8671040534973145, 4.826925277709961, 4.793633460998535, 4.766979694366455, 4.746760368347168, 4.732858180999756, 4.725168704986572, 4.723613739013672, 4.728203773498535, 4.738974571228027, 4.755992412567139, 4.779370307922363, 4.80929708480835, 4.845970153808594, 4.889669418334961, 4.940721035003662, 4.999517440795898, 5.0, 5.0, 5.0, 5.0, 5.0, 5.0, 5.0, 5.0, 5.0, 5.0, 5.0, 5.0, 5.0, 5.0, 5.0, 5.0, 5.0, 5.0, 5.0, 5.0, 5.0, 5.0, 5.0, 5.0, 5.0, 5.0, 5.0, 5.0, 5.0, 5.0]"
-0.5086807012557983,-0.22931230068206787,0.34336790442466736,1.8085886240005493,0.542491614818573,-0.7059935331344604,0.8469729423522949,-0.40506771206855774,0.3443121016025543,0.3053871989250183,0.11199689656496048,"[3.6516616344451904, 3.6550092697143555, 5.0, 5.0, 5.0, 5.0, 4.933444499969482, 4.856204032897949, 4.787518501281738, 4.726812362670898, 4.673588275909424, 4.6274614334106445, 4.588056564331055, 4.5551066398620605, 4.528358459472656, 4.50764799118042, 4.492794513702393, 4.483731269836426, 4.480372428894043, 4.482717037200928, 4.490760326385498, 4.504566192626953, 4.524228572845459, 4.549882411956787, 4.581709384918213, 4.619940757751465, 4.664857387542725, 4.716782569885254, 4.776130676269531, 4.843353271484375, 4.91900634765625, 5.0, 5.0, 5.0, 5.0, 5.0, 5.0, 5.0, 5.0, 5.0, 5.0, 5.0, 5.0, 5.0, 5.0, 5.0, 5.0, 5.0, 5.0, 5.0, 5.0, 5.0, 5.0, 5.0, 5.0, 5.0, 5.0, 5.0, 5.0, 5.0]"
-0.4164542555809021,-0.2523484230041504,0.4711160361766815,1.6351933479309082,0.2350548505783081,-1.1984095573425293,0.8708776831626892,-0.3625764846801758,0.331819623708725,0.3106474280357361,0.10927020013332367,"[3.67840313911438, 3.6788010597229004, 3.682145595550537, 3.688424587249756, 4.8033061027526855, 4.722351551055908, 4.649981498718262, 4.585570335388184, 4.528614521026611, 4.478674411773682, 4.435366630554199, 4.398373126983643, 4.367438793182373, 4.342339515686035, 4.322892665863037, 4.308988571166992, 4.300509929656982, 4.297410488128662, 4.299666881561279, 4.307309150695801, 4.320361614227295, 4.33893346786499, 4.363131046295166, 4.3931450843811035, 4.4291839599609375, 4.471488952636719, 4.520366668701172, 4.576193332672119, 4.639405727386475, 4.710507869720459, 4.790080547332764, 4.878801345825195, 4.977500915527344, 5.0, 5.0, 5.0, 5.0, 5.0, 5.0, 5.0, 5.0, 5.0, 5.0, 5.0, 5.0, 5.0, 5.0, 5.0, 5.0, 5.0, 5.0, 5.0, 5.0, 5.0, 5.0, 5.0, 5.0, 5.0, 5.0, 5.0]"
-0.3145551383495331,-0.2784360647201538,0.5474940538406372,1.649763822555542,-0.8190930485725403,-1.542253851890564,0.9000620245933533,-0.3157009780406952,0.3003581464290619,0.31510859727859497,0.0992274358868599,"[5.0, 3.6933276653289795, 3.6922147274017334, 3.6940128803253174, 3.6987569332122803, 4.657752513885498, 4.593517303466797, 4.536715030670166, 4.486912250518799, 4.4437360763549805, 4.406867027282715, 4.3760504722595215, 4.3510637283325195, 4.331728935241699, 4.3179240226745605, 4.309554100036621, 4.306577205657959, 4.3089470863342285, 4.316685199737549, 4.3298659324646, 4.348544120788574, 4.372874736785889, 4.403008937835693, 4.439170837402344, 4.481601715087891, 4.530621528625488, 4.586601257324219, 4.6499552726745605, 4.721207618713379, 4.800934314727783, 4.889834880828857, 4.9886884689331055, 5.0, 5.0, 5.0, 5.0, 5.0, 5.0, 5.0, 5.0, 5.0, 5.0, 5.0, 5.0, 5.0, 5.0, 5.0, 5.0, 5.0, 5.0, 5.0, 5.0, 5.0, 5.0, 5.0, 5.0, 5.0, 5.0, 5.0, 5.0]"
-0.20289167761802673,-0.30443084239959717,0.6028999090194702,1.7535291910171509,-1.1280269622802734,-1.5838327407836914,0.9287024736404419,-0.267611026763916,0.2566903233528137,0.3178847134113312,0.08442703634500504,"[5.0, 4.986448287963867, 3.7005116939544678, 3.6971075534820557, 3.6966490745544434, 3.6990954875946045, 4.623324871063232, 4.573957443237305, 4.531326770782471, 4.495108604431152, 4.46504545211792, 4.440916538238525, 4.422573566436768, 4.409870624542236, 4.402745246887207, 4.4011335372924805, 4.405025005340576, 4.414463043212891, 4.429487228393555, 4.450204849243164, 4.476763725280762, 4.5093536376953125, 4.548192501068115, 4.593573093414307, 4.6458210945129395, 4.705330848693848, 4.772580146789551, 4.848109722137451, 4.932558059692383, 5.0, 5.0, 5.0, 5.0, 5.0, 5.0, 5.0, 5.0, 5.0, 5.0, 5.0, 5.0, 5.0, 5.0, 5.0, 5.0, 5.0, 5.0, 5.0, 5.0, 5.0, 5.0, 5.0, 5.0, 5.0, 5.0, 5.0, 5.0, 5.0, 5.0, 5.0]"
-0.09266044199466705,-0.33216044306755066,0.6166098117828369,1.5266607999801636,-0.9543204307556152,-1.224034070968628,0.9514952301979065,-0.22444820404052734,0.21041280031204224,0.31868669390678406,0.06859156489372253,"[5.0, 4.96242618560791, 4.8825764656066895, 4.811370849609375, 3.6978368759155273, 3.6956980228424072, 3.6964833736419678, 3.700183868408203, 4.567497253417969, 4.538576126098633, 4.515664100646973, 4.498632431030273, 4.487340927124023, 4.481735706329346, 4.481746673583984, 4.487414836883545, 4.4987359046936035, 4.515817165374756, 4.538761138916016, 4.567740440368652, 4.602940082550049, 4.644615650177002, 4.693084239959717, 4.748694896697998, 4.8118767738342285, 4.883144378662109, 4.963071823120117, 5.0, 5.0, 5.0, 5.0, 5.0, 5.0, 5.0, 5.0, 5.0, 5.0, 5.0, 5.0, 5.0, 5.0, 5.0, 5.0, 5.0, 5.0, 5.0, 5.0, 5.0, 5.0, 5.0, 5.0, 5.0, 5.0, 5.0, 5.0, 5.0, 5.0, 5.0, 5.0, 5.0]"
0.008419297635555267,-0.3655099868774414,0.5926658511161804,1.228805661201477,-0.45858660340309143,-0.6282315254211426,0.9668485522270203,-0.19051653146743774,0.17000292241573334,0.31749460101127625,0.05477248132228851,"[4.950296401977539, 4.8719635009765625, 4.802170753479004, 4.740346431732178, 3.7025363445281982, 3.6973469257354736, 3.695091485977173, 3.695737361907959, 4.536127090454102, 4.514171600341797, 4.498047351837158, 4.487640857696533, 4.482907772064209, 4.4837799072265625, 4.490294933319092, 4.502476692199707, 4.52041482925415, 4.544224739074707, 4.574075222015381, 4.6101908683776855, 4.652809143066406, 4.702239036560059, 4.758880615234375, 4.823139190673828, 4.895531177520752, 4.976675033569336, 5.0, 5.0, 5.0, 5.0, 5.0, 5.0, 5.0, 5.0, 5.0, 5.0, 5.0, 5.0, 5.0, 5.0, 5.0, 5.0, 5.0, 5.0, 5.0, 5.0, 5.0, 5.0, 5.0, 5.0, 5.0, 5.0, 5.0, 5.0, 5.0, 5.0, 5.0, 5.0, 5.0, 5.0]"
0.09829310327768326,-0.40646231174468994,0.53687983751297,0.9208170175552368,-0.03577135503292084,0.015549317002296448,0.9761942625045776,-0.16677185893058777,0.13865594565868378,0.3145780563354492,0.04404369741678238,"[4.791769027709961, 4.723645210266113, 4.663290500640869, 4.610221862792969, 4.564054489135742, 3.700638771057129, 3.697117328643799, 3.6965067386627197, 3.698805093765259, 4.426516532897949, 4.416329383850098, 4.4116668701171875, 4.412502288818359, 4.418824195861816, 4.430685043334961, 4.448178291320801, 4.471391677856445, 4.500507831573486, 4.535722255706787, 4.57728385925293, 4.625497817993164, 4.680714130401611, 4.743373870849609, 4.813937187194824, 4.893008708953857, 4.9812517166137695, 5.0, 5.0, 5.0, 5.0, 5.0, 5.0, 5.0, 5.0, 5.0, 5.0, 5.0, 5.0, 5.0, 5.0, 5.0, 5.0, 5.0, 5.0, 5.0, 5.0, 5.0, 5.0, 5.0, 5.0, 5.0, 5.0, 5.0, 5.0, 5.0, 5.0, 5.0, 5.0, 5.0, 5.0]"
0.17908784747123718,-0.45618951320648193,0.47112518548965454,0.5185736417770386,0.23169198632240295,0.5896880626678467,0.9817274212837219,-0.15140849351882935,0.11524007469415665,0.3101804256439209,0.0359850749373436,"[4.6313157081604, 4.571468830108643, 4.518740177154541, 4.472743988037109, 3.706615924835205, 3.700626850128174, 3.697545289993286, 3.697374105453491, 4.333860874176025, 4.322956085205078, 4.317407608032227, 4.317196369171143, 4.322303295135498, 4.332772254943848, 4.348659992218018, 4.370100975036621, 4.397211074829102, 4.4301862716674805, 4.469262599945068, 4.514716625213623, 4.566866397857666, 4.626132488250732, 4.692939281463623, 4.76785135269165, 4.851474285125732, 4.944549083709717, 5.0, 5.0, 5.0, 5.0, 5.0, 5.0, 5.0, 5.0, 5.0, 5.0, 5.0, 5.0, 5.0, 5.0, 5.0, 5.0, 5.0, 5.0, 5.0, 5.0, 5.0, 5.0, 5.0, 5.0, 5.0, 5.0, 5.0, 5.0, 5.0, 5.0, 5.0, 5.0, 5.0, 5.0]"
0.25182878971099854,-0.5171910524368286,0.37361660599708557,0.05922114849090576,0.3228392004966736,1.2312289476394653,0.9847021698951721,-0.14386814832687378,0.09826910495758057,0.3042641878128052,0.030045293271541595,"[4.510085582733154, 4.456621170043945, 4.409826278686523, 4.369375228881836, 3.697420597076416, 3.693618059158325, 3.6927053928375244, 3.6947083473205566, 4.253601551055908, 4.246654987335205, 4.244923114776611, 4.248379707336426, 4.257065773010254, 4.271031379699707, 4.29036283493042, 4.315197944641113, 4.345712184906006, 4.382088661193848, 4.424610137939453, 4.473582744598389, 4.529344081878662, 4.592334270477295, 4.663042068481445, 4.7420549392700195, 4.830048084259033, 4.9277777671813965, 5.0, 5.0, 5.0, 5.0, 5.0, 5.0, 5.0, 5.0, 5.0, 5.0, 5.0, 5.0, 5.0, 5.0, 5.0, 5.0, 5.0, 5.0, 5.0, 5.0, 5.0, 5.0, 5.0, 5.0, 5.0, 5.0, 5.0, 5.0, 5.0, 5.0, 5.0, 5.0, 5.0, 5.0]"
0.3159183859825134,-0.58879554271698,0.26692497730255127,-0.42668867111206055,0.3836338520050049,1.8671875,0.9858226776123047,-0.14305976033210754,0.08763933181762695,0.2968730926513672,0.02611834555864334,"[4.440403938293457, 4.391796588897705, 4.349575996398926, 3.6835203170776367, 3.680737257003784, 3.6808385848999023, 3.6838388442993164, 4.225175857543945, 4.21646785736084, 4.212925910949707, 4.214522838592529, 4.221283912658691, 4.2332563400268555, 4.250495910644531, 4.273138523101807, 4.301327705383301, 4.335245132446289, 4.375154495239258, 4.421317100524902, 4.47407865524292, 4.533816337585449, 4.601029396057129, 4.676224231719971, 4.760051727294922, 4.85321569442749, 4.956589221954346, 5.0, 5.0, 5.0, 5.0, 5.0, 5.0, 5.0, 5.0, 5.0, 5.0, 5.0, 5.0, 5.0, 5.0, 5.0, 5.0, 5.0, 5.0, 5.0, 5.0, 5.0, 5.0, 5.0, 5.0, 5.0, 5.0, 5.0, 5.0, 5.0, 5.0, 5.0, 5.0, 5.0, 5.0]"
0.36941593885421753,-0.6693987846374512,0.14921745657920837,-0.8938539028167725,0.38903695344924927,2.4731240272521973,0.9855584502220154,-0.14734964072704315,0.08339967578649521,0.28803983330726624,0.024106495082378387,"[4.427829265594482, 3.662046432495117, 3.6590166091918945, 3.6588456630706787, 3.661560535430908, 4.262981414794922, 4.246897220611572, 4.236120700836182, 4.230571269989014, 4.230194091796875, 4.235000133514404, 4.24502420425415, 4.260323524475098, 4.281021595001221, 4.307221412658691, 4.339135646820068, 4.376958847045898, 4.420969486236572, 4.4714884757995605, 4.5288825035095215, 4.593596458435059, 4.666154384613037, 4.7471418380737305, 4.837263107299805, 4.937312126159668, 5.0, 5.0, 5.0, 5.0, 5.0, 5.0, 5.0, 5.0, 5.0, 5.0, 5.0, 5.0, 5.0, 5.0, 5.0, 5.0, 5.0, 5.0, 5.0, 5.0, 5.0, 5.0, 5.0, 5.0, 5.0, 5.0, 5.0, 5.0, 5.0, 5.0, 5.0, 5.0, 5.0, 5.0, 5.0]"
0.4110559821128845,-0.75490403175354,0.02061668038368225,-1.5218883752822876,0.4429989457130432,2.9869699478149414,0.9842823147773743,-0.15374799072742462,0.08684787899255753,0.2779354453086853,0.0242297425866127,"[3.62473726272583, 3.6257896423339844, 3.629699945449829, 4.383131504058838, 4.357683181762695, 4.3378682136535645, 4.3235602378845215, 4.314663887023926, 4.311107635498047, 4.312889575958252, 4.320002555847168, 4.332492828369141, 4.350458145141602, 4.374005317687988, 4.4033098220825195, 4.438558101654053, 4.4800214767456055, 4.527971267700195, 4.582769393920898, 4.64485502243042, 4.7146782875061035, 4.792836666107178, 4.87999153137207, 4.976907730102539, 5.0, 5.0, 5.0, 5.0, 5.0, 5.0, 5.0, 5.0, 5.0, 5.0, 5.0, 5.0, 5.0, 5.0, 5.0, 5.0, 5.0, 5.0, 5.0, 5.0, 5.0, 5.0, 5.0, 5.0, 5.0, 5.0, 5.0, 5.0, 5.0, 5.0, 5.0, 5.0, 5.0, 5.0, 5.0, 5.0]"
0.4381464719772339,-0.8432062864303589,-0.11455178260803223,-2.37886905670166,0.7386002540588379,3.6731655597686768,0.9813863635063171,-0.1625666618347168,0.10220251232385635,0.2668286859989166,0.027414217591285706,"[4.656705379486084, 4.610182762145996, 4.570318222045898, 4.536806583404541, 4.509434223175049, 4.488010406494141, 4.472372531890869, 4.462416648864746, 4.458079814910889, 4.4593400955200195, 4.46619987487793, 4.478703022003174, 4.496931076049805, 4.521020889282227, 4.551122188568115, 4.587455749511719, 4.630288600921631, 4.679932594299316, 4.736738681793213, 4.801170349121094, 4.873734951019287, 4.9550371170043945, 5.0, 5.0, 5.0, 5.0, 5.0, 5.0, 5.0, 5.0, 5.0, 5.0, 5.0, 5.0, 5.0, 5.0, 5.0, 5.0, 5.0, 5.0, 5.0, 5.0, 5.0, 5.0, 5.0, 5.0, 5.0, 5.0, 5.0, 5.0, 5.0, 5.0, 5.0, 5.0, 5.0, 5.0, 5.0, 5.0, 5.0, 5.0]"
0.4474738538265228,-0.9293996691703796,-0.26264238357543945,-2.9406418800354004,0.9167382121086121,4.378543853759766,0.9757585525512695,-0.17516933381557465,0.13116055727005005,0.25491780042648315,0.03372665494680405,"[4.898434162139893, 4.845006942749023, 4.7988996505737305, 4.759737968444824, 4.72725772857666, 4.70121431350708, 4.681426048278809, 4.667753219604492, 4.66011381149292, 4.658441066741943, 4.662721633911133, 4.672984600067139, 4.689316272735596, 4.71182918548584, 4.7406535148620605, 4.776021480560303, 4.818187236785889, 4.867454528808594, 4.924199104309082, 4.988872528076172, 5.0, 5.0, 5.0, 5.0, 5.0, 5.0, 5.0, 5.0, 5.0, 5.0, 5.0, 5.0, 5.0, 5.0, 5.0, 5.0, 5.0, 5.0, 5.0, 5.0, 5.0, 5.0, 5.0, 5.0, 5.0, 5.0, 5.0, 5.0, 5.0, 5.0, 5.0, 5.0, 5.0, 5.0, 5.0, 5.0, 5.0, 5.0, 5.0, 5.0]"
0.4395911693572998,-1.0072263479232788,-0.3921613097190857,-3.4128284454345703,1.0997488498687744,5.014952659606934,0.96596360206604,-0.19149626791477203,0.1738833636045456,0.24247969686985016,0.04281560331583023,"[5.0, 5.0, 5.0, 5.0, 5.0, 4.968041896820068, 4.9407830238342285, 4.92023229598999, 4.906263828277588, 4.898768424987793, 4.897693634033203, 4.9030442237854, 4.914841175079346, 4.93317985534668, 4.9581732749938965, 4.99002742767334, 5.0, 5.0, 5.0, 5.0, 5.0, 5.0, 5.0, 5.0, 5.0, 5.0, 5.0, 5.0, 5.0, 5.0, 5.0, 5.0, 5.0, 5.0, 5.0, 5.0, 5.0, 5.0, 5.0, 5.0, 5.0, 5.0, 5.0, 5.0, 5.0, 5.0, 5.0, 5.0, 5.0, 5.0, 5.0, 5.0, 5.0, 5.0, 5.0, 5.0, 5.0, 5.0, 5.0, 5.0]"
0.4180123507976532,-1.073350429534912,-0.46378469467163086,-3.737426280975342,1.3130061626434326,5.412978172302246,0.9510936737060547,-0.20850828289985657,0.22789603471755981,0.2296442985534668,0.053749654442071915,"[5.0, 5.0, 5.0, 5.0, 5.0, 5.0, 5.0, 5.0, 5.0, 5.0, 5.0, 5.0, 5.0, 5.0, 5.0, 5.0, 5.0, 5.0, 5.0, 5.0, 5.0, 5.0, 5.0, 5.0, 5.0, 5.0, 5.0, 5.0, 5.0, 5.0, 5.0, 5.0, 5.0, 5.0, 5.0, 5.0, 5.0, 5.0, 5.0, 5.0, 5.0, 5.0, 5.0, 5.0, 5.0, 5.0, 5.0, 5.0, 5.0, 5.0, 5.0, 5.0, 5.0, 5.0, 5.0, 5.0, 5.0, 5.0, 5.0, 5.0]"
0.3859846293926239,-1.128836750984192,-0.45589351654052734,-3.9037604331970215,1.3479162454605103,5.515588760375977,0.9323431849479675,-0.221674844622612,0.2856352925300598,0.2165980190038681,0.06455792486667633,"[5.0, 5.0, 5.0, 5.0, 5.0, 5.0, 5.0, 5.0, 5.0, 5.0, 5.0, 5.0, 5.0, 5.0, 5.0, 5.0, 5.0, 5.0, 5.0, 5.0, 5.0, 5.0, 5.0, 5.0, 5.0, 5.0, 5.0, 5.0, 5.0, 5.0, 5.0, 5.0, 5.0, 5.0, 5.0, 5.0, 5.0, 5.0, 5.0, 5.0, 5.0, 5.0, 5.0, 5.0, 5.0, 5.0, 5.0, 5.0, 5.0, 5.0, 5.0, 5.0, 5.0, 5.0, 5.0, 5.0, 5.0, 5.0, 5.0, 5.0]"
0.34647461771965027,-1.1775968074798584,-0.39949244260787964,-3.853449821472168,1.1945867538452148,5.425700664520264,0.9125472903251648,-0.22709618508815765,0.34011110663414,0.20365861058235168,0.07365801930427551,"[5.0, 5.0, 5.0, 5.0, 5.0, 5.0, 5.0, 5.0, 5.0, 5.0, 5.0, 5.0, 5.0, 5.0, 5.0, 5.0, 5.0, 5.0, 5.0, 5.0, 5.0, 5.0, 5.0, 5.0, 5.0, 5.0, 5.0, 5.0, 5.0, 5.0, 5.0, 5.0, 5.0, 5.0, 5.0, 5.0, 5.0, 5.0, 5.0, 5.0, 5.0, 5.0, 5.0, 5.0, 5.0, 5.0, 5.0, 5.0, 5.0, 5.0, 5.0, 5.0, 5.0, 5.0, 5.0, 5.0, 5.0, 5.0, 5.0, 5.0]"
0.3018212616443634,-1.222180962562561,-0.31181490421295166,-3.708637237548828,0.9208978414535522,5.248244285583496,0.8951920866966248,-0.22165164351463318,0.3866420090198517,0.19117972254753113,0.08015196025371552,"[5.0, 5.0, 5.0, 5.0, 5.0, 5.0, 5.0, 5.0, 5.0, 5.0, 5.0, 5.0, 5.0, 5.0, 5.0, 5.0, 5.0, 5.0, 5.0, 5.0, 5.0, 5.0, 5.0, 5.0, 5.0, 5.0, 5.0, 5.0, 5.0, 5.0, 5.0, 5.0, 5.0, 5.0, 5.0, 5.0, 5.0, 5.0, 5.0, 5.0, 5.0, 5.0, 5.0, 5.0, 5.0, 5.0, 5.0, 5.0, 5.0, 5.0, 5.0, 5.0, 5.0, 5.0, 5.0, 5.0, 5.0, 5.0, 5.0, 5.0]"
0.25305822491645813,-1.2648862600326538,-0.20909205079078674,-3.5355958938598633,0.7102373838424683,5.142137050628662,0.8822677731513977,-0.20454156398773193,0.42397668957710266,0.17960301041603088,0.084078848361969,"[5.0, 5.0, 5.0, 5.0, 5.0, 5.0, 5.0, 5.0, 5.0, 5.0, 5.0, 5.0, 5.0, 5.0, 5.0, 5.0, 5.0, 5.0, 5.0, 5.0, 5.0, 5.0, 5.0, 5.0, 5.0, 5.0, 5.0, 5.0, 5.0, 5.0, 5.0, 5.0, 5.0, 5.0, 5.0, 5.0, 5.0, 5.0, 5.0, 5.0, 5.0, 5.0, 5.0, 5.0, 5.0, 5.0, 5.0, 5.0, 5.0, 5.0, 5.0, 5.0, 5.0, 5.0, 5.0, 5.0, 5.0, 5.0, 5.0, 5.0]"
0.19897812604904175,-1.3058726787567139,-0.10903385281562805,-3.349578857421875,0.5217393636703491,5.132795333862305,0.8745953440666199,-0.17613491415977478,0.45171770453453064,0.16939611732959747,0.08576898276805878,"[5.0, 5.0, 5.0, 5.0, 5.0, 5.0, 5.0, 5.0, 5.0, 5.0, 5.0, 5.0, 5.0, 5.0, 5.0, 5.0, 5.0, 5.0, 5.0, 5.0, 5.0, 5.0, 5.0, 5.0, 5.0, 5.0, 5.0, 5.0, 5.0, 5.0, 5.0, 5.0, 5.0, 5.0, 5.0, 5.0, 5.0, 5.0, 5.0, 5.0, 5.0, 5.0, 5.0, 5.0, 5.0, 5.0, 5.0, 5.0, 5.0, 5.0, 5.0, 5.0, 5.0, 5.0, 5.0, 5.0, 5.0, 5.0, 5.0, 5.0]"
0.1374100148677826,-1.344189167022705,-0.02310211956501007,-3.186513662338257,0.34090977907180786,5.2526044845581055,0.8723286390304565,-0.13691458106040955,0.46934664249420166,0.16105066239833832,0.08560353517532349,"[5.0, 5.0, 5.0, 5.0, 5.0, 5.0, 5.0, 5.0, 5.0, 5.0, 5.0, 5.0, 5.0, 5.0, 5.0, 5.0, 5.0, 5.0, 5.0, 5.0, 5.0, 5.0, 5.0, 5.0, 5.0, 5.0, 5.0, 5.0, 5.0, 5.0, 5.0, 5.0, 5.0, 5.0, 5.0, 5.0, 5.0, 5.0, 5.0, 5.0, 5.0, 5.0, 5.0, 5.0, 5.0, 5.0, 5.0, 5.0, 5.0, 5.0, 5.0, 5.0, 5.0, 5.0, 5.0, 5.0, 5.0, 5.0, 5.0, 5.0]"
0.06470920890569687,-1.378146767616272,0.03890860825777054,-3.064189910888672,0.18174797296524048,5.553147315979004,0.8744551539421082,-0.08998642861843109,0.4766753017902374,0.15516513586044312,0.0841379314661026,"[5.0, 5.0, 5.0, 5.0, 5.0, 5.0, 5.0, 5.0, 5.0, 5.0, 5.0, 5.0, 5.0, 5.0, 5.0, 5.0, 5.0, 5.0, 5.0, 5.0, 5.0, 5.0, 5.0, 5.0, 5.0, 5.0, 5.0, 5.0, 5.0, 5.0, 5.0, 5.0, 5.0, 5.0, 5.0, 5.0, 5.0, 5.0, 5.0, 5.0, 5.0, 5.0, 5.0, 5.0, 5.0, 5.0, 5.0, 5.0, 5.0, 5.0, 5.0, 5.0, 5.0, 5.0, 5.0, 5.0, 5.0, 5.0, 5.0, 5.0]"
-0.024198727682232857,-1.4044384956359863,0.0670892521739006,-3.018190383911133,0.04041425883769989,6.0716071128845215,0.8794143795967102,-0.041078973561525345,0.474269300699234,0.15229769051074982,0.08204488456249237,"[5.0, 5.0, 5.0, 5.0, 5.0, 5.0, 5.0, 5.0, 5.0, 5.0, 5.0, 5.0, 5.0, 5.0, 5.0, 5.0, 5.0, 5.0, 5.0, 5.0, 5.0, 5.0, 5.0, 5.0, 5.0, 5.0, 5.0, 5.0, 5.0, 5.0, 5.0, 5.0, 5.0, 5.0, 5.0, 5.0, 5.0, 5.0, 5.0, 5.0, 5.0, 5.0, 5.0, 5.0, 5.0, 5.0, 5.0, 5.0, 5.0, 5.0, 5.0, 5.0, 5.0, 5.0, 5.0, 5.0, 5.0, 5.0, 5.0, 5.0]"
-0.134279265999794,-1.4170929193496704,0.05328918993473053,-3.085092782974243,-0.08148843050003052,6.79543924331665,0.8857080936431885,0.0009380393894389272,0.46422919631004333,0.15282686054706573,0.0801016166806221,"[5.0, 5.0, 5.0, 5.0, 5.0, 5.0, 5.0, 5.0, 5.0, 5.0, 5.0, 5.0, 5.0, 5.0, 5.0, 5.0, 5.0, 5.0, 5.0, 5.0, 5.0, 5.0, 5.0, 5.0, 5.0, 5.0, 5.0, 5.0, 5.0, 5.0, 5.0, 5.0, 5.0, 5.0, 5.0, 5.0, 5.0, 5.0, 5.0, 5.0, 5.0, 5.0, 5.0, 5.0, 5.0, 5.0, 5.0, 5.0, 5.0, 5.0, 5.0, 5.0, 5.0, 5.0, 5.0, 5.0, 5.0, 5.0, 5.0, 5.0]"
-0.2675563395023346,-1.4071789979934692,0.0012253522872924805,-3.2650504112243652,-0.16124945878982544,7.641986846923828,0.8925473093986511,0.026618489995598793,0.4501548707485199,0.15687862038612366,0.07908632606267929,"[5.0, 5.0, 5.0, 5.0, 5.0, 5.0, 5.0, 5.0, 5.0, 5.0, 5.0, 5.0, 5.0, 5.0, 5.0, 5.0, 5.0, 5.0, 5.0, 5.0, 5.0, 5.0, 5.0, 5.0, 5.0, 5.0, 5.0, 5.0, 5.0, 5.0, 5.0, 5.0, 5.0, 5.0, 5.0, 5.0, 5.0, 5.0, 5.0, 5.0, 5.0, 5.0, 5.0, 5.0, 5.0, 5.0, 5.0, 5.0, 5.0, 5.0, 5.0, 5.0, 5.0, 5.0, 5.0, 5.0, 5.0, 5.0, 5.0, 5.0]"
-0.4205574691295624,-1.3641678094863892,-0.07417966425418854,-3.5208358764648438,-0.1677442193031311,8.493398666381836,0.899555504322052,0.02773718535900116,0.43591243028640747,0.16422201693058014,0.07954195886850357,"[5.0, 5.0, 5.0, 5.0, 5.0, 5.0, 5.0, 5.0, 5.0, 5.0, 5.0, 5.0, 5.0, 5.0, 5.0, 5.0, 5.0, 5.0, 5.0, 5.0, 5.0, 5.0, 5.0, 5.0, 5.0, 5.0, 5.0, 5.0, 5.0, 5.0, 5.0, 5.0, 5.0, 5.0, 5.0, 5.0, 5.0, 5.0, 5.0, 5.0, 5.0, 5.0, 5.0, 5.0, 5.0, 5.0, 5.0, 5.0, 5.0, 5.0, 5.0, 5.0, 5.0, 5.0, 5.0, 5.0, 5.0, 5.0, 5.0, 5.0]"
-0.5818296670913696,-1.2793729305267334,-0.15328356623649597,-3.7362003326416016,-0.07395124435424805,9.166404724121094,0.9056009650230408,0.00029173051007092,0.424118310213089,0.17424920201301575,0.08160577714443207,"[5.0, 5.0, 5.0, 5.0, 5.0, 5.0, 5.0, 5.0, 5.0, 5.0, 5.0, 5.0, 5.0, 5.0, 5.0, 5.0, 5.0, 5.0, 5.0, 5.0, 5.0, 5.0, 5.0, 5.0, 5.0, 5.0, 5.0, 5.0, 5.0, 5.0, 5.0, 5.0, 5.0, 5.0, 5.0, 5.0, 5.0, 5.0, 5.0, 5.0, 5.0, 5.0, 5.0, 5.0, 5.0, 5.0, 5.0, 5.0, 5.0, 5.0, 5.0, 5.0, 5.0, 5.0, 5.0, 5.0, 5.0, 5.0, 5.0, 5.0]"
-0.7323252558708191,-1.1522440910339355,-0.2139328420162201,-3.7614822387695312,0.11679410934448242,9.431060791015625,0.9083407521247864,-0.05174887552857399,0.4150052070617676,0.18639452755451202,0.08502256870269775,"[5.0, 5.0, 5.0, 5.0, 5.0, 5.0, 5.0, 5.0, 5.0, 5.0, 5.0, 5.0, 5.0, 5.0, 5.0, 5.0, 5.0, 5.0, 5.0, 5.0, 5.0, 5.0, 5.0, 5.0, 5.0, 5.0, 5.0, 5.0, 5.0, 5.0, 5.0, 5.0, 5.0, 5.0, 5.0, 5.0, 5.0, 5.0, 5.0, 5.0, 5.0, 5.0, 5.0, 5.0, 5.0, 5.0, 5.0, 5.0, 5.0, 5.0, 5.0, 5.0, 5.0, 5.0, 5.0, 5.0, 5.0, 5.0, 5.0, 5.0]"
-0.8522282242774963,-0.9945746064186096,-0.24492542445659637,-3.533644676208496,0.3249640464782715,9.140460968017578,0.9055281281471252,-0.11906123161315918,0.40722739696502686,0.19994580745697021,0.08915084600448608,"[5.0, 5.0, 5.0, 5.0, 5.0, 5.0, 5.0, 5.0, 5.0, 5.0, 5.0, 5.0, 5.0, 5.0, 5.0, 5.0, 5.0, 5.0, 5.0, 5.0, 5.0, 5.0, 5.0, 5.0, 5.0, 5.0, 5.0, 5.0, 5.0, 5.0, 5.0, 5.0, 5.0, 5.0, 5.0, 5.0, 5.0, 5.0, 5.0, 5.0, 5.0, 5.0, 5.0, 5.0, 5.0, 5.0, 5.0, 5.0, 5.0, 5.0, 5.0, 5.0, 5.0, 5.0, 5.0, 5.0, 5.0, 5.0, 5.0, 5.0]"
-0.9289326667785645,-0.8289501070976257,-0.239067941904068,-2.9485411643981934,0.5087082386016846,8.27707576751709,0.8969980478286743,-0.18893401324748993,0.39961209893226624,0.2141929268836975,0.09337404370307922,"[5.0, 5.0, 5.0, 5.0, 5.0, 5.0, 5.0, 5.0, 5.0, 5.0, 5.0, 5.0, 5.0, 5.0, 5.0, 5.0, 5.0, 5.0, 5.0, 5.0, 5.0, 5.0, 5.0, 5.0, 5.0, 5.0, 5.0, 5.0, 5.0, 5.0, 5.0, 5.0, 5.0, 5.0, 5.0, 5.0, 5.0, 5.0, 5.0, 5.0, 5.0, 5.0, 5.0, 5.0, 5.0, 5.0, 5.0, 5.0, 5.0, 5.0, 5.0, 5.0, 5.0, 5.0, 5.0, 5.0, 5.0, 5.0, 5.0, 5.0]"
-0.9602931141853333,-0.6812052130699158,-0.19544318318367004,-1.9268717765808105,0.6402122974395752,6.854315757751465,0.8858420252799988,-0.2474113255739212,0.3925092816352844,0.22871844470500946,0.09760774672031403,"[5.0, 5.0, 5.0, 5.0, 5.0, 5.0, 5.0, 5.0, 5.0, 5.0, 5.0, 5.0, 5.0, 5.0, 5.0, 5.0, 5.0, 5.0, 5.0, 5.0, 5.0, 5.0, 5.0, 5.0, 5.0, 5.0, 5.0, 5.0, 5.0, 5.0, 5.0, 5.0, 5.0, 5.0, 5.0, 5.0, 5.0, 5.0, 5.0, 5.0, 5.0, 5.0, 5.0, 5.0, 5.0, 5.0, 5.0, 5.0, 5.0, 5.0, 5.0, 5.0, 5.0, 5.0, 5.0, 5.0, 5.0, 5.0, 5.0, 5.0]"
-0.9528135657310486,-0.5696807503700256,-0.11031711101531982,-0.7874560952186584,0.8099780082702637,5.074090480804443,0.8769588470458984,-0.284238338470459,0.3874843716621399,0.24294696748256683,0.10211627930402756,"[5.0, 5.0, 5.0, 5.0, 5.0, 5.0, 5.0, 5.0, 5.0, 5.0, 5.0, 5.0, 5.0, 5.0, 5.0, 5.0, 5.0, 5.0, 5.0, 5.0, 5.0, 5.0, 5.0, 5.0, 5.0, 5.0, 5.0, 5.0, 5.0, 5.0, 5.0, 5.0, 5.0, 5.0, 5.0, 5.0, 5.0, 5.0, 5.0, 5.0, 5.0, 5.0, 5.0, 5.0, 5.0, 5.0, 5.0, 5.0, 5.0, 5.0, 5.0, 5.0, 5.0, 5.0, 5.0, 5.0, 5.0, 5.0, 5.0, 5.0]"
-0.9168224930763245,-0.5007227063179016,0.025242701172828674,0.25251099467277527,1.069370985031128,3.179513931274414,0.8747085928916931,-0.29433366656303406,0.3850262463092804,0.2564585506916046,0.1069922000169754,"[5.0, 5.0, 5.0, 5.0, 5.0, 5.0, 5.0, 5.0, 5.0, 5.0, 5.0, 5.0, 5.0, 5.0, 5.0, 5.0, 5.0, 5.0, 5.0, 5.0, 5.0, 5.0, 5.0, 5.0, 5.0, 5.0, 5.0, 5.0, 5.0, 5.0, 5.0, 5.0, 5.0, 5.0, 5.0, 5.0, 5.0, 5.0, 5.0, 5.0, 5.0, 5.0, 5.0, 5.0, 5.0, 5.0, 5.0, 5.0, 5.0, 5.0, 5.0, 5.0, 5.0, 5.0, 5.0, 5.0, 5.0, 5.0, 5.0, 5.0]"
-0.8621312379837036,-0.4695993959903717,0.2153707593679428,1.0971457958221436,1.382910966873169,1.3882007598876953,0.8810247182846069,-0.277235746383667,0.3833131492137909,0.26890647411346436,0.11159998178482056,"[5.0, 5.0, 5.0, 5.0, 5.0, 5.0, 5.0, 5.0, 5.0, 5.0, 5.0, 5.0, 5.0, 5.0, 5.0, 5.0, 5.0, 5.0, 5.0, 5.0, 5.0, 5.0, 5.0, 5.0, 5.0, 5.0, 5.0, 5.0, 5.0, 5.0, 5.0, 5.0, 5.0, 5.0, 5.0, 5.0, 5.0, 5.0, 5.0, 5.0, 5.0, 5.0, 5.0, 5.0, 5.0, 5.0, 5.0, 5.0, 5.0, 5.0, 5.0, 5.0, 5.0, 5.0, 5.0, 5.0, 5.0, 5.0, 5.0, 5.0]"
-0.7967991828918457,-0.4648006558418274,0.4251347780227661,1.606308102607727,1.6806892156600952,0.0429612398147583,0.8940066695213318,-0.2381744384765625,0.37949731945991516,0.28029367327690125,0.1149718314409256,"[5.0, 5.0, 5.0, 5.0, 5.0, 5.0, 5.0, 5.0, 5.0, 5.0, 5.0, 5.0, 5.0, 5.0, 5.0, 5.0, 5.0, 5.0, 5.0, 5.0, 5.0, 5.0, 5.0, 5.0, 5.0, 5.0, 5.0, 5.0, 5.0, 5.0, 5.0, 5.0, 5.0, 5.0, 5.0, 5.0, 5.0, 5.0, 5.0, 5.0, 5.0, 5.0, 5.0, 5.0, 5.0, 5.0, 5.0, 5.0, 5.0, 5.0, 5.0, 5.0, 5.0, 5.0, 5.0, 5.0, 5.0, 5.0, 5.0, 5.0]"
-0.7266480326652527,-0.474478155374527,0.6078264117240906,1.8422768115997314,2.033996343612671,-0.704271674156189,0.9088160395622253,-0.18584740161895752,0.3735072612762451,0.2905190587043762,0.11697734892368317,"[5.0, 5.0, 5.0, 5.0, 5.0, 5.0, 4.927358627319336, 4.846796989440918, 4.774971008300781, 4.711304187774658, 4.655259609222412, 4.606395721435547, 4.5643720626831055, 4.528842926025391, 4.49958610534668, 4.476368427276611, 4.459028720855713, 4.44744873046875, 4.44155216217041, 4.44130277633667, 4.446703910827637, 4.457769393920898, 4.4745988845825195, 4.497302055358887, 4.526033401489258, 4.560990810394287, 4.602433681488037, 4.6506733894348145, 4.70607328414917, 4.769057750701904, 4.8401288986206055, 4.919906139373779, 5.0, 5.0, 5.0, 5.0, 5.0, 5.0, 5.0, 5.0, 5.0, 5.0, 5.0, 5.0, 5.0, 5.0, 5.0, 5.0, 5.0, 5.0, 5.0, 5.0, 5.0, 5.0, 5.0, 5.0, 5.0, 5.0, 5.0, 5.0]"
-0.6399320363998413,-0.4928395450115204,0.6668141484260559,1.6939444541931152,-0.3732950687408447,-0.8028463125228882,0.9329288601875305,-0.13250410556793213,0.3347835838794708,0.30152252316474915,0.10712690651416779,"[5.0, 5.0, 5.0, 4.903660297393799, 4.8118577003479, 4.729471206665039, 4.655760765075684, 4.590117931365967, 4.532008647918701, 4.480983734130859, 4.436643600463867, 4.398672103881836, 4.366790771484375, 4.340771198272705, 4.3204426765441895, 4.305665969848633, 4.2963409423828125, 4.292393684387207, 4.293818473815918, 4.300590515136719, 4.312795162200928, 4.330484390258789, 4.353794097900391, 4.382885456085205, 4.417948246002197, 4.459244728088379, 4.507071018218994, 4.561788082122803, 4.623812675476074, 4.693648815155029, 4.77185583114624, 4.8591227531433105, 4.956212520599365, 5.0, 5.0, 5.0, 5.0, 5.0, 5.0, 5.0, 5.0, 5.0, 5.0, 5.0, 5.0, 5.0, 5.0, 5.0, 5.0, 5.0, 5.0, 5.0, 5.0, 5.0, 5.0, 5.0, 5.0, 5.0, 5.0, 5.0]"
-0.5372778177261353,-0.5174521803855896,0.729651153087616,1.0779885053634644,-0.695095956325531,-0.17144188284873962,0.9564269185066223,-0.09075432270765305,0.27749767899513245,0.3118213415145874,0.09006726741790771,"[5.0, 5.0, 4.951001167297363, 4.861095428466797, 4.780505180358887, 4.708512306213379, 4.644554138183594, 4.5880818367004395, 4.538671493530273, 4.495960235595703, 4.459634304046631, 4.42941427230835, 4.405101299285889, 4.3865275382995605, 4.373568534851074, 4.366143226623535, 4.364180564880371, 4.367679595947266, 4.376662254333496, 4.391190528869629, 4.411365509033203, 4.437313079833984, 4.469244003295898, 4.5073394775390625, 4.551911354064941, 4.603261470794678, 4.661787033081055, 4.727968215942383, 4.802317142486572, 4.8854570388793945, 4.978115558624268, 5.0, 5.0, 5.0, 5.0, 5.0, 5.0, 5.0, 5.0, 5.0, 5.0, 5.0, 5.0, 5.0, 5.0, 5.0, 5.0, 5.0, 5.0, 5.0, 5.0, 5.0, 5.0, 5.0, 5.0, 5.0, 5.0, 5.0, 5.0, 5.0]"
-0.44448164105415344,-0.5478315353393555,0.7154363393783569,0.4570125341415405,-0.43066179752349854,0.7097577452659607,0.9728615283966064,-0.06575289368629456,0.22183504700660706,0.32032257318496704,0.07287473976612091,"[5.0, 5.0, 4.946907043457031, 4.866243839263916, 4.794287204742432, 4.730432510375977, 4.674167633056641, 4.625068187713623, 4.582774639129639, 4.546944618225098, 4.517346382141113, 4.49375581741333, 4.476038455963135, 4.464034557342529, 4.45769739151001, 4.456949710845947, 4.4618120193481445, 4.472316265106201, 4.488533973693848, 4.510560035705566, 4.5385613441467285, 4.5727152824401855, 4.61328649520874, 4.660571098327637, 4.714898109436035, 4.776706218719482, 4.846475601196289, 4.924778461456299, 5.0, 5.0, 5.0, 5.0, 5.0, 5.0, 5.0, 5.0, 5.0, 5.0, 5.0, 5.0, 5.0, 5.0, 5.0, 5.0, 5.0, 5.0, 5.0, 5.0, 5.0, 5.0, 5.0, 5.0, 5.0, 5.0, 5.0, 5.0, 5.0, 5.0, 5.0, 5.0]"
-0.3698951303958893,-0.583342969417572,0.6270620822906494,-0.032981276512145996,0.12514206767082214,1.6243300437927246,0.9819959402084351,-0.05765249952673912,0.17987270653247833,0.327258825302124,0.05984112620353699,"[5.0, 4.975423812866211, 4.894697189331055, 4.822673797607422, 4.758786201477051, 4.702521324157715, 4.653439998626709, 4.611179828643799, 4.57542610168457, 4.54591703414917, 4.522457122802734, 4.504881858825684, 4.493073463439941, 4.486940860748291, 4.486450672149658, 4.491608619689941, 4.5024309158325195, 4.518989562988281, 4.541423320770264, 4.569854259490967, 4.604520320892334, 4.645627021789551, 4.693500518798828, 4.748485088348389, 4.811021327972412, 4.881576061248779, 4.960752010345459, 5.0, 5.0, 5.0, 5.0, 5.0, 5.0, 5.0, 5.0, 5.0, 5.0, 5.0, 5.0, 5.0, 5.0, 5.0, 5.0, 5.0, 5.0, 5.0, 5.0, 5.0, 5.0, 5.0, 5.0, 5.0, 5.0, 5.0, 5.0, 5.0, 5.0, 5.0, 5.0, 5.0]"
-0.3129575252532959,-0.622148871421814,0.5009749531745911,-0.4325234889984131,0.657044529914856,2.4219179153442383,0.9857238531112671,-0.0639352947473526,0.155739426612854,0.33302563428878784,0.05250605195760727,"[4.928353786468506, 4.8479509353637695, 4.776189804077148, 4.712465286254883, 4.656265735626221, 4.607176780700684, 4.564820766448975, 4.528878688812256, 4.499111652374268, 4.4753031730651855, 4.4572978019714355, 4.444954872131348, 4.43821907043457, 4.437033176422119, 4.441365718841553, 4.4512810707092285, 4.466825485229492, 4.488129138946533, 4.515288352966309, 4.5485429763793945, 4.588103771209717, 4.634254455566406, 4.687328338623047, 4.747751712799072, 4.81597900390625, 4.8925700187683105, 4.978179454803467, 5.0, 5.0, 5.0, 5.0, 5.0, 5.0, 5.0, 5.0, 5.0, 5.0, 5.0, 5.0, 5.0, 5.0, 5.0, 5.0, 5.0, 5.0, 5.0, 5.0, 5.0, 5.0, 5.0, 5.0, 5.0, 5.0, 5.0, 5.0, 5.0, 5.0, 5.0, 5.0, 5.0]"
-0.2686924934387207,-0.6630347371101379,0.358219176530838,-0.8450606465339661,0.9573123455047607,3.058321237564087,0.9858136177062988,-0.0811777412891388,0.1468868851661682,0.3377862572669983,0.050160594284534454,"[4.7775397300720215, 4.705455303192139, 4.641336441040039, 4.584651947021484, 4.534978866577148, 4.491943836212158, 4.455226898193359, 4.4245924949646, 4.399807453155518, 4.380686283111572, 4.367142677307129, 4.3590593338012695, 4.356375217437744, 4.359095573425293, 4.367206573486328, 4.380807399749756, 4.399946212768555, 4.424771308898926, 4.455455303192139, 4.492214679718018, 4.5352959632873535, 4.5850067138671875, 4.641747951507568, 4.705920696258545, 4.778056621551514, 4.858739852905273, 4.948659420013428, 5.0, 5.0, 5.0, 5.0, 5.0, 5.0, 5.0, 5.0, 5.0, 5.0, 5.0, 5.0, 5.0, 5.0, 5.0, 5.0, 5.0, 5.0, 5.0, 5.0, 5.0, 5.0, 5.0, 5.0, 5.0, 5.0, 5.0, 5.0, 5.0, 5.0, 5.0, 5.0, 5.0]"
-0.23314915597438812,-0.7050133347511292,0.2102360874414444,-1.2831543684005737,1.052307367324829,3.5943517684936523,0.9830650091171265,-0.10688680410385132,0.14883747696876526,0.34144094586372375,0.051391780376434326,"[4.66456413269043, 4.598732948303223, 4.540386199951172, 4.489049911499023, 4.444340705871582, 4.405943393707275, 4.373594284057617, 4.347047805786133, 4.3261308670043945, 4.310700416564941, 4.3006510734558105, 4.295933246612549, 4.296506404876709, 4.302353382110596, 4.313554286956787, 4.330139636993408, 4.352252006530762, 4.380031108856201, 4.413672924041748, 4.453390121459961, 4.49949836730957, 4.552308082580566, 4.612225532531738, 4.679718971252441, 4.7553229331970215, 4.839687347412109, 4.933521270751953, 5.0, 5.0, 5.0, 5.0, 5.0, 5.0, 5.0, 5.0, 5.0, 5.0, 5.0, 5.0, 5.0, 5.0, 5.0, 5.0, 5.0, 5.0, 5.0, 5.0, 5.0, 5.0, 5.0, 5.0, 5.0, 5.0, 5.0, 5.0, 5.0, 5.0, 5.0, 5.0, 5.0]"
-0.2049546241760254,-0.7459729909896851,0.065280981361866,-1.750241756439209,1.0460309982299805,4.058706283569336,0.9775527119636536,-0.13942477107048035,0.15794141590595245,0.34380611777305603,0.05499161779880524,"[4.617105484008789, 4.555229187011719, 4.5005693435668945, 4.452686309814453, 4.411253929138184, 4.375965595245361, 4.346577167510986, 4.322887420654297, 4.304722309112549, 4.291978359222412, 4.284545421600342, 4.2823967933654785, 4.285528659820557, 4.2939324378967285, 4.307680130004883, 4.326855182647705, 4.351595878601074, 4.382054328918457, 4.418455123901367, 4.461057186126709, 4.510168075561523, 4.566125392913818, 4.62939453125, 4.700439453125, 4.779868125915527, 4.868344783782959, 4.9666595458984375, 5.0, 5.0, 5.0, 5.0, 5.0, 5.0, 5.0, 5.0, 5.0, 5.0, 5.0, 5.0, 5.0, 5.0, 5.0, 5.0, 5.0, 5.0, 5.0, 5.0, 5.0, 5.0, 5.0, 5.0, 5.0, 5.0, 5.0, 5.0, 5.0, 5.0, 5.0, 5.0, 5.0]"
-0.18401236832141876,-0.783187210559845,-0.0701524093747139,-2.238967180252075,1.062261700630188,4.475709438323975,0.9687478542327881,-0.1780988872051239,0.172634556889534,0.34495633840560913,0.06045930087566376,"[4.641750335693359, 4.581221580505371, 4.527884006500244, 4.481325626373291, 4.441195487976074, 4.40722131729126, 4.3791728019714355, 4.356832981109619, 4.340053558349609, 4.328739166259766, 4.322804927825928, 4.322218418121338, 4.326956272125244, 4.337076187133789, 4.3526201248168945, 4.373711585998535, 4.400475978851318, 4.433123588562012, 4.471846580505371, 4.516953468322754, 4.568756103515625, 4.627641677856445, 4.694075584411621, 4.768587589263916, 4.851791858673096, 4.944412708282471, 5.0, 5.0, 5.0, 5.0, 5.0, 5.0, 5.0, 5.0, 5.0, 5.0, 5.0, 5.0, 5.0, 5.0, 5.0, 5.0, 5.0, 5.0, 5.0, 5.0, 5.0, 5.0, 5.0, 5.0, 5.0, 5.0, 5.0, 5.0, 5.0, 5.0, 5.0, 5.0, 5.0, 5.0]"
-0.17002514004707336,-0.8137129545211792,-0.1895955204963684,-2.710270404815674,1.1184909343719482,4.828184127807617,0.9560286998748779,-0.22203446924686432,0.19158320128917694,0.34482327103614807,0.06730935722589493,"[4.736717700958252, 4.674496173858643, 4.619669437408447, 4.571828842163086, 4.5306267738342285, 4.495747089385986, 4.466971397399902, 4.444064140319824, 4.426901817321777, 4.415341377258301, 4.409320831298828, 4.4088029861450195, 4.413774490356445, 4.424262523651123, 4.440350532531738, 4.462148189544678, 4.489799976348877, 4.523482322692871, 4.563464641571045, 4.610006332397461, 4.66346549987793, 4.7242431640625, 4.792815685272217, 4.8697428703308105, 4.955679893493652, 5.0, 5.0, 5.0, 5.0, 5.0, 5.0, 5.0, 5.0, 5.0, 5.0, 5.0, 5.0, 5.0, 5.0, 5.0, 5.0, 5.0, 5.0, 5.0, 5.0, 5.0, 5.0, 5.0, 5.0, 5.0, 5.0, 5.0, 5.0, 5.0, 5.0, 5.0, 5.0, 5.0, 5.0, 5.0]"
-0.16108599305152893,-0.8360512852668762,-0.2799833416938782,-3.029618978500366,1.1662226915359497,5.008810520172119,0.9393024444580078,-0.26901647448539734,0.2129211723804474,0.34346500039100647,0.07484748959541321,"[4.890820503234863, 4.823618412017822, 4.764303207397461, 4.712396144866943, 4.667504787445068, 4.629310131072998, 4.597503185272217, 4.57188606262207, 4.552271366119385, 4.538539409637451, 4.53056526184082, 4.528319358825684, 4.531785011291504, 4.54097318649292, 4.555962562561035, 4.576839447021484, 4.603748798370361, 4.636901378631592, 4.6764984130859375, 4.722850322723389, 4.776309013366699, 4.837250709533691, 4.906192779541016, 4.983664035797119, 5.0, 5.0, 5.0, 5.0, 5.0, 5.0, 5.0, 5.0, 5.0, 5.0, 5.0, 5.0, 5.0, 5.0, 5.0, 5.0, 5.0, 5.0, 5.0, 5.0, 5.0, 5.0, 5.0, 5.0, 5.0, 5.0, 5.0, 5.0, 5.0, 5.0, 5.0, 5.0, 5.0, 5.0, 5.0, 5.0]"
-0.15378938615322113,-0.8519493341445923,-0.3322143852710724,-3.0813684463500977,1.1588294506072998,4.933095455169678,0.9196447134017944,-0.3149867653846741,0.23458732664585114,0.34097179770469666,0.08228403329849243,"[5.0, 5.0, 4.937119007110596, 4.878810405731201, 4.828059673309326, 4.784484386444092, 4.747739791870117, 4.717564582824707, 4.693747520446777, 4.676130771636963, 4.664580821990967, 4.659005641937256, 4.6593918800354, 4.6657304763793945, 4.678068161010742, 4.69648551940918, 4.72111177444458, 4.752131938934326, 4.78973913192749, 4.834244728088379, 4.8859405517578125, 4.945260047912598, 5.0, 5.0, 5.0, 5.0, 5.0, 5.0, 5.0, 5.0, 5.0, 5.0, 5.0, 5.0, 5.0, 5.0, 5.0, 5.0, 5.0, 5.0, 5.0, 5.0, 5.0, 5.0, 5.0, 5.0, 5.0, 5.0, 5.0, 5.0, 5.0, 5.0, 5.0, 5.0, 5.0, 5.0, 5.0, 5.0, 5.0, 5.0]"
-0.1443769931793213,-0.865784764289856,-0.3452664613723755,-2.8609790802001953,1.125397801399231,4.623091697692871,0.899057149887085,-0.3553909361362457,0.2557101845741272,0.33736005425453186,0.08923336863517761,"[5.0, 5.0, 5.0, 5.0, 4.974290370941162, 4.924436092376709, 4.881869792938232, 4.846298694610596, 4.817432880401611, 4.795097351074219, 4.779105186462402, 4.769373416900635, 4.765810012817383, 4.7683916091918945, 4.777148723602295, 4.792138576507568, 4.8134660720825195, 4.841279029846191, 4.87577486038208, 4.917212963104248, 4.965885639190674, 5.0, 5.0, 5.0, 5.0, 5.0, 5.0, 5.0, 5.0, 5.0, 5.0, 5.0, 5.0, 5.0, 5.0, 5.0, 5.0, 5.0, 5.0, 5.0, 5.0, 5.0, 5.0, 5.0, 5.0, 5.0, 5.0, 5.0, 5.0, 5.0, 5.0, 5.0, 5.0, 5.0, 5.0, 5.0, 5.0, 5.0, 5.0, 5.0]"
-0.12910620868206024,-0.8815909624099731,-0.31463924050331116,-2.4865660667419434,1.0877130031585693,4.072078227996826,0.8801364898681641,-0.38614577054977417,0.27612563967704773,0.3327656090259552,0.09560227394104004,"[5.0, 5.0, 5.0, 5.0, 5.0, 5.0, 4.970460414886475, 4.929476737976074, 4.89552116394043, 4.868342399597168, 4.847745418548584, 4.83359432220459, 4.825777530670166, 4.824243068695068, 4.828976631164551, 4.840012073516846, 4.857438564300537, 4.881370544433594, 4.911978244781494, 4.9494805335998535, 4.994164943695068, 5.0, 5.0, 5.0, 5.0, 5.0, 5.0, 5.0, 5.0, 5.0, 5.0, 5.0, 5.0, 5.0, 5.0, 5.0, 5.0, 5.0, 5.0, 5.0, 5.0, 5.0, 5.0, 5.0, 5.0, 5.0, 5.0, 5.0, 5.0, 5.0, 5.0, 5.0, 5.0, 5.0, 5.0, 5.0, 5.0, 5.0, 5.0, 5.0]"
-0.10475148260593414,-0.9026800394058228,-0.24014195799827576,-2.0588200092315674,1.0902094841003418,3.355620861053467,0.8656853437423706,-0.4038918912410736,0.29572680592536926,0.3271175026893616,0.10126715153455734,"[5.0, 5.0, 5.0, 5.0, 5.0, 5.0, 4.993492603302002, 4.947524547576904, 4.90878963470459, 4.876992225646973, 4.851901531219482, 4.833330154418945, 4.821171760559082, 4.8153204917907715, 4.815736293792725, 4.822415828704834, 4.835433006286621, 4.854852676391602, 4.88082218170166, 4.9135260581970215, 4.953209400177002, 5.0, 5.0, 5.0, 5.0, 5.0, 5.0, 5.0, 5.0, 5.0, 5.0, 5.0, 5.0, 5.0, 5.0, 5.0, 5.0, 5.0, 5.0, 5.0, 5.0, 5.0, 5.0, 5.0, 5.0, 5.0, 5.0, 5.0, 5.0, 5.0, 5.0, 5.0, 5.0, 5.0, 5.0, 5.0, 5.0, 5.0, 5.0, 5.0]"
-0.0703420415520668,-0.9301787614822388,-0.1352614164352417,-1.710818886756897,1.092069149017334,2.6308434009552,0.8575651049613953,-0.407741516828537,0.3135647773742676,0.32034438848495483,0.10578408092260361,"[5.0, 5.0, 5.0, 5.0, 5.0, 5.0, 4.960334300994873, 4.909646511077881, 4.866307258605957, 4.829982280731201, 4.80040979385376, 4.777369022369385, 4.760710716247559, 4.750296592712402, 4.746062278747559, 4.747985363006592, 4.756075382232666, 4.770384788513184, 4.791015625, 4.818114757537842, 4.8518829345703125, 4.892557621002197, 4.9404473304748535, 4.995911598205566, 5.0, 5.0, 5.0, 5.0, 5.0, 5.0, 5.0, 5.0, 5.0, 5.0, 5.0, 5.0, 5.0, 5.0, 5.0, 5.0, 5.0, 5.0, 5.0, 5.0, 5.0, 5.0, 5.0, 5.0, 5.0, 5.0, 5.0, 5.0, 5.0, 5.0, 5.0, 5.0, 5.0, 5.0, 5.0, 5.0]"
-0.027218179777264595,-0.963005781173706,-0.020110834389925003,-1.568114995956421,0.9598995447158813,2.015861749649048,0.8566062450408936,-0.3994844853878021,0.32654520869255066,0.3126017451286316,0.10799930989742279,"[5.0, 5.0, 5.0, 5.0, 5.0, 4.995672225952148, 4.931424617767334, 4.875138282775879, 4.826375484466553, 4.784745216369629, 4.749958038330078, 4.721746444702148, 4.699914455413818, 4.684303283691406, 4.674809455871582, 4.671356201171875, 4.673936367034912, 4.682549476623535, 4.69727087020874, 4.718194484710693, 4.745469093322754, 4.779295921325684, 4.819916248321533, 4.867627143859863, 4.922802448272705, 4.985865116119385, 5.0, 5.0, 5.0, 5.0, 5.0, 5.0, 5.0, 5.0, 5.0, 5.0, 5.0, 5.0, 5.0, 5.0, 5.0, 5.0, 5.0, 5.0, 5.0, 5.0, 5.0, 5.0, 5.0, 5.0, 5.0, 5.0, 5.0, 5.0, 5.0, 5.0, 5.0, 5.0, 5.0, 5.0]"
0.0,0.0,0.0,0.0,0.0,0.0,0.36372390389442444,0.9301384687423706,0.05046882852911949,7.644636154174805,0.3863081932067871,"[5.0, 5.0, 5.0, 5.0, 5.0, 5.0, 5.0, 5.0, 5.0, 5.0, 5.0, 5.0, 5.0, 5.0, 5.0, 5.0, 5.0, 5.0, 5.0, 5.0, 5.0, 5.0, 5.0, 5.0, 5.0, 5.0, 5.0, 5.0, 5.0, 5.0, 5.0, 5.0, 5.0, 5.0, 5.0, 5.0, 5.0, 5.0, 5.0, 5.0, 5.0, 5.0, 5.0, 5.0, 5.0, 5.0, 5.0, 5.0, 5.0, 5.0, 5.0, 5.0, 5.0, 5.0, 5.0, 5.0, 5.0, 5.0, 5.0, 5.0]"
0.015854941681027412,-0.02222696878015995,0.09640588611364365,-3.809060573577881,4.04213809967041,4.6655683517456055,0.4225948452949524,0.8974515795707703,0.12646739184856415,7.598284721374512,0.9687134027481079,"[5.0, 5.0, 5.0, 5.0, 5.0, 5.0, 5.0, 5.0, 5.0, 5.0, 5.0, 5.0, 5.0, 5.0, 5.0, 5.0, 5.0, 5.0, 5.0, 5.0, 5.0, 5.0, 5.0, 5.0, 5.0, 5.0, 5.0, 5.0, 5.0, 5.0, 5.0, 5.0, 5.0, 5.0, 5.0, 5.0, 5.0, 5.0, 5.0, 5.0, 5.0, 5.0, 5.0, 5.0, 5.0, 5.0, 5.0, 5.0, 5.0, 5.0, 5.0, 5.0, 5.0, 5.0, 5.0, 5.0, 5.0, 5.0, 5.0, 5.0]"
0.02887839637696743,-0.03844419866800308,0.11342748999595642,-4.41215705871582,4.3878326416015625,7.9078826904296875,0.529304027557373,0.8135244846343994,0.24086284637451172,7.441975116729736,1.846868872642517,"[5.0, 5.0, 5.0, 5.0, 5.0, 5.0, 5.0, 5.0, 5.0, 5.0, 5.0, 5.0, 5.0, 5.0, 5.0, 5.0, 5.0, 5.0, 5.0, 5.0, 5.0, 5.0, 5.0, 5.0, 5.0, 5.0, 5.0, 5.0, 5.0, 5.0, 5.0, 5.0, 5.0, 5.0, 5.0, 5.0, 5.0, 5.0, 5.0, 5.0, 5.0, 5.0, 5.0, 5.0, 5.0, 5.0, 5.0, 5.0, 5.0, 5.0, 5.0, 5.0, 5.0, 5.0, 5.0, 5.0, 5.0, 5.0, 5.0, 5.0]"
0.05592973530292511,-0.04619213938713074,0.1485963612794876,-4.036996364593506,2.992785930633545,10.064228057861328,0.6530001163482666,0.6755560636520386,0.3423662781715393,7.210165500640869,2.6272943019866943,"[5.0, 5.0, 5.0, 5.0, 5.0, 5.0, 5.0, 5.0, 5.0, 5.0, 5.0, 5.0, 5.0, 5.0, 5.0, 5.0, 5.0, 5.0, 5.0, 5.0, 5.0, 5.0, 5.0, 5.0, 5.0, 5.0, 5.0, 5.0, 5.0, 5.0, 5.0, 5.0, 5.0, 5.0, 5.0, 5.0, 5.0, 5.0, 5.0, 5.0, 5.0, 5.0, 5.0, 5.0, 5.0, 5.0, 5.0, 5.0, 5.0, 5.0, 5.0, 5.0, 5.0, 5.0, 5.0, 5.0, 5.0, 5.0, 5.0, 5.0]"
0.10191182047128677,-0.056354820728302,0.2638722062110901,-3.310640811920166,1.8756605386734009,10.990697860717773,0.7636229991912842,0.49562588334083557,0.4138050675392151,6.9881672859191895,3.176459789276123,"[5.0, 5.0, 5.0, 5.0, 5.0, 5.0, 5.0, 5.0, 5.0, 5.0, 5.0, 5.0, 5.0, 5.0, 5.0, 5.0, 5.0, 5.0, 5.0, 5.0, 5.0, 5.0, 5.0, 5.0, 5.0, 5.0, 5.0, 5.0, 5.0, 5.0, 5.0, 5.0, 5.0, 5.0, 5.0, 5.0, 5.0, 5.0, 5.0, 5.0, 5.0, 5.0, 5.0, 5.0, 5.0, 5.0, 5.0, 5.0, 5.0, 5.0, 5.0, 5.0, 5.0, 5.0, 5.0, 5.0, 5.0, 5.0, 5.0, 5.0]"
0.1604481190443039,-0.07324935495853424,0.4529184103012085,-2.103581190109253,1.0937191247940063,10.34422492980957,0.8373173475265503,0.3059720993041992,0.4530789852142334,6.8405866622924805,3.4766454696655273,"[5.0, 5.0, 5.0, 5.0, 5.0, 5.0, 5.0, 5.0, 5.0, 5.0, 5.0, 5.0, 5.0, 5.0, 5.0, 5.0, 5.0, 5.0, 5.0, 5.0, 5.0, 5.0, 5.0, 5.0, 5.0, 5.0, 5.0, 5.0, 4.897680759429932, 4.804860591888428, 4.722423076629639, 4.649548053741455, 4.585535526275635, 4.529803276062012, 4.4818596839904785, 4.441294193267822, 4.40775203704834, 4.38097620010376, 4.360744953155518, 4.346892356872559, 4.339306354522705, 4.337935924530029, 4.342778205871582, 4.353861331939697, 4.371267318725586, 4.395138263702393, 4.425668239593506, 4.463095664978027, 4.507741451263428, 4.559986591339111, 4.620283126831055, 4.689160346984863, 4.767300128936768, 4.855437755584717, 4.954469680786133, 5.0, 5.0, 5.0, 5.0, 5.0]"
0.23324114084243774,-0.09075561910867691,0.7074810266494751,-0.9927831292152405,-0.7740888595581055,8.242432594299316,0.8803055882453918,0.14363396167755127,0.4521407186985016,6.835829734802246,3.465181827545166,"[5.0, 5.0, 5.0, 5.0, 5.0, 5.0, 5.0, 5.0, 5.0, 5.0, 5.0, 5.0, 5.0, 5.0, 5.0, 5.0, 5.0, 5.0, 5.0, 5.0, 5.0, 5.0, 5.0, 5.0, 4.931361198425293, 4.837972164154053, 4.755032539367676, 4.681691646575928, 4.61729097366333, 4.561206817626953, 4.512947082519531, 4.472114086151123, 4.438344955444336, 4.41138219833374, 4.391002655029297, 4.37703800201416, 4.369385242462158, 4.367990016937256, 4.372814655303955, 4.383938312530518, 4.4014105796813965, 4.425395965576172, 4.456071376800537, 4.493684768676758, 4.538572311401367, 4.591068267822266, 4.651673793792725, 4.720922946929932, 4.799447536468506, 4.888040542602539, 4.987574100494385, 5.0, 5.0, 5.0, 5.0, 5.0, 5.0, 5.0, 5.0, 5.0]"
0.32032114267349243,-0.11033748090267181,1.0597622394561768,-0.7283921241760254,-0.6816571950912476,5.748462677001953,0.8981771469116211,0.02369052544236183,0.4389946162700653,6.872791767120361,3.3579893112182617,"[5.0, 5.0, 5.0, 5.0, 5.0, 5.0, 5.0, 5.0, 5.0, 5.0, 5.0, 5.0, 5.0, 5.0, 5.0, 5.0, 5.0, 5.0, 5.0, 5.0, 5.0, 5.0, 5.0, 5.0, 4.986539840698242, 4.915843963623047, 4.854262828826904, 4.801263809204102, 4.756375312805176, 4.719203948974609, 4.689441680908203, 4.666842460632324, 4.651219367980957, 4.642454147338867, 4.64046573638916, 4.645249843597412, 4.656849384307861, 4.675337314605713, 4.700876235961914, 4.733673095703125, 4.773994445800781, 4.822183132171631, 4.878659725189209, 4.943940162658691, 5.0, 5.0, 5.0, 5.0, 5.0, 5.0, 5.0, 5.0, 5.0, 5.0, 5.0, 5.0, 5.0, 5.0, 5.0, 5.0]"
0.3797153830528259,-0.1165182888507843,1.4305014610290527,0.055257320404052734,1.227541208267212,3.1975672245025635,0.8919760584831238,-0.0458185039460659,0.4497544765472412,6.816189289093018,3.4323511123657227,"[5.0, 5.0, 5.0, 5.0, 5.0, 5.0, 5.0, 5.0, 5.0, 5.0, 5.0, 5.0, 5.0, 5.0, 5.0, 5.0, 5.0, 5.0, 5.0, 4.9877729415893555, 4.897488117218018, 4.817405700683594, 4.746761322021484, 4.684891223907471, 4.631241321563721, 4.585357666015625, 4.546822547912598, 4.515354156494141, 4.490680694580078, 4.472598552703857, 4.4609856605529785, 4.4557294845581055, 4.456818580627441, 4.464231967926025, 4.478048801422119, 4.498362064361572, 4.5253376960754395, 4.559197425842285, 4.600193500518799, 4.648696422576904, 4.7050933837890625, 4.769896507263184, 4.843684673309326, 4.927170753479004, 5.0, 5.0, 5.0, 5.0, 5.0, 5.0, 5.0, 5.0, 5.0, 5.0, 5.0, 5.0, 5.0, 5.0, 5.0, 5.0]"
0.44926267862319946,-0.08083835244178772,1.7358081340789795,1.1580406427383423,-0.2436513900756836,0.7670902013778687,0.8908882737159729,-0.06253005564212799,0.4498976171016693,6.7955451011657715,3.423320770263672,"[5.0, 5.0, 5.0, 5.0, 5.0, 5.0, 5.0, 5.0, 5.0, 5.0, 5.0, 5.0, 5.0, 5.0, 5.0, 5.0, 5.0, 5.0, 4.951345443725586, 4.8727498054504395, 4.803516387939453, 4.743006706237793, 4.6906819343566895, 4.646099090576172, 4.608898162841797, 4.578744411468506, 4.555421352386475, 4.538743019104004, 4.528576850891113, 4.5248260498046875, 4.527498245239258, 4.536574840545654, 4.552153587341309, 4.574360370635986, 4.603333950042725, 4.639345169067383, 4.6826629638671875, 4.733645439147949, 4.792741298675537, 4.860477447509766, 4.937448978424072, 5.0, 5.0, 5.0, 5.0, 5.0, 5.0, 5.0, 5.0, 5.0, 5.0, 5.0, 5.0, 5.0, 5.0, 5.0, 5.0, 5.0, 5.0, 5.0]"
0.5346625447273254,-0.010845065116882324,2.0392606258392334,1.669091820716858,-0.025715619325637817,-0.6080632209777832,0.8936431407928467,-0.04436314478516579,0.4465799629688263,6.78423547744751,3.3861138820648193,"[5.0, 5.0, 5.0, 5.0, 5.0, 5.0, 5.0, 5.0, 5.0, 5.0, 5.0, 5.0, 5.0, 5.0, 5.0, 5.0, 5.0, 5.0, 4.933125972747803, 4.871749401092529, 4.818758010864258, 4.773702144622803, 4.736173629760742, 4.705893039703369, 4.682616710662842, 4.6661529541015625, 4.656375408172607, 4.653212547302246, 4.6566267013549805, 4.666668891906738, 4.683393478393555, 4.7069549560546875, 4.737508296966553, 4.775321960449219, 4.820695877075195, 4.873999118804932, 4.9357075691223145, 5.0, 5.0, 5.0, 5.0, 5.0, 5.0, 5.0, 5.0, 5.0, 5.0, 5.0, 5.0, 5.0, 5.0, 5.0, 5.0, 5.0, 5.0, 5.0, 5.0, 5.0, 5.0, 5.0]"
0.6128634214401245,0.08440279960632324,2.277686595916748,2.0179338455200195,0.09101319313049316,-1.261712908744812,0.8956648111343384,-0.008060643449425697,0.4446565508842468,6.764440536499023,3.3580989837646484,"[5.0, 5.0, 5.0, 5.0, 5.0, 5.0, 5.0, 5.0, 5.0, 5.0, 5.0, 5.0, 5.0, 5.0, 5.0, 5.0, 4.973001956939697, 4.912225723266602, 4.8597822189331055, 4.81522798538208, 4.778194427490234, 4.748376369476318, 4.7255473136901855, 4.709534168243408, 4.700192451477051, 4.697484016418457, 4.701355457305908, 4.711852550506592, 4.729053497314453, 4.7530951499938965, 4.784154891967773, 4.822482585906982, 4.868395805358887, 4.922271251678467, 4.984556674957275, 5.0, 5.0, 5.0, 5.0, 5.0, 5.0, 5.0, 5.0, 5.0, 5.0, 5.0, 5.0, 5.0, 5.0, 5.0, 5.0, 5.0, 5.0, 5.0, 5.0, 5.0, 5.0, 5.0, 5.0, 5.0]"
0.7075044512748718,0.1976022720336914,2.426870822906494,2.2850582599639893,-0.5702922344207764,-1.4444880485534668,0.9009734392166138,0.035827379673719406,0.4323921203613281,6.77911901473999,3.250842571258545,"[5.0, 5.0, 5.0, 5.0, 5.0, 5.0, 5.0, 5.0, 5.0, 5.0, 5.0, 5.0, 5.0, 5.0, 5.0, 5.0, 5.0, 4.961623191833496, 4.925886154174805, 4.897541522979736, 4.876338481903076, 4.8621416091918945, 4.854824066162109, 4.854340553283691, 4.860683917999268, 4.873884201049805, 4.894065856933594, 4.921377182006836, 4.956033229827881, 4.998319149017334, 5.0, 5.0, 5.0, 5.0, 5.0, 5.0, 5.0, 5.0, 5.0, 5.0, 5.0, 5.0, 5.0, 5.0, 5.0, 5.0, 5.0, 5.0, 5.0, 5.0, 5.0, 5.0, 5.0, 5.0, 5.0, 5.0, 5.0, 5.0, 5.0, 5.0]"
0.8134424090385437,0.3198357820510864,2.5274782180786133,2.44376540184021,-0.6838716268539429,-1.3365401029586792,0.9071567058563232,0.07991737127304077,0.4131338596343994,6.813235759735107,3.0908868312835693,"[5.0, 5.0, 5.0, 5.0, 5.0, 5.0, 5.0, 5.0, 5.0, 5.0, 5.0, 5.0, 5.0, 5.0, 5.0, 5.0, 5.0, 5.0, 5.0, 5.0, 5.0, 5.0, 5.0, 5.0, 5.0, 5.0, 5.0, 5.0, 5.0, 5.0, 5.0, 5.0, 5.0, 5.0, 5.0, 5.0, 5.0, 5.0, 5.0, 5.0, 5.0, 5.0, 5.0, 5.0, 5.0, 5.0, 5.0, 5.0, 5.0, 5.0, 5.0, 5.0, 5.0, 5.0, 5.0, 5.0, 5.0, 5.0, 5.0, 5.0]"
0.925896942615509,0.44531959295272827,2.573429584503174,2.6028082370758057,-0.9028228521347046,-1.1150201559066772,0.9138237237930298,0.12073932588100433,0.38774728775024414,6.860220432281494,2.885800838470459,"[5.0, 5.0, 5.0, 5.0, 5.0, 5.0, 5.0, 5.0, 5.0, 5.0, 5.0, 5.0, 5.0, 5.0, 5.0, 5.0, 5.0, 5.0, 5.0, 5.0, 5.0, 5.0, 5.0, 5.0, 5.0, 5.0, 5.0, 5.0, 5.0, 5.0, 5.0, 5.0, 5.0, 5.0, 5.0, 5.0, 5.0, 5.0, 5.0, 5.0, 5.0, 5.0, 5.0, 5.0, 5.0, 5.0, 5.0, 5.0, 5.0, 5.0, 5.0, 5.0, 5.0, 5.0, 5.0, 5.0, 5.0, 5.0, 5.0, 5.0]"
1.0537798404693604,0.5635961294174194,2.563088893890381,2.6333816051483154,-1.3104091882705688,-0.7955331802368164,0.9225037097930908,0.15515555441379547,0.35343101620674133,6.9236273765563965,2.6158502101898193,"[5.0, 5.0, 5.0, 5.0, 5.0, 5.0, 5.0, 5.0, 5.0, 5.0, 5.0, 5.0, 5.0, 5.0, 5.0, 5.0, 5.0, 5.0, 5.0, 5.0, 5.0, 5.0, 5.0, 5.0, 5.0, 5.0, 5.0, 5.0, 5.0, 5.0, 5.0, 5.0, 5.0, 5.0, 5.0, 5.0, 5.0, 5.0, 5.0, 5.0, 5.0, 5.0, 5.0, 5.0, 5.0, 5.0, 5.0, 5.0, 5.0, 5.0, 5.0, 5.0, 5.0, 5.0, 5.0, 5.0, 5.0, 5.0, 5.0, 5.0]"
1.1986054182052612,0.6639670133590698,2.495584011077881,2.565156936645508,-1.6954965591430664,-0.4499278962612152,0.933284342288971,0.18106144666671753,0.31015637516975403,6.995509147644043,2.282249927520752,"[5.0, 5.0, 5.0, 5.0, 5.0, 5.0, 5.0, 5.0, 5.0, 5.0, 5.0, 5.0, 5.0, 5.0, 5.0, 5.0, 5.0, 5.0, 5.0, 5.0, 5.0, 5.0, 5.0, 5.0, 5.0, 5.0, 5.0, 5.0, 5.0, 5.0, 5.0, 5.0, 5.0, 5.0, 5.0, 5.0, 5.0, 5.0, 5.0, 5.0, 5.0, 5.0, 5.0, 5.0, 5.0, 5.0, 5.0, 5.0, 5.0, 5.0, 5.0, 5.0, 5.0, 5.0, 5.0, 5.0, 5.0, 5.0, 5.0, 5.0]"
1.3548692464828491,0.7382057905197144,2.3661930561065674,2.4543023109436035,-2.011441230773926,-0.09830129146575928,0.945321798324585,0.19747212529182434,0.2595594525337219,7.063596725463867,1.8984901905059814,"[5.0, 5.0, 5.0, 5.0, 5.0, 5.0, 5.0, 5.0, 5.0, 5.0, 5.0, 5.0, 5.0, 5.0, 5.0, 5.0, 5.0, 5.0, 5.0, 5.0, 5.0, 5.0, 5.0, 5.0, 5.0, 5.0, 5.0, 5.0, 5.0, 5.0, 5.0, 5.0, 5.0, 5.0, 5.0, 5.0, 5.0, 5.0, 5.0, 5.0, 5.0, 5.0, 5.0, 5.0, 5.0, 5.0, 5.0, 5.0, 5.0, 5.0, 5.0, 5.0, 5.0, 5.0, 5.0, 5.0, 5.0, 5.0, 5.0, 5.0]"
1.5139095783233643,0.7788490056991577,2.176387071609497,2.264756679534912,-2.227285623550415,0.24285976588726044,0.9574655294418335,0.20393286645412445,0.20413453876972198,7.116436004638672,1.4839584827423096,"[5.0, 5.0, 5.0, 5.0, 5.0, 5.0, 5.0, 5.0, 5.0, 5.0, 5.0, 5.0, 5.0, 5.0, 5.0, 5.0, 5.0, 5.0, 5.0, 5.0, 5.0, 5.0, 5.0, 5.0, 5.0, 5.0, 5.0, 5.0, 5.0, 5.0, 5.0, 5.0, 5.0, 5.0, 5.0, 5.0, 5.0, 5.0, 5.0, 5.0, 5.0, 5.0, 5.0, 5.0, 5.0, 5.0, 5.0, 5.0, 5.0, 5.0, 5.0, 5.0, 5.0, 5.0, 5.0, 5.0, 5.0, 5.0, 5.0, 5.0]"
1.6644794940948486,0.7822141051292419,1.9417524337768555,2.0385348796844482,-2.2754666805267334,0.5404793620109558,0.9684151411056519,0.2010442316532135,0.1474892795085907,7.145515441894531,1.0655401945114136,"[5.0, 5.0, 5.0, 5.0, 5.0, 5.0, 5.0, 5.0, 5.0, 5.0, 5.0, 5.0, 5.0, 5.0, 5.0, 5.0, 5.0, 5.0, 5.0, 5.0, 5.0, 5.0, 5.0, 5.0, 5.0, 5.0, 5.0, 5.0, 5.0, 5.0, 5.0, 5.0, 5.0, 5.0, 5.0, 5.0, 5.0, 5.0, 5.0, 5.0, 5.0, 5.0, 5.0, 5.0, 5.0, 5.0, 5.0, 5.0, 5.0, 5.0, 5.0, 5.0, 5.0, 5.0, 5.0, 5.0, 5.0, 5.0, 5.0, 5.0]"
1.7959043979644775,0.7510879039764404,1.6871755123138428,1.8348238468170166,-2.1394309997558594,0.7487049102783203,0.977165699005127,0.19077089428901672,0.0935593843460083,7.148189067840576,0.671726644039154,"[5.0, 5.0, 5.0, 5.0, 5.0, 5.0, 5.0, 5.0, 5.0, 5.0, 5.0, 5.0, 5.0, 5.0, 5.0, 5.0, 5.0, 5.0, 5.0, 5.0, 5.0, 5.0, 5.0, 5.0, 5.0, 5.0, 5.0, 5.0, 5.0, 5.0, 5.0, 5.0, 5.0, 5.0, 5.0, 5.0, 5.0, 5.0, 5.0, 5.0, 5.0, 5.0, 5.0, 5.0, 5.0, 5.0, 5.0, 5.0, 5.0, 5.0, 5.0, 5.0, 5.0, 5.0, 5.0, 5.0, 5.0, 5.0, 5.0, 5.0]"
1.901632308959961,0.689156174659729,1.4296895265579224,1.5601749420166016,-1.8468786478042603,0.8733973503112793,0.9834271669387817,0.17534789443016052,0.04608658328652382,7.127719879150391,0.3288416862487793,"[5.0, 5.0, 5.0, 5.0, 5.0, 5.0, 5.0, 5.0, 5.0, 5.0, 5.0, 5.0, 5.0, 5.0, 5.0, 5.0, 5.0, 5.0, 5.0, 5.0, 5.0, 5.0, 5.0, 5.0, 5.0, 5.0, 5.0, 5.0, 5.0, 5.0, 5.0, 5.0, 5.0, 5.0, 5.0, 5.0, 5.0, 5.0, 5.0, 5.0, 5.0, 5.0, 5.0, 5.0, 5.0, 5.0, 5.0, 5.0, 5.0, 5.0, 5.0, 5.0, 5.0, 5.0, 5.0, 5.0, 5.0, 5.0, 5.0, 5.0]"
1.9786219596862793,0.5974584221839905,1.1892609596252441,1.0705701112747192,-1.3093278408050537,0.9714885354042053,0.9876494407653809,0.1563439518213272,0.010246079415082932,7.091350078582764,0.072662353515625,"[5.0, 5.0, 5.0, 5.0, 5.0, 5.0, 5.0, 5.0, 5.0, 5.0, 5.0, 5.0, 5.0, 5.0, 5.0, 5.0, 5.0, 5.0, 5.0, 5.0, 5.0, 5.0, 5.0, 5.0, 5.0, 5.0, 5.0, 5.0, 5.0, 5.0, 5.0, 5.0, 5.0, 5.0, 5.0, 5.0, 5.0, 5.0, 5.0, 5.0, 5.0, 5.0, 5.0, 5.0, 5.0, 5.0, 5.0, 5.0, 5.0, 5.0, 5.0, 5.0, 5.0, 5.0, 5.0, 5.0, 5.0, 5.0, 5.0, 5.0]"
2.0273547172546387,0.4765336513519287,0.9911086559295654,0.2942929267883301,-0.4709389805793762,1.1003403663635254,0.9908813238143921,0.13452188670635223,-0.007606470957398415,7.049100399017334,-0.053620338439941406,"[5.0, 5.0, 5.0, 5.0, 5.0, 5.0, 5.0, 5.0, 5.0, 5.0, 5.0, 5.0, 5.0, 5.0, 5.0, 5.0, 5.0, 5.0, 5.0, 5.0, 5.0, 5.0, 5.0, 5.0, 5.0, 5.0, 5.0, 5.0, 5.0, 5.0, 5.0, 5.0, 5.0, 5.0, 5.0, 5.0, 5.0, 5.0, 5.0, 5.0, 5.0, 5.0, 5.0, 5.0, 5.0, 5.0, 5.0, 5.0, 5.0, 5.0, 5.0, 5.0, 5.0, 5.0, 5.0, 5.0, 5.0, 5.0, 5.0, 5.0]"
2.0532569885253906,0.33000415563583374,0.8373253345489502,-0.5909413695335388,0.42426198720932007,1.2829153537750244,0.9939475059509277,0.10972894728183746,-0.005254600662738085,7.008126258850098,-0.03682541847229004,"[5.0, 5.0, 5.0, 5.0, 5.0, 5.0, 5.0, 5.0, 5.0, 5.0, 5.0, 5.0, 5.0, 5.0, 5.0, 5.0, 5.0, 5.0, 5.0, 5.0, 5.0, 5.0, 5.0, 5.0, 5.0, 5.0, 5.0, 5.0, 5.0, 5.0, 5.0, 5.0, 5.0, 5.0, 5.0, 5.0, 5.0, 5.0, 5.0, 5.0, 5.0, 5.0, 5.0, 5.0, 5.0, 5.0, 5.0, 5.0, 5.0, 5.0, 5.0, 5.0, 5.0, 5.0, 5.0, 5.0, 5.0, 5.0, 5.0, 5.0]"
2.0638463497161865,0.1679324209690094,0.7162970900535583,-1.4249379634857178,1.121159553527832,1.4080173969268799,0.9965052008628845,0.0823717936873436,0.013853291049599648,6.967510223388672,0.09653222560882568,"[5.0, 5.0, 5.0, 5.0, 5.0, 5.0, 5.0, 5.0, 5.0, 5.0, 5.0, 5.0, 5.0, 5.0, 5.0, 5.0, 5.0, 5.0, 5.0, 5.0, 5.0, 5.0, 5.0, 5.0, 5.0, 5.0, 5.0, 5.0, 5.0, 5.0, 5.0, 5.0, 5.0, 5.0, 5.0, 5.0, 5.0, 5.0, 5.0, 5.0, 5.0, 5.0, 5.0, 5.0, 5.0, 5.0, 5.0, 5.0, 5.0, 5.0, 5.0, 5.0, 5.0, 5.0, 5.0, 5.0, 5.0, 5.0, 5.0, 5.0]"
2.065765380859375,0.0016493052244186401,0.6209649443626404,-2.1290361881256104,1.6209115982055664,1.4391577243804932,0.9975782632827759,0.05325576663017273,0.044734612107276917,6.921907424926758,0.30995917320251465,"[5.0, 5.0, 5.0, 5.0, 5.0, 5.0, 5.0, 5.0, 5.0, 5.0, 5.0, 5.0, 5.0, 5.0, 5.0, 5.0, 5.0, 5.0, 5.0, 5.0, 5.0, 5.0, 5.0, 5.0, 5.0, 5.0, 5.0, 5.0, 5.0, 5.0, 5.0, 5.0, 5.0, 5.0, 5.0, 5.0, 5.0, 5.0, 5.0, 5.0, 5.0, 5.0, 5.0, 5.0, 5.0, 5.0, 5.0, 5.0, 5.0, 5.0, 5.0, 5.0, 5.0, 5.0, 5.0, 5.0, 5.0, 5.0, 5.0, 5.0]"
2.0638885498046875,-0.15789897739887238,0.555884838104248,-2.57002854347229,1.9806113243103027,1.3497469425201416,0.9962534308433533,0.023705584928393364,0.08316703885793686,6.865970134735107,0.5730075836181641,"[5.0, 5.0, 5.0, 5.0, 5.0, 5.0, 5.0, 5.0, 5.0, 5.0, 5.0, 5.0, 5.0, 5.0, 5.0, 5.0, 5.0, 5.0, 5.0, 5.0, 5.0, 5.0, 5.0, 5.0, 5.0, 5.0, 5.0, 5.0, 5.0, 5.0, 5.0, 5.0, 5.0, 5.0, 5.0, 5.0, 5.0, 5.0, 5.0, 5.0, 5.0, 5.0, 5.0, 5.0, 5.0, 5.0, 5.0, 5.0, 5.0, 5.0, 5.0, 5.0, 5.0, 5.0, 5.0, 5.0, 5.0, 5.0, 5.0, 5.0]"
2.0619120597839355,-0.3005231022834778,0.5406829118728638,-2.6409523487091064,2.2106893062591553,1.0947400331497192,0.9920650720596313,-0.0035476614721119404,0.12567421793937683,6.796502590179443,0.8609714508056641,"[5.0, 5.0, 5.0, 5.0, 5.0, 5.0, 5.0, 5.0, 5.0, 5.0, 5.0, 5.0, 5.0, 5.0, 5.0, 5.0, 5.0, 5.0, 5.0, 5.0, 5.0, 5.0, 5.0, 5.0, 5.0, 5.0, 5.0, 5.0, 5.0, 5.0, 5.0, 5.0, 5.0, 5.0, 5.0, 5.0, 5.0, 5.0, 5.0, 5.0, 5.0, 5.0, 5.0, 5.0, 5.0, 5.0, 5.0, 5.0, 5.0, 5.0, 5.0, 5.0, 5.0, 5.0, 5.0, 5.0, 5.0, 5.0, 5.0, 5.0]"
2.0621933937072754,-0.418140709400177,0.615711510181427,-2.4153382778167725,2.3569817543029785,0.641671895980835,0.9851276278495789,-0.024282583966851234,0.17009855806827545,6.712106227874756,1.1586041450500488,"[5.0, 5.0, 5.0, 5.0, 5.0, 5.0, 5.0, 5.0, 5.0, 5.0, 5.0, 5.0, 5.0, 5.0, 5.0, 5.0, 5.0, 5.0, 5.0, 5.0, 5.0, 5.0, 5.0, 5.0, 5.0, 5.0, 5.0, 5.0, 5.0, 5.0, 5.0, 5.0, 5.0, 5.0, 5.0, 5.0, 5.0, 5.0, 5.0, 5.0, 5.0, 5.0, 5.0, 5.0, 5.0, 5.0, 5.0, 5.0, 5.0, 5.0, 5.0, 5.0, 5.0, 5.0, 5.0, 5.0, 5.0, 5.0, 5.0, 5.0]"
2.0675182342529297,-0.5042605996131897,0.7681840658187866,-1.9672050476074219,2.2901556491851807,0.023111820220947266,0.9764175415039062,-0.03408229351043701,0.21318276226520538,6.615263938903809,1.4434417486190796,"[5.0, 5.0, 5.0, 5.0, 5.0, 5.0, 5.0, 5.0, 5.0, 5.0, 5.0, 5.0, 5.0, 5.0, 5.0, 5.0, 5.0, 5.0, 5.0, 5.0, 5.0, 5.0, 5.0, 5.0, 5.0, 5.0, 5.0, 5.0, 5.0, 5.0, 5.0, 5.0, 5.0, 5.0, 5.0, 5.0, 5.0, 5.0, 5.0, 5.0, 5.0, 5.0, 5.0, 5.0, 5.0, 5.0, 5.0, 5.0, 5.0, 5.0, 5.0, 5.0, 5.0, 5.0, 5.0, 5.0, 5.0, 5.0, 5.0, 5.0]"
2.085350751876831,-0.5554770827293396,0.9323446750640869,-1.5379499197006226,1.7773637771606445,-0.6309362053871155,0.9682749509811401,-0.030855916440486908,0.24797426164150238,6.518402576446533,1.6685094833374023,"[5.0, 5.0, 5.0, 5.0, 5.0, 5.0, 5.0, 5.0, 5.0, 5.0, 5.0, 5.0, 5.0, 5.0, 5.0, 5.0, 5.0, 5.0, 5.0, 5.0, 5.0, 5.0, 5.0, 5.0, 5.0, 5.0, 5.0, 5.0, 5.0, 5.0, 5.0, 5.0, 5.0, 5.0, 5.0, 5.0, 5.0, 5.0, 5.0, 5.0, 5.0, 5.0, 5.0, 5.0, 5.0, 5.0, 5.0, 5.0, 5.0, 5.0, 5.0, 5.0, 5.0, 5.0, 5.0, 5.0, 5.0, 5.0, 5.0, 5.0]"
2.1231489181518555,-0.5758795142173767,1.0752850770950317,-1.2706117630004883,1.1163480281829834,-1.154335379600525,0.9625221490859985,-0.016212517395615578,0.2707176208496094,6.4342756271362305,1.809438705444336,"[5.0, 5.0, 5.0, 5.0, 5.0, 5.0, 5.0, 5.0, 5.0, 5.0, 5.0, 5.0, 5.0, 5.0, 5.0, 5.0, 5.0, 5.0, 5.0, 5.0, 5.0, 5.0, 5.0, 5.0, 5.0, 5.0, 5.0, 5.0, 5.0, 5.0, 5.0, 5.0, 5.0, 5.0, 5.0, 5.0, 5.0, 5.0, 5.0, 5.0, 5.0, 5.0, 5.0, 5.0, 5.0, 5.0, 5.0, 5.0, 5.0, 5.0, 5.0, 5.0, 5.0, 5.0, 5.0, 5.0, 5.0, 5.0, 5.0, 5.0]"
2.1824541091918945,-0.5754439830780029,1.177760124206543,-1.1745872497558594,0.43309664726257324,-1.4428083896636963,0.959781289100647,0.005493928212672472,0.2806945741176605,6.369849681854248,1.8628753423690796,"[5.0, 5.0, 5.0, 5.0, 5.0, 5.0, 5.0, 5.0, 5.0, 5.0, 5.0, 5.0, 5.0, 5.0, 5.0, 5.0, 5.0, 5.0, 5.0, 5.0, 5.0, 5.0, 5.0, 5.0, 5.0, 5.0, 5.0, 5.0, 5.0, 5.0, 5.0, 5.0, 5.0, 5.0, 5.0, 5.0, 5.0, 5.0, 5.0, 5.0, 5.0, 5.0, 5.0, 5.0, 5.0, 5.0, 5.0, 5.0, 5.0, 5.0, 5.0, 5.0, 5.0, 5.0, 5.0, 5.0, 5.0, 5.0, 5.0, 5.0]"
2.259840726852417,-0.5650559663772583,1.2350733280181885,-1.158259391784668,-0.16556958854198456,-1.4826135635375977,0.9597871899604797,0.02939027175307274,0.27918529510498047,6.325183868408203,1.8390231132507324,"[5.0, 5.0, 5.0, 5.0, 5.0, 5.0, 5.0, 5.0, 5.0, 5.0, 5.0, 5.0, 5.0, 5.0, 5.0, 5.0, 5.0, 5.0, 5.0, 5.0, 5.0, 5.0, 5.0, 5.0, 5.0, 5.0, 5.0, 5.0, 5.0, 5.0, 5.0, 5.0, 5.0, 5.0, 5.0, 5.0, 5.0, 5.0, 5.0, 5.0, 5.0, 5.0, 5.0, 5.0, 5.0, 5.0, 5.0, 5.0, 5.0, 5.0, 5.0, 5.0, 5.0, 5.0, 5.0, 5.0, 5.0, 5.0, 5.0, 5.0]"
2.3484013080596924,-0.5522404909133911,1.2531259059906006,-1.1665769815444946,-0.5819331407546997,-1.3534072637557983,0.961663544178009,0.051933303475379944,0.26926910877227783,6.294083118438721,1.759800672531128,"[5.0, 5.0, 5.0, 5.0, 5.0, 5.0, 5.0, 5.0, 5.0, 5.0, 5.0, 5.0, 5.0, 5.0, 5.0, 5.0, 5.0, 5.0, 5.0, 5.0, 5.0, 5.0, 5.0, 5.0, 5.0, 5.0, 5.0, 5.0, 5.0, 5.0, 5.0, 5.0, 5.0, 5.0, 5.0, 5.0, 5.0, 5.0, 5.0, 5.0, 5.0, 5.0, 5.0, 5.0, 5.0, 5.0, 5.0, 5.0, 5.0, 5.0, 5.0, 5.0, 5.0, 5.0, 5.0, 5.0, 5.0, 5.0, 5.0, 5.0]"
2.4409193992614746,-0.5407274961471558,1.2356818914413452,-1.1525193452835083,-0.8430570960044861,-1.1390434503555298,0.9645715355873108,0.07132156938314438,0.2539975643157959,6.269570827484131,1.646451473236084,"[5.0, 5.0, 5.0, 5.0, 5.0, 5.0, 5.0, 5.0, 5.0, 5.0, 5.0, 5.0, 5.0, 5.0, 5.0, 5.0, 5.0, 5.0, 5.0, 5.0, 5.0, 5.0, 5.0, 5.0, 5.0, 5.0, 5.0, 5.0, 5.0, 5.0, 5.0, 5.0, 5.0, 5.0, 5.0, 5.0, 5.0, 5.0, 5.0, 5.0, 5.0, 5.0, 5.0, 5.0, 5.0, 5.0, 5.0, 5.0, 5.0, 5.0, 5.0, 5.0, 5.0, 5.0, 5.0, 5.0, 5.0, 5.0, 5.0, 5.0]"
2.532198667526245,-0.5317730903625488,1.184646487236023,-1.1347233057022095,-1.0109902620315552,-0.9036726355552673,0.9680060148239136,0.08695248514413834,0.2353791743516922,6.24688196182251,1.5128929615020752,"[5.0, 5.0, 5.0, 5.0, 5.0, 5.0, 5.0, 5.0, 5.0, 5.0, 5.0, 5.0, 5.0, 5.0, 5.0, 5.0, 5.0, 5.0, 5.0, 5.0, 5.0, 5.0, 5.0, 5.0, 5.0, 5.0, 5.0, 5.0, 5.0, 5.0, 5.0, 5.0, 5.0, 5.0, 5.0, 5.0, 5.0, 5.0, 5.0, 5.0, 5.0, 5.0, 5.0, 5.0, 5.0, 5.0, 5.0, 5.0, 5.0, 5.0, 5.0, 5.0, 5.0, 5.0, 5.0, 5.0, 5.0, 5.0, 5.0, 5.0]"
2.6182658672332764,-0.5266202688217163,1.104828119277954,-1.1383585929870605,-1.0814268589019775,-0.6616528034210205,0.9715738296508789,0.09856656938791275,0.2152412235736847,6.222405910491943,1.3714642524719238,"[5.0, 5.0, 5.0, 5.0, 5.0, 5.0, 5.0, 5.0, 5.0, 5.0, 5.0, 5.0, 5.0, 5.0, 5.0, 5.0, 5.0, 5.0, 5.0, 5.0, 5.0, 5.0, 5.0, 5.0, 5.0, 5.0, 5.0, 5.0, 5.0, 5.0, 5.0, 5.0, 5.0, 5.0, 5.0, 5.0, 5.0, 5.0, 5.0, 5.0, 5.0, 5.0, 5.0, 5.0, 5.0, 5.0, 5.0, 5.0, 5.0, 5.0, 5.0, 5.0, 5.0, 5.0, 5.0, 5.0, 5.0, 5.0, 5.0, 5.0]"
2.695509910583496,-0.5269118547439575,1.0058550834655762,-1.1069279909133911,-1.0291533470153809,-0.39609670639038086,0.974926233291626,0.10582483559846878,0.1957540363073349,6.193076133728027,1.2362372875213623,"[5.0, 5.0, 5.0, 5.0, 5.0, 5.0, 5.0, 5.0, 5.0, 5.0, 5.0, 5.0, 5.0, 5.0, 5.0, 5.0, 5.0, 5.0, 5.0, 5.0, 5.0, 5.0, 5.0, 5.0, 5.0, 5.0, 5.0, 5.0, 5.0, 5.0, 5.0, 5.0, 5.0, 5.0, 5.0, 5.0, 5.0, 5.0, 5.0, 5.0, 5.0, 5.0, 5.0, 5.0, 5.0, 5.0, 5.0, 5.0, 5.0, 5.0, 5.0, 5.0, 5.0, 5.0, 5.0, 5.0, 5.0, 5.0, 5.0, 5.0]"
2.7617993354797363,-0.53326815366745,0.9007059335708618,-0.9993504881858826,-0.884244978427887,-0.12151692062616348,0.9778953194618225,0.10859441012144089,0.17868322134017944,6.157444477081299,1.1182281970977783,"[5.0, 5.0, 5.0, 5.0, 5.0, 5.0, 5.0, 5.0, 5.0, 5.0, 5.0, 5.0, 5.0, 5.0, 5.0, 5.0, 5.0, 5.0, 5.0, 5.0, 5.0, 5.0, 5.0, 5.0, 5.0, 5.0, 5.0, 5.0, 5.0, 5.0, 5.0, 5.0, 5.0, 5.0, 5.0, 5.0, 5.0, 5.0, 5.0, 5.0, 5.0, 5.0, 5.0, 5.0, 5.0, 5.0, 5.0, 5.0, 5.0, 5.0, 5.0, 5.0, 5.0, 5.0, 5.0, 5.0, 5.0, 5.0, 5.0, 5.0]"
2.817396402359009,-0.5448169112205505,0.7989991903305054,-0.8122511506080627,-0.7179164290428162,0.12499265372753143,0.9805076122283936,0.10733445733785629,0.1645718663930893,6.11614465713501,1.0204592943191528,"[5.0, 5.0, 5.0, 5.0, 5.0, 5.0, 5.0, 5.0, 5.0, 5.0, 5.0, 5.0, 5.0, 5.0, 5.0, 5.0, 5.0, 5.0, 5.0, 5.0, 5.0, 5.0, 5.0, 5.0, 5.0, 5.0, 5.0, 5.0, 5.0, 5.0, 5.0, 5.0, 5.0, 5.0, 5.0, 5.0, 5.0, 5.0, 5.0, 5.0, 5.0, 5.0, 5.0, 5.0, 5.0, 5.0, 5.0, 5.0, 5.0, 5.0, 5.0, 5.0, 5.0, 5.0, 5.0, 5.0, 5.0, 5.0, 5.0, 5.0]"
2.864182233810425,-0.5608169436454773,0.7027576565742493,-0.6072849631309509,-0.5989218950271606,0.33140015602111816,0.9829193949699402,0.10268377512693405,0.15272600948810577,6.070652484893799,0.938152551651001,"[5.0, 5.0, 5.0, 5.0, 5.0, 5.0, 5.0, 5.0, 5.0, 5.0, 5.0, 5.0, 5.0, 5.0, 5.0, 5.0, 5.0, 5.0, 5.0, 5.0, 5.0, 5.0, 5.0, 5.0, 5.0, 5.0, 5.0, 5.0, 5.0, 5.0, 5.0, 5.0, 5.0, 5.0, 5.0, 5.0, 5.0, 5.0, 5.0, 5.0, 5.0, 5.0, 5.0, 5.0, 5.0, 5.0, 5.0, 5.0, 5.0, 5.0, 5.0, 5.0, 5.0, 5.0, 5.0, 5.0, 5.0, 5.0, 5.0, 5.0]"
2.904230833053589,-0.5808054208755493,0.6105790138244629,-0.4494325518608093,-0.5244730710983276,0.490165650844574,0.9852212071418762,0.09530390799045563,0.14232413470745087,6.022329807281494,0.865938127040863,"[5.0, 5.0, 5.0, 5.0, 5.0, 5.0, 5.0, 5.0, 5.0, 5.0, 5.0, 5.0, 5.0, 5.0, 5.0, 5.0, 5.0, 5.0, 5.0, 5.0, 5.0, 5.0, 5.0, 5.0, 5.0, 5.0, 5.0, 5.0, 5.0, 5.0, 5.0, 5.0, 5.0, 5.0, 5.0, 5.0, 5.0, 5.0, 5.0, 5.0, 5.0, 5.0, 5.0, 5.0, 5.0, 5.0, 5.0, 5.0, 5.0, 5.0, 5.0, 5.0, 5.0, 5.0, 5.0, 5.0, 5.0, 5.0, 5.0, 5.0]"
2.939021110534668,-0.6037745475769043,0.5238103866577148,-0.35967203974723816,-0.43999749422073364,0.5928759574890137,0.9873202443122864,0.08598171919584274,0.1334381252527237,5.971457481384277,0.8040103316307068,"[5.0, 5.0, 5.0, 5.0, 5.0, 5.0, 5.0, 5.0, 5.0, 5.0, 5.0, 5.0, 5.0, 5.0, 5.0, 5.0, 5.0, 5.0, 5.0, 5.0, 5.0, 5.0, 5.0, 5.0, 5.0, 5.0, 5.0, 5.0, 5.0, 5.0, 5.0, 5.0, 5.0, 5.0, 5.0, 5.0, 5.0, 5.0, 5.0, 5.0, 5.0, 5.0, 5.0, 5.0, 5.0, 5.0, 5.0, 5.0, 5.0, 5.0, 5.0, 5.0, 5.0, 5.0, 5.0, 5.0, 5.0, 5.0, 5.0, 5.0]"
2.969630479812622,-0.6282654404640198,0.4459676742553711,-0.35262322425842285,-0.32540833950042725,0.644433856010437,0.9890592098236084,0.07550902664661407,0.12672755122184753,5.917952537536621,0.7560634613037109,"[5.0, 5.0, 5.0, 5.0, 5.0, 5.0, 5.0, 5.0, 5.0, 5.0, 5.0, 5.0, 5.0, 5.0, 5.0, 5.0, 5.0, 5.0, 5.0, 5.0, 5.0, 5.0, 5.0, 5.0, 5.0, 5.0, 5.0, 5.0, 5.0, 5.0, 5.0, 5.0, 5.0, 5.0, 5.0, 5.0, 5.0, 5.0, 5.0, 5.0, 5.0, 5.0, 5.0, 5.0, 5.0, 5.0, 5.0, 5.0, 5.0, 5.0, 5.0, 5.0, 5.0, 5.0, 5.0, 5.0, 5.0, 5.0, 5.0, 5.0]"
